event_id,customer_id,event_timestamp,event_type,channel,product_id,session_id,value
EVT0000001,CUST00001,2026-01-11 22:24:00,product_view,App,PRD0011,5924360c6d8bbc,0.506
EVT0000002,CUST00001,2026-01-14 14:12:00,live_stream_view,WeChat,PRD0009,4c999d9411e155,0.397
EVT0000003,CUST00001,2026-02-22 08:10:00,page_view,MiniProgram,PRD0012,bf671085d034c2,0.92
EVT0000004,CUST00001,2026-02-10 21:44:00,wishlist_add,MiniProgram,PRD0006,958881ba5d4eea,0.427
EVT0000005,CUST00001,2026-04-15 18:40:00,page_view,Tmall,PRD0017,ef92b4dc3215a3,0.387
EVT0000006,CUST00001,2026-06-30 13:06:00,product_view,App,PRD0007,affecc016bd518,0.102
EVT0000007,CUST00001,2026-02-18 14:34:00,store_visit,POS,PRD0016,f278c7c0322403,0.604
EVT0000008,CUST00001,2026-05-28 21:30:00,store_visit,Tmall,PRD0013,7488e59bb5332f,0.16
EVT0000009,CUST00001,2026-04-04 09:28:00,page_view,Douyin,PRD0002,f889f0ec9606c8,0.853
EVT0000010,CUST00001,2026-05-20 14:49:00,store_visit,MiniProgram,PRD0011,cc2f5f38934d6b,0.728
EVT0000011,CUST00001,2026-01-27 15:41:00,product_view,Douyin,PRD0018,7e6d70ba1faf3e,0.148
EVT0000012,CUST00001,2026-01-24 15:22:00,product_view,Tmall,PRD0006,ce7d29319ac40a,0.116
EVT0000013,CUST00001,2026-05-07 13:26:00,add_to_cart,POS,PRD0002,e3ecef072dd819,0.569
EVT0000014,CUST00002,2026-03-11 17:00:00,add_to_cart,WeChat,PRD0014,a55f8536c0cd38,0.537
EVT0000015,CUST00002,2026-02-04 14:43:00,product_view,POS,PRD0006,4c02cff5598548,0.558
EVT0000016,CUST00003,2026-06-02 21:39:00,wishlist_add,WeChat,PRD0010,de915cb9aa335a,0.865
EVT0000017,CUST00003,2026-03-27 08:44:00,page_view,POS,PRD0002,161911ebb00269,0.815
EVT0000018,CUST00003,2026-01-07 12:18:00,page_view,App,PRD0001,e483556df5497a,0.206
EVT0000019,CUST00003,2026-04-19 09:12:00,product_view,POS,PRD0003,ff51d57262c32f,0.996
EVT0000020,CUST00003,2026-03-16 16:52:00,store_visit,Douyin,PRD0009,51a42ee6766007,0.238
EVT0000021,CUST00003,2026-05-26 20:22:00,add_to_cart,WeChat,PRD0001,26f53daaf3aacc,0.613
EVT0000022,CUST00003,2026-05-15 09:54:00,store_visit,Douyin,PRD0009,7e7d2eb0ccf049,0.239
EVT0000023,CUST00003,2026-02-09 20:25:00,page_view,Tmall,PRD0010,da31aa579ce309,0.169
EVT0000024,CUST00003,2026-05-27 21:20:00,store_visit,WeChat,PRD0001,4f23c63dc34c12,0.898
EVT0000025,CUST00003,2026-02-19 21:32:00,add_to_cart,Douyin,PRD0003,af082717b3f9b6,0.399
EVT0000026,CUST00004,2026-04-16 14:06:00,page_view,Tmall,PRD0062,0d1b209506fc7a,0.986
EVT0000027,CUST00004,2026-02-01 08:39:00,coupon_click,App,PRD0068,5484ee25afb65d,0.474
EVT0000028,CUST00004,2026-06-06 09:41:00,add_to_cart,WeChat,PRD0018,0824f4e80091a9,0.665
EVT0000029,CUST00004,2026-04-29 16:26:00,coupon_click,Tmall,PRD0022,65fed426d09c4e,0.833
EVT0000030,CUST00004,2026-01-03 13:18:00,add_to_cart,Douyin,PRD0040,1063e3a3a1a630,0.695
EVT0000031,CUST00004,2026-02-05 18:04:00,add_to_cart,MiniProgram,PRD0021,2be5e1d09dd264,0.444
EVT0000032,CUST00004,2026-06-22 15:42:00,page_view,WeChat,PRD0038,df9f72805a3a7d,0.649
EVT0000033,CUST00004,2026-03-19 17:44:00,product_view,Douyin,PRD0036,6ee4a64dadc452,0.664
EVT0000034,CUST00004,2026-02-27 11:18:00,page_view,Tmall,PRD0059,39fdd36cb0a1a7,0.951
EVT0000035,CUST00004,2026-01-16 20:08:00,search,MiniProgram,PRD0043,2857ea1fa6697b,0.165
EVT0000036,CUST00004,2026-06-03 10:34:00,page_view,MiniProgram,PRD0072,735fd43d9e0668,0.708
EVT0000037,CUST00004,2026-06-05 16:21:00,wishlist_add,POS,PRD0071,11addfcbd18bae,0.701
EVT0000038,CUST00004,2026-02-19 20:18:00,page_view,Tmall,PRD0054,c938e906b2a3f2,0.35
EVT0000039,CUST00005,2026-05-17 12:22:00,page_view,Douyin,PRD0045,fb7a1fe3098e2a,0.893
EVT0000040,CUST00005,2026-02-05 10:50:00,coupon_click,App,PRD0044,506234b929c7cd,0.315
EVT0000041,CUST00005,2026-02-03 17:26:00,coupon_click,Douyin,PRD0040,0a79464f546676,0.681
EVT0000042,CUST00006,2026-04-14 22:53:00,product_view,App,PRD0049,6bddf74f81cfef,0.564
EVT0000043,CUST00006,2026-04-23 13:16:00,product_view,POS,PRD0037,3f65d71abf4442,0.928
EVT0000044,CUST00006,2026-03-20 09:03:00,page_view,MiniProgram,PRD0037,0f50716c7f2706,0.94
EVT0000045,CUST00006,2026-03-02 20:23:00,add_to_cart,App,PRD0051,0048780ab1691d,0.898
EVT0000046,CUST00006,2026-06-13 08:39:00,add_to_cart,WeChat,PRD0037,8a8c87b16924e1,0.451
EVT0000047,CUST00006,2026-03-23 08:12:00,page_view,Douyin,PRD0052,0360c3eba80420,0.319
EVT0000048,CUST00006,2026-03-20 17:18:00,store_visit,POS,PRD0048,0f6b48b6cc8ee9,0.746
EVT0000049,CUST00006,2026-04-20 17:20:00,product_view,MiniProgram,PRD0046,fd7e8f4a5c9fca,0.691
EVT0000050,CUST00007,2026-03-20 18:04:00,product_view,POS,PRD0038,18f53e6cbc92c6,0.88
EVT0000051,CUST00007,2026-02-08 20:00:00,add_to_cart,Tmall,PRD0060,9ef865e6a49a5d,0.186
EVT0000052,CUST00007,2026-06-28 22:59:00,product_view,MiniProgram,PRD0047,532c69bf075574,0.35
EVT0000053,CUST00007,2026-04-10 16:28:00,product_view,MiniProgram,PRD0046,d65fcbbcc639a8,0.56
EVT0000054,CUST00007,2026-05-15 09:45:00,add_to_cart,Douyin,PRD0042,a713b274416ece,0.203
EVT0000055,CUST00008,2026-05-23 21:16:00,product_view,WeChat,PRD0054,f6dd3404f32f3a,0.483
EVT0000056,CUST00008,2026-04-17 15:45:00,product_view,Douyin,PRD0045,6d54b78df5a597,0.345
EVT0000057,CUST00008,2026-04-15 20:16:00,page_view,WeChat,PRD0038,d4c0ab9d67ee44,0.464
EVT0000058,CUST00008,2026-06-26 19:33:00,product_view,Douyin,PRD0039,17b2bba6d51d01,0.986
EVT0000059,CUST00008,2026-05-23 09:52:00,coupon_click,Douyin,PRD0045,14aa2698ee0f1b,0.577
EVT0000060,CUST00008,2026-06-28 15:03:00,page_view,Douyin,PRD0049,4cbdf007f39e64,0.243
EVT0000061,CUST00008,2026-04-03 16:33:00,live_stream_view,MiniProgram,PRD0038,1f97acc94dddc4,0.435
EVT0000062,CUST00009,2026-01-29 18:20:00,page_view,POS,PRD0036,955c1bdc27c8f9,0.191
EVT0000063,CUST00009,2026-05-15 08:28:00,page_view,App,PRD0035,4c14d34f18b3b1,0.224
EVT0000064,CUST00009,2026-01-05 15:27:00,search,POS,PRD0019,0c0e14a5d691ad,0.816
EVT0000065,CUST00009,2026-03-16 21:52:00,live_stream_view,Douyin,PRD0033,d923b430eb41f7,0.332
EVT0000066,CUST00009,2026-05-28 13:23:00,search,MiniProgram,PRD0035,5fa40f50b57f9f,0.664
EVT0000067,CUST00009,2026-05-21 18:07:00,search,Tmall,PRD0021,0799ef37d96c3f,0.742
EVT0000068,CUST00009,2026-02-08 10:54:00,page_view,App,PRD0022,9fdbe325706946,0.365
EVT0000069,CUST00009,2026-02-16 17:21:00,add_to_cart,App,PRD0036,774556e870b2f1,0.805
EVT0000070,CUST00009,2026-06-04 09:11:00,page_view,App,PRD0019,59c6b03354908f,0.271
EVT0000071,CUST00010,2026-01-09 09:17:00,page_view,WeChat,PRD0018,da7dfee4adb4d3,0.488
EVT0000072,CUST00010,2026-02-20 15:56:00,add_to_cart,WeChat,PRD0012,b83b4125e94b19,0.118
EVT0000073,CUST00010,2026-01-31 20:37:00,add_to_cart,MiniProgram,PRD0014,93c6c8c4328ad6,0.514
EVT0000074,CUST00010,2026-06-11 09:59:00,wishlist_add,App,PRD0007,1f086c8283fed5,0.934
EVT0000075,CUST00010,2026-03-08 21:51:00,page_view,WeChat,PRD0015,b3d65f870a88c7,0.262
EVT0000076,CUST00010,2026-05-19 21:00:00,wishlist_add,MiniProgram,PRD0015,3419192b7f48a1,0.445
EVT0000077,CUST00010,2026-05-05 16:39:00,page_view,Douyin,PRD0005,82e91672976426,0.137
EVT0000078,CUST00011,2026-04-11 13:35:00,add_to_cart,MiniProgram,PRD0008,31bdb9b221f643,0.673
EVT0000079,CUST00011,2026-06-21 09:59:00,page_view,App,PRD0003,1338cdd3b73af9,0.553
EVT0000080,CUST00011,2026-03-25 14:21:00,store_visit,App,PRD0005,d17989d3957964,0.115
EVT0000081,CUST00011,2026-04-16 21:26:00,live_stream_view,MiniProgram,PRD0006,85910c17f2e4b2,0.978
EVT0000082,CUST00011,2026-01-07 13:15:00,product_view,POS,PRD0003,45be08b22b97d0,0.3
EVT0000083,CUST00011,2026-05-09 11:08:00,page_view,App,PRD0002,08bdd3ed921a4f,0.682
EVT0000084,CUST00011,2026-07-01 12:08:00,coupon_click,MiniProgram,PRD0014,ca107515cce01f,0.794
EVT0000085,CUST00011,2026-06-30 10:51:00,add_to_cart,WeChat,PRD0005,41a82deb47850b,0.186
EVT0000086,CUST00011,2026-05-15 19:26:00,product_view,Douyin,PRD0010,a21c6503dcd2b1,0.802
EVT0000087,CUST00011,2026-01-19 19:03:00,store_visit,MiniProgram,PRD0009,f8332abb676aab,0.672
EVT0000088,CUST00011,2026-06-04 16:27:00,product_view,App,PRD0015,e42c0713e77565,0.215
EVT0000089,CUST00011,2026-04-11 09:27:00,page_view,WeChat,PRD0009,16791217ba41ac,0.86
EVT0000090,CUST00011,2026-01-10 08:21:00,search,Douyin,PRD0009,ffabc9a46a6a71,0.696
EVT0000091,CUST00012,2026-04-25 18:45:00,add_to_cart,Tmall,PRD0030,bc8bcb1f21e3c6,0.59
EVT0000092,CUST00012,2026-01-21 11:39:00,add_to_cart,Douyin,PRD0034,a5d00c8beff1a4,0.865
EVT0000093,CUST00012,2026-06-08 19:03:00,product_view,Tmall,PRD0024,ddb8c8936e37e2,0.824
EVT0000094,CUST00012,2026-02-08 16:45:00,wishlist_add,MiniProgram,PRD0031,6b6e6c07e74dcd,0.485
EVT0000095,CUST00012,2026-05-13 21:45:00,page_view,Douyin,PRD0030,092b100efb1581,0.504
EVT0000096,CUST00012,2026-04-25 21:36:00,page_view,WeChat,PRD0031,96b9ac7902ec71,0.468
EVT0000097,CUST00013,2026-03-04 21:07:00,product_view,Douyin,PRD0007,e745c7c1ed33d2,0.249
EVT0000098,CUST00013,2026-01-29 13:25:00,wishlist_add,Douyin,PRD0009,203ca389358745,0.76
EVT0000099,CUST00013,2026-02-19 11:22:00,store_visit,WeChat,PRD0010,329aeca0eae2de,0.971
EVT0000100,CUST00013,2026-05-22 10:34:00,page_view,WeChat,PRD0005,e1913354de03ec,0.209
EVT0000101,CUST00013,2026-02-15 12:54:00,page_view,App,PRD0003,4176bb904c63c5,0.427
EVT0000102,CUST00013,2026-05-05 19:43:00,page_view,Douyin,PRD0006,a554296afac8fc,0.767
EVT0000103,CUST00013,2026-05-20 15:05:00,wishlist_add,POS,PRD0002,520eaca12fbfe4,0.443
EVT0000104,CUST00013,2026-05-07 15:10:00,page_view,App,PRD0015,210557569bf9c8,0.288
EVT0000105,CUST00014,2026-05-13 21:11:00,add_to_cart,MiniProgram,PRD0053,10a0cf984eb64e,0.845
EVT0000106,CUST00014,2026-04-04 15:01:00,product_view,Tmall,PRD0049,0935320e9b4647,0.101
EVT0000107,CUST00014,2026-06-12 10:15:00,search,POS,PRD0043,d6de516228577c,0.753
EVT0000108,CUST00014,2026-03-12 10:38:00,page_view,Douyin,PRD0039,b88ca4bdb99710,0.702
EVT0000109,CUST00014,2026-04-12 09:08:00,add_to_cart,POS,PRD0041,08bc63afebf61f,0.806
EVT0000110,CUST00014,2026-02-15 17:41:00,add_to_cart,MiniProgram,PRD0050,55cb872e0a2465,0.347
EVT0000111,CUST00014,2026-05-07 16:19:00,product_view,MiniProgram,PRD0051,0e7c5cfad08622,0.552
EVT0000112,CUST00014,2026-03-12 08:44:00,product_view,App,PRD0051,1513a48cdae4d6,0.214
EVT0000113,CUST00014,2026-01-02 13:22:00,search,WeChat,PRD0045,039dc112a3b32b,0.767
EVT0000114,CUST00014,2026-02-05 08:17:00,wishlist_add,App,PRD0050,cb2bbb13ef777d,0.885
EVT0000115,CUST00014,2026-01-31 13:50:00,product_view,MiniProgram,PRD0037,bc72177f3402a5,0.341
EVT0000116,CUST00014,2026-04-06 21:44:00,search,Douyin,PRD0037,22a49d8dd99eaf,0.323
EVT0000117,CUST00015,2026-03-20 22:52:00,wishlist_add,Tmall,PRD0056,cb36c1fd82cbbb,0.992
EVT0000118,CUST00015,2026-04-30 18:26:00,live_stream_view,MiniProgram,PRD0055,e4c34d010fdc92,0.508
EVT0000119,CUST00015,2026-06-22 13:21:00,coupon_click,Tmall,PRD0070,1f03865e224d3d,0.289
EVT0000120,CUST00015,2026-01-30 19:55:00,store_visit,MiniProgram,PRD0070,7029542f147d92,0.243
EVT0000121,CUST00015,2026-06-30 08:36:00,coupon_click,MiniProgram,PRD0066,0a61fb1bf2982b,0.128
EVT0000122,CUST00015,2026-01-02 12:42:00,add_to_cart,WeChat,PRD0072,424a1226b70cae,0.463
EVT0000123,CUST00015,2026-06-08 20:32:00,wishlist_add,WeChat,PRD0056,b06499d2316596,0.474
EVT0000124,CUST00015,2026-02-15 15:55:00,product_view,Tmall,PRD0059,5cb7506f716d9a,0.22
EVT0000125,CUST00015,2026-04-03 15:38:00,wishlist_add,Douyin,PRD0072,c6d0d6bbeca28a,0.218
EVT0000126,CUST00016,2026-01-15 22:50:00,add_to_cart,Tmall,PRD0054,0947f000e29c81,0.665
EVT0000127,CUST00016,2026-06-13 17:13:00,product_view,Tmall,PRD0048,0eb3290116982e,0.515
EVT0000128,CUST00016,2026-04-25 15:38:00,wishlist_add,Douyin,PRD0037,f0f086c9a93380,0.376
EVT0000129,CUST00016,2026-05-15 13:49:00,search,MiniProgram,PRD0037,63c870b9428ab0,0.397
EVT0000130,CUST00016,2026-01-08 10:28:00,coupon_click,Douyin,PRD0040,9cfe2b01725893,0.716
EVT0000131,CUST00016,2026-03-12 08:38:00,product_view,MiniProgram,PRD0039,685147d4002f05,0.74
EVT0000132,CUST00016,2026-05-06 20:48:00,product_view,Douyin,PRD0054,4b44e6a3d6a009,0.972
EVT0000133,CUST00016,2026-03-01 13:27:00,coupon_click,Tmall,PRD0042,b0b08d94c908b4,0.729
EVT0000134,CUST00017,2026-03-14 08:03:00,product_view,App,PRD0039,7b008f50f85fa6,0.625
EVT0000135,CUST00017,2026-01-02 14:14:00,add_to_cart,WeChat,PRD0039,fa087740c70db9,0.783
EVT0000136,CUST00017,2026-03-11 08:36:00,product_view,MiniProgram,PRD0047,f26c2cc959b02f,0.713
EVT0000137,CUST00017,2026-04-09 19:56:00,product_view,Douyin,PRD0037,3edbfc7c26625c,0.216
EVT0000138,CUST00017,2026-03-21 12:52:00,wishlist_add,Douyin,PRD0042,1c40976b15c601,0.853
EVT0000139,CUST00017,2026-02-24 13:34:00,add_to_cart,POS,PRD0041,1e470a375cb6e7,0.753
EVT0000140,CUST00017,2026-04-03 08:34:00,live_stream_view,Douyin,PRD0043,f4da6b0c981386,0.95
EVT0000141,CUST00017,2026-02-07 11:57:00,product_view,Douyin,PRD0042,00c4481868534e,0.919
EVT0000142,CUST00017,2026-03-20 16:13:00,product_view,MiniProgram,PRD0049,7a421f91096e41,0.469
EVT0000143,CUST00018,2025-12-31 12:44:00,page_view,WeChat,PRD0051,593f49ea3863a8,0.184
EVT0000144,CUST00018,2025-07-07 19:22:00,add_to_cart,Tmall,PRD0054,b2883e69be3b2c,0.291
EVT0000145,CUST00018,2025-08-21 16:12:00,coupon_click,Tmall,PRD0042,8f30b580ed5636,0.236
EVT0000146,CUST00019,2026-01-19 20:17:00,page_view,WeChat,PRD0070,224cc849fa429d,0.89
EVT0000147,CUST00019,2026-03-12 12:11:00,store_visit,App,PRD0063,f7552cf39bfb2f,0.284
EVT0000148,CUST00019,2026-04-27 21:39:00,search,MiniProgram,PRD0066,3e51c9d1e09825,0.692
EVT0000149,CUST00019,2026-06-01 12:01:00,page_view,App,PRD0070,035f69940961c7,0.159
EVT0000150,CUST00019,2026-01-10 13:53:00,store_visit,Tmall,PRD0059,1c0db9f5e2c513,0.783
EVT0000151,CUST00019,2026-04-14 16:39:00,product_view,MiniProgram,PRD0059,3010cb40f6fce8,0.636
EVT0000152,CUST00019,2026-03-07 20:22:00,add_to_cart,Douyin,PRD0070,0d111f47ff0d64,0.455
EVT0000153,CUST00019,2026-05-30 09:15:00,search,WeChat,PRD0068,2e92a68b26ec76,0.721
EVT0000154,CUST00019,2026-06-05 12:57:00,add_to_cart,Tmall,PRD0062,87d5b8060718e5,0.159
EVT0000155,CUST00019,2026-01-06 10:49:00,search,App,PRD0072,eed5bf3a89d8d8,0.122
EVT0000156,CUST00019,2026-04-01 20:15:00,page_view,App,PRD0071,f037825dabe854,0.121
EVT0000157,CUST00020,2026-05-17 10:59:00,product_view,Tmall,PRD0023,372761b648ee52,0.564
EVT0000158,CUST00020,2026-04-23 17:49:00,product_view,App,PRD0027,8ca0e292a8fb19,0.529
EVT0000159,CUST00020,2026-04-24 16:41:00,add_to_cart,App,PRD0028,fac3e5716f9607,0.467
EVT0000160,CUST00020,2026-01-29 14:28:00,page_view,Tmall,PRD0034,321b1a712a5bbf,0.728
EVT0000161,CUST00020,2026-03-28 11:33:00,page_view,Douyin,PRD0020,6c8cc6a35b50c3,0.135
EVT0000162,CUST00020,2026-06-22 09:02:00,page_view,WeChat,PRD0027,45247a6cd58439,0.614
EVT0000163,CUST00021,2026-03-22 17:47:00,add_to_cart,POS,PRD0025,5a4380090c3cec,0.284
EVT0000164,CUST00021,2026-04-08 21:28:00,page_view,App,PRD0035,4be6484f73f46d,0.209
EVT0000165,CUST00021,2026-03-19 14:06:00,page_view,Tmall,PRD0030,83609809a03eec,0.132
EVT0000166,CUST00021,2026-02-14 08:17:00,add_to_cart,Douyin,PRD0019,5d9d2d3f26471f,0.201
EVT0000167,CUST00021,2026-05-05 09:50:00,wishlist_add,Douyin,PRD0030,4de72cdb0f1162,0.667
EVT0000168,CUST00021,2026-01-15 20:17:00,product_view,POS,PRD0030,b4cadc426f10f1,0.474
EVT0000169,CUST00021,2026-01-16 19:05:00,product_view,MiniProgram,PRD0030,6bbe3b407d7d49,0.823
EVT0000170,CUST00021,2026-03-17 20:11:00,search,Tmall,PRD0024,a602905e6c903e,0.912
EVT0000171,CUST00021,2026-03-10 08:31:00,search,POS,PRD0019,84430c09593567,0.906
EVT0000172,CUST00021,2026-03-26 10:21:00,product_view,MiniProgram,PRD0019,921912372985d0,0.82
EVT0000173,CUST00021,2026-02-16 08:31:00,search,POS,PRD0021,6251db603dd6c7,0.526
EVT0000174,CUST00022,2026-04-24 15:36:00,add_to_cart,App,PRD0036,73bdf365c647dc,0.614
EVT0000175,CUST00022,2026-03-15 17:43:00,product_view,MiniProgram,PRD0035,9b40bfe4603d1e,0.567
EVT0000176,CUST00022,2026-03-24 18:49:00,product_view,Tmall,PRD0020,d4e09cabe03dd4,0.164
EVT0000177,CUST00022,2026-06-08 09:59:00,search,Douyin,PRD0023,1b2a2ab419b345,0.745
EVT0000178,CUST00022,2026-05-30 09:04:00,product_view,Tmall,PRD0020,241986e1dee823,0.665
EVT0000179,CUST00022,2026-02-10 18:06:00,search,POS,PRD0035,b575596d87b688,0.477
EVT0000180,CUST00022,2026-03-06 13:24:00,product_view,POS,PRD0020,437e11115c3146,0.402
EVT0000181,CUST00022,2026-06-24 17:12:00,search,Tmall,PRD0032,6116e5a211c257,0.461
EVT0000182,CUST00022,2026-05-22 16:00:00,product_view,MiniProgram,PRD0024,278bc9d732dc5c,0.146
EVT0000183,CUST00023,2026-06-24 17:06:00,wishlist_add,WeChat,PRD0045,845ef693823d27,0.119
EVT0000184,CUST00023,2026-03-13 18:41:00,page_view,App,PRD0045,d0b07c6e174c30,0.439
EVT0000185,CUST00023,2026-02-25 08:18:00,live_stream_view,App,PRD0051,3c9cf5a6a5d33c,0.62
EVT0000186,CUST00023,2026-04-13 21:46:00,store_visit,Tmall,PRD0043,88b02fe6a7580d,0.556
EVT0000187,CUST00023,2026-06-07 20:38:00,product_view,MiniProgram,PRD0051,7b1afa5a93336d,0.697
EVT0000188,CUST00023,2026-05-19 11:34:00,product_view,App,PRD0042,e8325e2b801b82,0.685
EVT0000189,CUST00023,2026-06-23 22:35:00,add_to_cart,Douyin,PRD0048,6a4704d9a8d1d7,0.573
EVT0000190,CUST00023,2026-05-21 08:04:00,add_to_cart,MiniProgram,PRD0051,e216d2d5902dd8,0.143
EVT0000191,CUST00023,2026-01-04 13:20:00,live_stream_view,Douyin,PRD0047,c0304137f89f24,0.838
EVT0000192,CUST00023,2026-05-11 19:10:00,product_view,App,PRD0047,10170798cc4015,0.254
EVT0000193,CUST00023,2026-07-01 18:07:00,product_view,MiniProgram,PRD0050,398438132bbb05,0.602
EVT0000194,CUST00023,2026-04-29 15:18:00,coupon_click,POS,PRD0050,547767400072ef,0.275
EVT0000195,CUST00023,2026-03-20 19:45:00,product_view,POS,PRD0052,c42384a5edaf75,0.347
EVT0000196,CUST00024,2026-04-03 22:06:00,live_stream_view,WeChat,PRD0018,a36cfccf1b1274,0.652
EVT0000197,CUST00024,2026-01-11 20:13:00,coupon_click,Tmall,PRD0065,39c8a2fe837539,0.687
EVT0000198,CUST00024,2026-02-19 21:37:00,page_view,MiniProgram,PRD0061,607097f401bd0c,0.694
EVT0000199,CUST00024,2026-01-20 08:27:00,page_view,POS,PRD0015,b7a53ae74e1b92,0.549
EVT0000200,CUST00024,2026-01-20 12:55:00,product_view,Tmall,PRD0019,dae652250764a2,0.79
EVT0000201,CUST00024,2026-04-24 13:52:00,page_view,Douyin,PRD0066,f2371755e64983,0.283
EVT0000202,CUST00024,2026-06-10 19:44:00,page_view,MiniProgram,PRD0043,34d6727064de4f,0.238
EVT0000203,CUST00024,2026-05-09 19:06:00,coupon_click,MiniProgram,PRD0015,d6225481ced34e,0.469
EVT0000204,CUST00024,2026-03-18 15:49:00,add_to_cart,Tmall,PRD0009,0588a99a4b0272,0.454
EVT0000205,CUST00024,2026-05-25 17:29:00,live_stream_view,POS,PRD0071,f4a7cc6793be0f,0.638
EVT0000206,CUST00024,2026-06-21 17:33:00,add_to_cart,App,PRD0021,8a16c46bb9ba53,0.512
EVT0000207,CUST00024,2026-06-26 21:09:00,page_view,Tmall,PRD0021,6d892123813d31,0.776
EVT0000208,CUST00024,2026-06-23 21:55:00,live_stream_view,POS,PRD0011,7c3c0d73231a57,0.798
EVT0000209,CUST00025,2026-06-03 20:01:00,wishlist_add,Douyin,PRD0049,a6033f3957aaac,0.492
EVT0000210,CUST00025,2026-02-08 19:49:00,product_view,POS,PRD0050,cc12f1bc9e192a,0.173
EVT0000211,CUST00025,2026-06-06 14:00:00,product_view,POS,PRD0048,3a8450fe2ba10b,0.831
EVT0000212,CUST00025,2026-03-23 08:24:00,add_to_cart,Douyin,PRD0047,55221af49691c1,0.995
EVT0000213,CUST00025,2026-04-07 13:49:00,product_view,POS,PRD0045,618db141677d22,0.109
EVT0000214,CUST00026,2026-03-15 21:34:00,product_view,MiniProgram,PRD0033,be7ad15bd32610,0.987
EVT0000215,CUST00026,2026-04-04 22:10:00,store_visit,POS,PRD0020,13c1ddc9fc94fa,0.954
EVT0000216,CUST00026,2026-05-27 09:15:00,store_visit,Tmall,PRD0032,95d8332c3cda22,0.991
EVT0000217,CUST00026,2026-02-26 13:03:00,search,WeChat,PRD0036,83ead5571e4dbd,0.745
EVT0000218,CUST00026,2026-03-24 21:57:00,live_stream_view,MiniProgram,PRD0036,2ce88524c78179,0.205
EVT0000219,CUST00026,2026-06-13 19:48:00,page_view,Douyin,PRD0023,6d66c14e4f6459,0.897
EVT0000220,CUST00026,2026-06-22 15:19:00,product_view,WeChat,PRD0027,5b1d09b3636498,0.338
EVT0000221,CUST00027,2025-08-19 21:47:00,product_view,Tmall,PRD0010,93af90a02bfe3d,0.934
EVT0000222,CUST00027,2025-07-12 08:50:00,live_stream_view,App,PRD0015,45537ea3533303,0.319
EVT0000223,CUST00027,2026-04-21 11:41:00,product_view,POS,PRD0004,0210fdd5c12237,0.455
EVT0000224,CUST00027,2026-06-30 12:18:00,wishlist_add,POS,PRD0005,c4b2de65999eb7,0.788
EVT0000225,CUST00028,2026-03-11 22:20:00,live_stream_view,WeChat,PRD0021,d9f5e7a6e4cbfa,0.485
EVT0000226,CUST00028,2026-06-15 17:20:00,store_visit,MiniProgram,PRD0034,9e32744b01c57b,0.636
EVT0000227,CUST00028,2026-02-23 16:34:00,product_view,Douyin,PRD0021,4905d427419557,0.367
EVT0000228,CUST00028,2026-04-08 17:02:00,page_view,App,PRD0032,e3714abfc5f65f,0.791
EVT0000229,CUST00029,2026-05-20 10:55:00,product_view,WeChat,PRD0029,1e2c6c97c69f0b,0.13
EVT0000230,CUST00029,2026-06-12 14:32:00,live_stream_view,Douyin,PRD0022,14047066fedc2a,0.464
EVT0000231,CUST00030,2026-04-25 14:36:00,live_stream_view,Tmall,PRD0072,0fd4348eda0ee9,0.285
EVT0000232,CUST00030,2026-03-09 15:11:00,product_view,POS,PRD0065,3a262452e19680,0.372
EVT0000233,CUST00030,2026-05-23 09:52:00,product_view,App,PRD0062,338c8b8069b338,0.712
EVT0000234,CUST00030,2026-03-03 13:00:00,live_stream_view,Tmall,PRD0070,ba185b7cf0b833,0.245
EVT0000235,CUST00031,2026-01-31 16:37:00,product_view,Douyin,PRD0067,ac43346b1ac111,0.701
EVT0000236,CUST00031,2026-02-18 13:29:00,store_visit,WeChat,PRD0060,fe04e7e5e7c360,0.151
EVT0000237,CUST00031,2026-06-11 20:51:00,product_view,WeChat,PRD0072,289d10f35aac18,0.897
EVT0000238,CUST00031,2026-04-22 13:42:00,coupon_click,App,PRD0056,f32da103b35fc7,0.727
EVT0000239,CUST00031,2026-04-22 22:35:00,search,Tmall,PRD0062,62a3e647ea661d,0.889
EVT0000240,CUST00031,2026-05-16 08:18:00,product_view,WeChat,PRD0070,d06638020b9755,0.283
EVT0000241,CUST00031,2026-04-28 19:03:00,page_view,WeChat,PRD0056,c9ad9fd5889d1a,0.254
EVT0000242,CUST00031,2026-06-02 16:05:00,live_stream_view,MiniProgram,PRD0060,67204ed14f5ca7,0.181
EVT0000243,CUST00031,2026-06-16 08:15:00,add_to_cart,App,PRD0061,086802aa793d80,0.827
EVT0000244,CUST00031,2026-02-02 13:07:00,page_view,App,PRD0058,0092eba96e53c6,0.604
EVT0000245,CUST00032,2026-04-06 19:54:00,store_visit,WeChat,PRD0045,2392c1e6a66280,0.649
EVT0000246,CUST00032,2026-01-22 11:12:00,product_view,App,PRD0052,08c6526e742fbc,0.117
EVT0000247,CUST00032,2026-03-22 10:07:00,product_view,WeChat,PRD0050,18b3ac6877f536,0.983
EVT0000248,CUST00032,2026-06-15 20:10:00,product_view,POS,PRD0043,69eb157b6db837,0.466
EVT0000249,CUST00032,2026-06-10 18:44:00,product_view,POS,PRD0039,507a7175854916,0.448
EVT0000250,CUST00032,2026-04-15 22:49:00,add_to_cart,WeChat,PRD0042,694b5a8afb92e9,0.938
EVT0000251,CUST00032,2026-03-28 15:24:00,wishlist_add,Douyin,PRD0047,03301befb604fa,0.252
EVT0000252,CUST00032,2026-04-21 14:15:00,live_stream_view,WeChat,PRD0042,5fec83f81c45b2,0.62
EVT0000253,CUST00032,2026-04-04 20:21:00,product_view,App,PRD0041,658e75af5a356a,0.666
EVT0000254,CUST00033,2026-01-27 11:34:00,store_visit,WeChat,PRD0058,8a86ae28f7c18c,0.368
EVT0000255,CUST00033,2026-03-16 10:38:00,page_view,Tmall,PRD0063,9a49780df257b8,0.341
EVT0000256,CUST00033,2026-03-04 12:14:00,product_view,WeChat,PRD0064,3eed9f3668757a,0.638
EVT0000257,CUST00033,2026-06-16 12:21:00,page_view,MiniProgram,PRD0066,28faa32f439cd2,0.396
EVT0000258,CUST00033,2026-03-21 17:55:00,page_view,App,PRD0064,c261642166ccc2,0.463
EVT0000259,CUST00033,2026-04-06 15:46:00,product_view,Tmall,PRD0064,69653ce8d93d3f,0.423
EVT0000260,CUST00033,2026-02-21 12:04:00,store_visit,WeChat,PRD0055,b828ec0f81f2c3,0.673
EVT0000261,CUST00033,2026-02-07 09:42:00,live_stream_view,POS,PRD0061,35cb8243398df6,0.102
EVT0000262,CUST00033,2026-04-11 20:17:00,page_view,Tmall,PRD0055,f266628bd9321a,0.821
EVT0000263,CUST00033,2026-01-02 16:31:00,wishlist_add,POS,PRD0070,9cf1dae266c7ef,0.323
EVT0000264,CUST00033,2026-01-06 12:47:00,product_view,App,PRD0066,f93f98edaf0cfb,0.365
EVT0000265,CUST00033,2026-04-26 17:10:00,add_to_cart,Douyin,PRD0069,e167faf0f096b1,0.133
EVT0000266,CUST00034,2026-05-02 13:50:00,product_view,MiniProgram,PRD0064,a998bbfe8ff790,0.853
EVT0000267,CUST00034,2025-08-03 12:40:00,page_view,WeChat,PRD0060,5764678d9bf688,0.599
EVT0000268,CUST00035,2026-03-24 11:58:00,coupon_click,Tmall,PRD0062,6721e5e817d86f,0.203
EVT0000269,CUST00036,2026-01-13 14:00:00,product_view,WeChat,PRD0011,5381d0bddd051c,0.924
EVT0000270,CUST00036,2026-05-29 08:32:00,add_to_cart,WeChat,PRD0001,14c401bd911fbb,0.461
EVT0000271,CUST00036,2026-01-15 14:42:00,add_to_cart,MiniProgram,PRD0004,5c6e5a6a7671ad,0.714
EVT0000272,CUST00036,2026-04-02 16:06:00,search,MiniProgram,PRD0009,6e2e10ebe43214,0.943
EVT0000273,CUST00036,2026-06-24 20:48:00,store_visit,Douyin,PRD0012,dd44e650c679b4,0.512
EVT0000274,CUST00036,2026-05-29 17:47:00,search,Tmall,PRD0013,c556289f2463d4,0.532
EVT0000275,CUST00036,2026-02-24 19:31:00,page_view,Tmall,PRD0002,62411caa4bc2b5,0.426
EVT0000276,CUST00036,2026-03-18 21:31:00,coupon_click,POS,PRD0014,db2d92a84d805f,0.221
EVT0000277,CUST00037,2026-03-05 15:00:00,page_view,WeChat,PRD0001,00c4ef4ed8ee18,0.338
EVT0000278,CUST00037,2026-06-27 08:11:00,product_view,WeChat,PRD0011,a7429a9a1472ea,0.158
EVT0000279,CUST00037,2026-01-27 16:04:00,search,WeChat,PRD0015,41e80c5d38183b,0.971
EVT0000280,CUST00037,2026-04-12 09:27:00,live_stream_view,POS,PRD0001,120cbdac47fbd0,0.373
EVT0000281,CUST00037,2026-02-25 08:33:00,page_view,MiniProgram,PRD0003,1149338a25cda4,0.466
EVT0000282,CUST00037,2026-01-27 20:46:00,product_view,Tmall,PRD0004,4759f93d866f73,0.949
EVT0000283,CUST00037,2026-02-21 08:16:00,product_view,POS,PRD0009,290288a218bf50,0.974
EVT0000284,CUST00037,2026-05-18 16:35:00,search,MiniProgram,PRD0003,504cd113b7e458,0.377
EVT0000285,CUST00037,2026-03-19 18:20:00,page_view,App,PRD0016,5b618d3a698f8c,0.659
EVT0000286,CUST00038,2026-03-11 08:24:00,page_view,Tmall,PRD0002,b39cde48829ad4,0.871
EVT0000287,CUST00038,2026-04-10 18:22:00,coupon_click,POS,PRD0012,b2d36af68158ae,0.3
EVT0000288,CUST00038,2026-05-18 13:26:00,product_view,POS,PRD0006,439a0a67ad8a66,0.731
EVT0000289,CUST00038,2026-01-12 19:09:00,product_view,App,PRD0003,4b44e11e6312a9,0.644
EVT0000290,CUST00038,2026-03-16 19:48:00,search,Tmall,PRD0013,a0e3bf98aa27ed,0.109
EVT0000291,CUST00038,2026-01-02 08:57:00,page_view,Douyin,PRD0002,0be0a7d8cd4f35,0.231
EVT0000292,CUST00038,2026-04-30 16:11:00,page_view,Douyin,PRD0012,70b9c5297c1dc0,0.151
EVT0000293,CUST00038,2026-01-19 12:13:00,coupon_click,MiniProgram,PRD0013,f6abe3e78c2a54,0.172
EVT0000294,CUST00038,2026-05-23 08:23:00,live_stream_view,App,PRD0010,529507d2e29a91,0.285
EVT0000295,CUST00038,2026-05-12 08:52:00,product_view,MiniProgram,PRD0011,dea4ab0129207a,0.81
EVT0000296,CUST00038,2026-04-26 13:40:00,product_view,POS,PRD0003,f94d8d80d22351,0.883
EVT0000297,CUST00038,2026-03-29 09:05:00,store_visit,Tmall,PRD0010,60c64946400515,0.923
EVT0000298,CUST00038,2026-01-11 19:20:00,page_view,MiniProgram,PRD0018,b721287fb525cb,0.476
EVT0000299,CUST00039,2026-02-04 22:07:00,page_view,POS,PRD0026,34f807aa2a8ba7,0.663
EVT0000300,CUST00039,2026-06-23 08:29:00,coupon_click,POS,PRD0019,45e8d1369dbd62,0.467
EVT0000301,CUST00039,2026-02-22 22:53:00,wishlist_add,POS,PRD0020,dee19bb06389f8,0.143
EVT0000302,CUST00039,2026-05-31 17:04:00,add_to_cart,WeChat,PRD0032,605f338e2c122a,0.254
EVT0000303,CUST00039,2026-02-21 11:09:00,product_view,MiniProgram,PRD0033,35d731c21b105a,0.303
EVT0000304,CUST00039,2026-04-14 08:14:00,product_view,Douyin,PRD0020,7d8db2d596ba3a,0.282
EVT0000305,CUST00039,2026-02-11 14:24:00,product_view,MiniProgram,PRD0020,3d1d416c9f7e9d,0.574
EVT0000306,CUST00039,2026-02-11 19:34:00,page_view,Tmall,PRD0023,e129b8a272b203,0.16
EVT0000307,CUST00039,2026-04-14 14:29:00,product_view,Douyin,PRD0019,579aa557dfaf9e,0.592
EVT0000308,CUST00039,2026-04-01 17:27:00,page_view,Tmall,PRD0035,6f1c77bd1faaf0,0.94
EVT0000309,CUST00039,2026-05-30 19:23:00,coupon_click,MiniProgram,PRD0027,5785eb23fdc1c2,0.189
EVT0000310,CUST00039,2026-06-19 16:08:00,wishlist_add,App,PRD0024,dcb545a4ed5bb5,0.522
EVT0000311,CUST00040,2026-03-13 21:51:00,add_to_cart,Tmall,PRD0007,f5afe2f30f4251,0.128
EVT0000312,CUST00040,2026-03-11 19:12:00,add_to_cart,POS,PRD0015,81b5714b00b147,0.505
EVT0000313,CUST00040,2026-05-25 09:33:00,store_visit,MiniProgram,PRD0017,47fb94194ee91f,0.811
EVT0000314,CUST00040,2026-03-03 08:30:00,live_stream_view,WeChat,PRD0003,33c87239de92e0,0.872
EVT0000315,CUST00041,2026-04-29 12:33:00,add_to_cart,MiniProgram,PRD0044,0f51e55d535058,0.12
EVT0000316,CUST00041,2026-06-28 22:41:00,coupon_click,WeChat,PRD0043,914a32307eb3e2,0.345
EVT0000317,CUST00041,2026-06-06 21:56:00,page_view,Tmall,PRD0048,919fd9b2f9c2e0,0.169
EVT0000318,CUST00041,2026-01-31 12:40:00,page_view,Tmall,PRD0054,365fc6a333147f,0.517
EVT0000319,CUST00041,2026-04-14 16:16:00,search,WeChat,PRD0040,2e0ae434c021f0,0.198
EVT0000320,CUST00041,2026-03-12 08:17:00,search,App,PRD0047,1079f683bfb32f,0.662
EVT0000321,CUST00041,2026-02-10 14:28:00,search,MiniProgram,PRD0038,41eac7a3bb0175,0.886
EVT0000322,CUST00041,2026-05-07 18:05:00,search,Douyin,PRD0042,28d890fcd5d402,0.257
EVT0000323,CUST00041,2026-01-28 08:25:00,page_view,App,PRD0053,c1ac160075aaf5,0.854
EVT0000324,CUST00042,2026-01-20 17:15:00,page_view,Tmall,PRD0008,de554c7eb34ee9,0.126
EVT0000325,CUST00042,2026-01-14 09:02:00,wishlist_add,App,PRD0010,85f696b98d144b,0.513
EVT0000326,CUST00042,2026-04-14 20:30:00,page_view,WeChat,PRD0003,80e2e7b78ef904,0.904
EVT0000327,CUST00042,2026-04-21 14:45:00,wishlist_add,Douyin,PRD0004,ba1b8334d37c5d,0.922
EVT0000328,CUST00042,2026-05-25 18:32:00,add_to_cart,WeChat,PRD0001,735dac28695a68,0.47
EVT0000329,CUST00042,2026-03-14 18:31:00,page_view,Douyin,PRD0013,b978cdea7864eb,0.289
EVT0000330,CUST00042,2026-04-18 20:43:00,wishlist_add,MiniProgram,PRD0005,6e8063c71d4a92,0.811
EVT0000331,CUST00042,2026-03-21 12:24:00,page_view,Douyin,PRD0006,779638dbdc23b2,0.198
EVT0000332,CUST00042,2026-06-14 11:45:00,store_visit,App,PRD0014,af451772f1b6ad,0.594
EVT0000333,CUST00042,2026-05-27 21:09:00,add_to_cart,Tmall,PRD0011,cae0db5b2e81ec,0.199
EVT0000334,CUST00043,2026-02-21 12:17:00,product_view,App,PRD0064,d3d4f120f18f19,0.845
EVT0000335,CUST00043,2026-01-28 20:47:00,add_to_cart,WeChat,PRD0068,b85ac7cedb928a,0.916
EVT0000336,CUST00043,2026-04-16 10:04:00,product_view,Douyin,PRD0063,0d6208bd988a2d,0.928
EVT0000337,CUST00044,2026-05-14 14:34:00,add_to_cart,App,PRD0051,181168cdd64e14,0.904
EVT0000338,CUST00044,2026-06-30 21:09:00,search,App,PRD0042,4e607b242575d3,0.778
EVT0000339,CUST00044,2026-01-26 19:13:00,product_view,MiniProgram,PRD0042,a71f22fd37285f,0.952
EVT0000340,CUST00044,2026-03-05 14:32:00,page_view,WeChat,PRD0044,b51631bc5802d9,0.291
EVT0000341,CUST00044,2026-03-23 14:33:00,add_to_cart,App,PRD0044,e49812eafcc30b,0.469
EVT0000342,CUST00044,2026-02-07 17:31:00,product_view,Tmall,PRD0040,7177e6eff258df,0.538
EVT0000343,CUST00044,2026-04-26 13:58:00,page_view,POS,PRD0052,f4710c0b392720,0.378
EVT0000344,CUST00044,2026-03-23 15:16:00,store_visit,MiniProgram,PRD0044,77f6423399515a,0.689
EVT0000345,CUST00045,2026-06-13 21:44:00,product_view,MiniProgram,PRD0015,3b8f23fd9b5466,0.719
EVT0000346,CUST00045,2026-02-08 16:19:00,page_view,POS,PRD0013,2b1408d621a4ba,0.792
EVT0000347,CUST00045,2026-01-14 17:01:00,product_view,POS,PRD0013,c23cc7d11eea71,0.49
EVT0000348,CUST00045,2026-02-03 18:31:00,page_view,MiniProgram,PRD0013,c5e4f28061505c,0.567
EVT0000349,CUST00045,2026-01-07 12:13:00,search,App,PRD0018,d1aeaee3060814,0.493
EVT0000350,CUST00045,2026-02-13 12:43:00,page_view,POS,PRD0015,6c9f94484151f0,0.366
EVT0000351,CUST00045,2026-04-06 20:21:00,add_to_cart,MiniProgram,PRD0013,02043d439b1d78,0.535
EVT0000352,CUST00045,2026-03-04 18:33:00,coupon_click,POS,PRD0007,6e7b1299a0f1f0,0.464
EVT0000353,CUST00045,2026-07-01 21:48:00,page_view,WeChat,PRD0013,e6160fb1a1c02e,0.767
EVT0000354,CUST00045,2026-03-16 16:08:00,product_view,POS,PRD0009,edba7b80904af2,0.369
EVT0000355,CUST00045,2026-05-24 11:40:00,store_visit,Douyin,PRD0007,20b08ba11fde53,0.404
EVT0000356,CUST00045,2026-01-29 09:54:00,page_view,WeChat,PRD0004,e12dc4d29b9069,0.818
EVT0000357,CUST00046,2026-03-07 16:50:00,wishlist_add,Douyin,PRD0072,c601f110c9352f,0.425
EVT0000358,CUST00046,2025-07-17 19:13:00,live_stream_view,WeChat,PRD0061,be54e2e70d3ec6,0.327
EVT0000359,CUST00046,2025-09-20 21:43:00,page_view,Douyin,PRD0069,ecebd670b1e0e3,0.594
EVT0000360,CUST00046,2025-10-01 20:31:00,page_view,App,PRD0072,0199d9e2335a26,0.861
EVT0000361,CUST00047,2026-04-09 11:45:00,wishlist_add,Douyin,PRD0065,d2a477ea115658,0.54
EVT0000362,CUST00047,2026-06-04 22:33:00,add_to_cart,MiniProgram,PRD0064,c200b622652202,0.857
EVT0000363,CUST00047,2026-04-29 13:18:00,page_view,Tmall,PRD0071,1f5241aef7d5c4,0.165
EVT0000364,CUST00048,2025-10-19 15:36:00,page_view,Douyin,PRD0069,8928f3dab8e28d,0.72
EVT0000365,CUST00048,2025-11-01 12:16:00,page_view,Tmall,PRD0058,73e3f54e1cfca2,0.762
EVT0000366,CUST00049,2026-05-28 11:16:00,search,WeChat,PRD0041,ca9dd54674f043,0.692
EVT0000367,CUST00049,2026-01-03 15:16:00,page_view,WeChat,PRD0043,9d1594fcef234b,0.428
EVT0000368,CUST00049,2026-04-06 12:45:00,coupon_click,POS,PRD0051,e5e76534e0775e,0.411
EVT0000369,CUST00049,2026-02-12 22:49:00,page_view,POS,PRD0037,5a0c41ade33e86,0.734
EVT0000370,CUST00049,2026-04-06 14:59:00,wishlist_add,MiniProgram,PRD0053,98a6ffc169deb9,0.554
EVT0000371,CUST00049,2026-01-07 18:39:00,search,App,PRD0041,121195ea17e390,0.82
EVT0000372,CUST00049,2026-06-26 16:51:00,store_visit,WeChat,PRD0050,3119f295f0733b,0.426
EVT0000373,CUST00049,2026-01-25 11:36:00,wishlist_add,App,PRD0045,15f0ee9c828afa,0.568
EVT0000374,CUST00050,2026-06-05 19:24:00,product_view,POS,PRD0036,a23a6248f9bb34,0.434
EVT0000375,CUST00050,2026-04-11 21:39:00,search,POS,PRD0026,b6d02b38f8263d,0.792
EVT0000376,CUST00050,2026-03-19 20:09:00,live_stream_view,POS,PRD0028,de603a8cf4a6e9,0.65
EVT0000377,CUST00050,2026-01-08 15:54:00,search,POS,PRD0035,adaa9af7ebcf62,0.351
EVT0000378,CUST00050,2026-01-21 08:12:00,product_view,POS,PRD0019,eb9cf96cecfa66,0.974
EVT0000379,CUST00050,2026-04-21 08:05:00,wishlist_add,Douyin,PRD0033,b8e52c4e523e62,0.475
EVT0000380,CUST00050,2026-01-23 13:02:00,product_view,Tmall,PRD0033,47b911ce82d4a8,0.7
EVT0000381,CUST00050,2026-05-18 20:07:00,page_view,MiniProgram,PRD0030,e02308910f50b6,0.725
EVT0000382,CUST00050,2026-03-23 19:00:00,add_to_cart,POS,PRD0035,93ee1286a584ad,0.689
EVT0000383,CUST00050,2026-01-02 21:29:00,coupon_click,Douyin,PRD0024,a5e947600bb62d,0.319
EVT0000384,CUST00050,2026-03-06 11:57:00,product_view,Douyin,PRD0019,419cbb75c541d4,0.651
EVT0000385,CUST00051,2026-03-11 22:45:00,product_view,App,PRD0070,4b6e8070101426,0.62
EVT0000386,CUST00051,2026-01-26 08:35:00,store_visit,MiniProgram,PRD0066,233afa59ba7094,0.212
EVT0000387,CUST00051,2026-02-18 11:17:00,add_to_cart,WeChat,PRD0012,3ef369ab2b0cec,0.676
EVT0000388,CUST00051,2026-01-02 20:06:00,product_view,Douyin,PRD0055,ae1389ebf75f34,0.437
EVT0000389,CUST00051,2026-04-11 14:35:00,product_view,App,PRD0017,a12836ccd5b959,0.69
EVT0000390,CUST00051,2026-03-03 19:45:00,product_view,WeChat,PRD0038,cd5e9971e29b1d,0.362
EVT0000391,CUST00051,2026-02-01 10:21:00,coupon_click,MiniProgram,PRD0052,587f6128e9e545,0.14
EVT0000392,CUST00051,2026-03-26 09:40:00,product_view,POS,PRD0048,2933db6408155d,0.889
EVT0000393,CUST00051,2026-02-10 13:47:00,wishlist_add,Tmall,PRD0015,437731ea77d99d,0.812
EVT0000394,CUST00051,2026-05-18 10:01:00,product_view,POS,PRD0060,4e6cb17099edd9,0.875
EVT0000395,CUST00051,2026-04-04 22:17:00,add_to_cart,POS,PRD0066,7011f17f83bc78,0.618
EVT0000396,CUST00051,2026-05-03 16:49:00,coupon_click,Tmall,PRD0055,ef740dcb8fef2a,0.879
EVT0000397,CUST00052,2026-04-06 20:38:00,add_to_cart,WeChat,PRD0023,e8ef9c2d88374a,0.555
EVT0000398,CUST00052,2026-03-14 17:28:00,page_view,Tmall,PRD0030,2fd217fcc9cb5a,0.436
EVT0000399,CUST00052,2026-06-11 14:15:00,product_view,Tmall,PRD0021,de3147dc5ef4a7,0.933
EVT0000400,CUST00052,2026-02-06 17:01:00,search,Tmall,PRD0028,875d86a7903161,0.809
EVT0000401,CUST00052,2026-03-13 19:51:00,page_view,POS,PRD0035,d572ed7759ad4e,0.828
EVT0000402,CUST00053,2026-01-05 11:27:00,search,App,PRD0069,b1162afd032d28,0.245
EVT0000403,CUST00053,2026-06-10 19:56:00,add_to_cart,POS,PRD0061,5a0a286294e217,0.37
EVT0000404,CUST00053,2026-02-25 13:23:00,page_view,WeChat,PRD0065,116d0973e47ad0,0.243
EVT0000405,CUST00053,2026-03-25 20:15:00,wishlist_add,MiniProgram,PRD0056,28cb47be38cad9,0.295
EVT0000406,CUST00053,2026-05-03 14:46:00,wishlist_add,Douyin,PRD0071,900a773efef7ff,0.438
EVT0000407,CUST00053,2026-04-21 11:35:00,product_view,Tmall,PRD0068,87ce35476fd8c4,0.892
EVT0000408,CUST00053,2026-05-19 21:16:00,page_view,MiniProgram,PRD0059,a3f750063a9ee9,0.341
EVT0000409,CUST00053,2026-04-13 14:44:00,live_stream_view,POS,PRD0068,b9279dc1025cfc,0.482
EVT0000410,CUST00054,2026-05-09 18:50:00,store_visit,Douyin,PRD0006,c2473e0310d262,0.443
EVT0000411,CUST00054,2026-01-05 22:43:00,page_view,Tmall,PRD0001,66d62a64783130,0.68
EVT0000412,CUST00054,2026-03-18 21:22:00,coupon_click,App,PRD0004,81bfbabb6b4e2e,0.296
EVT0000413,CUST00054,2026-04-30 11:45:00,page_view,WeChat,PRD0018,2887bb770483bc,0.674
EVT0000414,CUST00054,2026-02-03 12:14:00,product_view,POS,PRD0010,b089997c0f2bc6,0.481
EVT0000415,CUST00054,2026-02-07 21:26:00,coupon_click,WeChat,PRD0002,271d64c994a290,0.747
EVT0000416,CUST00054,2026-02-25 09:19:00,page_view,MiniProgram,PRD0008,ee2d5f473b9a96,0.682
EVT0000417,CUST00054,2026-02-09 18:34:00,product_view,Douyin,PRD0015,05edfc93793dff,0.857
EVT0000418,CUST00054,2026-04-11 14:02:00,page_view,Douyin,PRD0009,574594278263e8,0.649
EVT0000419,CUST00054,2026-02-13 16:20:00,search,App,PRD0005,a36b58e2673761,0.69
EVT0000420,CUST00054,2026-06-18 17:03:00,search,Tmall,PRD0014,c3df948e9c2143,0.774
EVT0000421,CUST00054,2026-01-07 13:35:00,product_view,App,PRD0006,b64ea99cd1693d,0.436
EVT0000422,CUST00054,2026-05-19 17:54:00,page_view,Douyin,PRD0013,a72dbd54c7d4fb,0.978
EVT0000423,CUST00055,2026-01-17 12:19:00,page_view,POS,PRD0056,2a2486d51bbfb5,0.973
EVT0000424,CUST00055,2026-05-12 21:45:00,wishlist_add,Tmall,PRD0058,b169e4fa1fca31,0.343
EVT0000425,CUST00055,2026-04-05 14:39:00,page_view,MiniProgram,PRD0061,8de4049c9298da,0.1
EVT0000426,CUST00055,2026-01-28 19:17:00,wishlist_add,MiniProgram,PRD0061,b822c82cce1208,0.715
EVT0000427,CUST00055,2026-04-04 18:36:00,coupon_click,MiniProgram,PRD0067,338b513561cbb7,0.331
EVT0000428,CUST00055,2026-02-03 08:20:00,product_view,Tmall,PRD0071,0c53c2e1878751,0.105
EVT0000429,CUST00055,2026-02-27 17:39:00,page_view,POS,PRD0055,a10f30b11c8ab2,0.426
EVT0000430,CUST00055,2026-02-09 20:11:00,product_view,WeChat,PRD0068,793c0dfb5f76b1,0.349
EVT0000431,CUST00056,2026-06-26 20:12:00,add_to_cart,WeChat,PRD0003,5d92645aa281ad,0.305
EVT0000432,CUST00056,2026-02-18 10:00:00,page_view,App,PRD0011,5b7c91da04f511,0.731
EVT0000433,CUST00056,2026-03-17 13:22:00,store_visit,WeChat,PRD0013,457e2821d53aed,0.285
EVT0000434,CUST00057,2026-03-27 20:45:00,product_view,MiniProgram,PRD0072,45602c29f09ed8,0.516
EVT0000435,CUST00057,2026-02-12 13:55:00,store_visit,MiniProgram,PRD0069,3a61462495ea5a,0.991
EVT0000436,CUST00057,2026-05-21 15:02:00,product_view,POS,PRD0067,4a73f5f9b4da42,0.453
EVT0000437,CUST00057,2026-04-24 12:04:00,wishlist_add,MiniProgram,PRD0060,05c1b221788c5d,0.483
EVT0000438,CUST00057,2026-01-17 11:04:00,product_view,POS,PRD0070,4e1d0ec8b8e546,0.493
EVT0000439,CUST00057,2026-05-03 13:37:00,page_view,POS,PRD0071,bf6a4fb94c9ed0,0.67
EVT0000440,CUST00057,2026-02-26 08:56:00,product_view,App,PRD0058,0ac95e08b80ca0,0.58
EVT0000441,CUST00057,2026-06-21 10:02:00,page_view,Douyin,PRD0062,af72f8e06114e1,0.101
EVT0000442,CUST00057,2026-02-14 15:39:00,store_visit,WeChat,PRD0056,dfd970ccbf23e9,0.385
EVT0000443,CUST00057,2026-03-17 21:51:00,coupon_click,Douyin,PRD0072,764b46e51191f1,0.226
EVT0000444,CUST00057,2026-06-16 09:02:00,store_visit,WeChat,PRD0066,d64d14bb58eac7,0.23
EVT0000445,CUST00057,2026-04-10 16:41:00,product_view,POS,PRD0058,a7e0133ac00509,0.435
EVT0000446,CUST00057,2026-03-04 21:50:00,live_stream_view,App,PRD0062,5645f92e61347d,0.757
EVT0000447,CUST00058,2026-04-03 11:11:00,coupon_click,POS,PRD0011,05c5a0efa2930d,0.662
EVT0000448,CUST00058,2026-05-18 14:28:00,page_view,MiniProgram,PRD0018,6db49bddd1a993,0.943
EVT0000449,CUST00058,2026-03-28 16:14:00,live_stream_view,Tmall,PRD0009,435abdf0a237ae,0.538
EVT0000450,CUST00058,2026-02-24 12:31:00,product_view,Douyin,PRD0011,1ff06c2f01b2dc,0.378
EVT0000451,CUST00058,2026-02-01 11:39:00,search,POS,PRD0001,05d0f6985aca7d,0.451
EVT0000452,CUST00058,2026-04-08 13:41:00,live_stream_view,POS,PRD0010,d9a4dcbc82c1ac,0.223
EVT0000453,CUST00058,2026-05-29 11:45:00,add_to_cart,POS,PRD0013,e9f8fffee01355,0.51
EVT0000454,CUST00058,2026-05-27 17:27:00,product_view,POS,PRD0013,f134f063a899e9,0.473
EVT0000455,CUST00059,2026-01-26 21:10:00,store_visit,Tmall,PRD0055,fd4424f30bee83,0.739
EVT0000456,CUST00059,2026-05-28 18:33:00,wishlist_add,Tmall,PRD0061,a709fa3a98599e,0.395
EVT0000457,CUST00059,2026-01-14 15:49:00,product_view,Douyin,PRD0060,240b0434f5fe3f,0.309
EVT0000458,CUST00059,2026-06-15 15:41:00,search,App,PRD0056,c861246a502667,0.165
EVT0000459,CUST00059,2026-06-03 13:50:00,page_view,POS,PRD0065,c386188d781ee2,0.828
EVT0000460,CUST00059,2026-05-30 09:07:00,page_view,POS,PRD0061,2dc3b552ecd343,0.736
EVT0000461,CUST00059,2026-06-03 11:11:00,page_view,WeChat,PRD0062,0b590dc30f57fe,0.451
EVT0000462,CUST00059,2026-04-23 15:30:00,product_view,Douyin,PRD0056,e3492cfb1f23fe,0.636
EVT0000463,CUST00060,2026-01-18 10:13:00,add_to_cart,App,PRD0054,f0887579ae7797,0.56
EVT0000464,CUST00060,2026-06-18 22:41:00,page_view,POS,PRD0042,58bb4a2ed64363,0.663
EVT0000465,CUST00060,2026-06-23 14:27:00,search,MiniProgram,PRD0037,e174a21857d09e,0.84
EVT0000466,CUST00060,2026-01-22 22:57:00,store_visit,App,PRD0041,e79241fe9be68c,0.441
EVT0000467,CUST00060,2026-04-01 20:41:00,page_view,App,PRD0042,93ab372fef9f4c,0.463
EVT0000468,CUST00060,2026-03-01 16:28:00,page_view,App,PRD0044,4ed2c51b96f8b3,0.271
EVT0000469,CUST00060,2026-06-22 21:30:00,wishlist_add,Tmall,PRD0041,1b2322688b7349,0.952
EVT0000470,CUST00060,2026-01-05 10:21:00,coupon_click,MiniProgram,PRD0052,5ed09d9607abed,0.346
EVT0000471,CUST00060,2026-01-11 17:15:00,search,POS,PRD0051,bfe01f86ebad20,0.875
EVT0000472,CUST00060,2026-03-30 09:40:00,page_view,App,PRD0042,a771a2801f37fe,0.67
EVT0000473,CUST00060,2026-02-06 14:03:00,add_to_cart,WeChat,PRD0043,28235830758c3f,0.687
EVT0000474,CUST00060,2026-05-14 15:54:00,product_view,Douyin,PRD0046,8bce270c73a479,0.844
EVT0000475,CUST00061,2026-05-10 14:18:00,product_view,Douyin,PRD0036,f93259a886bca5,0.529
EVT0000476,CUST00062,2026-02-10 14:27:00,product_view,App,PRD0020,5cf5a274802164,0.305
EVT0000477,CUST00063,2026-03-02 22:20:00,product_view,App,PRD0064,f95b64d6085c1a,0.142
EVT0000478,CUST00063,2026-03-19 17:52:00,product_view,Douyin,PRD0071,6498cbda1cdbd6,0.236
EVT0000479,CUST00063,2026-04-21 08:26:00,product_view,Douyin,PRD0068,b7089840d80ede,0.925
EVT0000480,CUST00063,2026-02-18 16:27:00,store_visit,MiniProgram,PRD0062,c4e528bdb184cf,0.587
EVT0000481,CUST00063,2026-05-27 19:27:00,product_view,POS,PRD0072,0b6a612376c6e7,0.14
EVT0000482,CUST00064,2026-03-31 20:48:00,page_view,MiniProgram,PRD0063,2575c5a7bf2213,0.963
EVT0000483,CUST00064,2026-01-10 15:56:00,wishlist_add,MiniProgram,PRD0065,15f32a6697a285,0.144
EVT0000484,CUST00064,2026-03-21 16:46:00,live_stream_view,MiniProgram,PRD0065,a2926f4bc507f5,0.228
EVT0000485,CUST00064,2026-05-12 20:14:00,page_view,App,PRD0071,b10670a25fc855,0.108
EVT0000486,CUST00064,2026-03-25 19:54:00,search,MiniProgram,PRD0069,68377d1f436048,0.801
EVT0000487,CUST00064,2026-01-28 16:06:00,product_view,Douyin,PRD0072,7fe4df5f008afd,0.128
EVT0000488,CUST00064,2026-06-06 12:31:00,coupon_click,POS,PRD0059,deb750c29b4620,0.17
EVT0000489,CUST00064,2026-05-23 20:40:00,page_view,App,PRD0064,aaa5cf9f08e948,0.571
EVT0000490,CUST00064,2026-04-26 10:03:00,page_view,Douyin,PRD0060,7093ae867f898c,1.0
EVT0000491,CUST00064,2026-04-02 08:20:00,product_view,WeChat,PRD0058,9fa83e88f11039,0.388
EVT0000492,CUST00064,2026-06-03 08:39:00,wishlist_add,POS,PRD0067,50a9c078e6870f,0.597
EVT0000493,CUST00065,2026-04-11 09:24:00,wishlist_add,WeChat,PRD0053,3dad1c9704dbea,0.315
EVT0000494,CUST00065,2026-01-08 15:41:00,store_visit,WeChat,PRD0050,9105dd50bc20af,0.564
EVT0000495,CUST00065,2026-06-10 18:31:00,product_view,MiniProgram,PRD0041,b9d9b24f94e239,0.479
EVT0000496,CUST00066,2026-01-23 09:22:00,product_view,Douyin,PRD0025,f00d2238ecfe64,0.604
EVT0000497,CUST00066,2026-01-25 10:07:00,coupon_click,MiniProgram,PRD0022,63ea146571c33f,0.544
EVT0000498,CUST00066,2026-06-25 19:18:00,page_view,MiniProgram,PRD0033,0252cd6674977e,0.811
EVT0000499,CUST00066,2026-06-05 14:06:00,coupon_click,App,PRD0034,5db1666ce8ace4,0.709
EVT0000500,CUST00066,2026-01-31 19:37:00,add_to_cart,WeChat,PRD0020,4efd61478ffdea,0.14
EVT0000501,CUST00066,2026-01-22 09:06:00,wishlist_add,Douyin,PRD0029,87536f2e983bfd,0.683
EVT0000502,CUST00066,2026-03-27 21:15:00,product_view,MiniProgram,PRD0027,5c0c555e8c4059,0.643
EVT0000503,CUST00066,2026-01-29 18:43:00,coupon_click,POS,PRD0030,d02415d9d3274c,0.848
EVT0000504,CUST00066,2026-01-15 11:27:00,page_view,MiniProgram,PRD0035,dbd4b9bef55b2e,0.148
EVT0000505,CUST00066,2026-04-08 19:34:00,add_to_cart,Tmall,PRD0022,10a44b6aa1e709,0.698
EVT0000506,CUST00067,2026-01-27 09:56:00,product_view,Tmall,PRD0016,b9b4410d3946df,0.876
EVT0000507,CUST00067,2026-03-20 21:17:00,product_view,Douyin,PRD0002,43fd373c198aa9,0.548
EVT0000508,CUST00067,2026-03-14 19:36:00,page_view,WeChat,PRD0001,ef9a77a63639ab,0.115
EVT0000509,CUST00067,2026-01-16 15:27:00,page_view,WeChat,PRD0005,8af43af0bb8046,0.704
EVT0000510,CUST00067,2026-01-05 17:38:00,product_view,POS,PRD0003,5699fac2c839ad,0.646
EVT0000511,CUST00067,2026-02-22 22:38:00,live_stream_view,Tmall,PRD0002,29ba9bf0f55ea7,0.239
EVT0000512,CUST00067,2026-03-16 14:45:00,add_to_cart,Tmall,PRD0006,89516b359afbf2,0.283
EVT0000513,CUST00067,2026-06-11 13:36:00,product_view,App,PRD0016,ec38eda5a444f2,0.174
EVT0000514,CUST00067,2026-02-21 19:07:00,product_view,Tmall,PRD0014,cf1afedb874f1d,0.777
EVT0000515,CUST00067,2026-05-19 18:16:00,product_view,Douyin,PRD0005,b5cd1e9765ce9c,0.409
EVT0000516,CUST00067,2026-06-11 19:20:00,live_stream_view,Tmall,PRD0007,e93f9208ec46b0,0.68
EVT0000517,CUST00068,2026-04-25 09:30:00,add_to_cart,Douyin,PRD0011,d03443c1345e77,0.39
EVT0000518,CUST00068,2026-02-09 17:22:00,add_to_cart,Tmall,PRD0012,adfdd499b877fb,0.668
EVT0000519,CUST00068,2026-03-20 18:46:00,page_view,POS,PRD0018,eca933cd063115,0.206
EVT0000520,CUST00068,2026-04-19 13:59:00,coupon_click,POS,PRD0010,8a0ea9b8f59e44,0.175
EVT0000521,CUST00068,2026-06-25 18:29:00,live_stream_view,MiniProgram,PRD0011,4f324bb05cb366,0.333
EVT0000522,CUST00068,2026-03-23 20:06:00,live_stream_view,Tmall,PRD0017,1235165dfedd7f,0.78
EVT0000523,CUST00068,2026-02-10 19:04:00,product_view,POS,PRD0017,ebda903a6dca45,0.716
EVT0000524,CUST00068,2026-06-09 13:15:00,store_visit,POS,PRD0018,e1c0ccd1ba9736,0.837
EVT0000525,CUST00068,2026-06-28 17:08:00,add_to_cart,Tmall,PRD0018,a8fa3d51b704f9,0.452
EVT0000526,CUST00069,2026-03-29 20:09:00,product_view,MiniProgram,PRD0058,eea0433a2bb586,0.371
EVT0000527,CUST00069,2026-03-20 22:18:00,product_view,POS,PRD0072,f68d017741b070,0.652
EVT0000528,CUST00069,2026-02-16 20:31:00,search,POS,PRD0061,1194c0660466a7,0.51
EVT0000529,CUST00069,2026-05-01 12:32:00,page_view,Douyin,PRD0062,1526594ced61d5,0.29
EVT0000530,CUST00069,2026-02-08 10:14:00,page_view,POS,PRD0063,a2d00c436b363f,0.466
EVT0000531,CUST00070,2026-04-06 13:30:00,coupon_click,App,PRD0031,747c0152a14bbb,0.598
EVT0000532,CUST00070,2026-04-21 18:39:00,product_view,MiniProgram,PRD0026,218762ec071330,0.453
EVT0000533,CUST00070,2026-04-16 11:17:00,page_view,App,PRD0026,6a70375d39fee4,0.876
EVT0000534,CUST00070,2026-04-02 11:13:00,add_to_cart,WeChat,PRD0029,d74bd218134611,0.935
EVT0000535,CUST00070,2026-06-30 19:51:00,page_view,WeChat,PRD0035,1a6d07d53be1c4,0.491
EVT0000536,CUST00071,2026-04-25 15:46:00,coupon_click,POS,PRD0027,d5e65a0e9440d7,0.602
EVT0000537,CUST00071,2026-01-24 21:33:00,add_to_cart,POS,PRD0023,c9d399f42a4d60,0.654
EVT0000538,CUST00071,2026-05-06 16:24:00,product_view,POS,PRD0020,7fa930b485b0f6,0.412
EVT0000539,CUST00072,2026-01-28 14:00:00,product_view,POS,PRD0006,9ee5c7cd750f4a,0.21
EVT0000540,CUST00072,2026-06-16 10:05:00,product_view,Tmall,PRD0011,6de2c29bb273a2,0.7
EVT0000541,CUST00072,2026-02-21 20:51:00,live_stream_view,MiniProgram,PRD0007,a53458b6f02e70,0.162
EVT0000542,CUST00072,2026-02-07 09:39:00,page_view,POS,PRD0005,2c714bda532b0e,0.606
EVT0000543,CUST00072,2026-03-06 10:22:00,product_view,WeChat,PRD0014,00ada273b169a4,0.492
EVT0000544,CUST00073,2026-03-10 21:02:00,page_view,App,PRD0033,4725086dd663c8,0.993
EVT0000545,CUST00073,2026-03-16 11:27:00,add_to_cart,Douyin,PRD0031,a8ef86c72dbb86,0.444
EVT0000546,CUST00073,2026-05-14 15:37:00,live_stream_view,MiniProgram,PRD0022,139656d17a76f9,0.982
EVT0000547,CUST00073,2026-01-11 13:22:00,coupon_click,Tmall,PRD0030,01ce186626ae4e,0.255
EVT0000548,CUST00074,2026-06-19 14:29:00,store_visit,POS,PRD0057,ea0ee2d27d6676,0.52
EVT0000549,CUST00074,2026-04-21 09:48:00,search,App,PRD0062,1499aef7c3f564,0.301
EVT0000550,CUST00074,2026-02-07 14:48:00,add_to_cart,Douyin,PRD0064,72384ed0f04ee4,0.834
EVT0000551,CUST00074,2026-06-01 19:38:00,product_view,MiniProgram,PRD0061,4a3d8e06a9ae83,0.49
EVT0000552,CUST00075,2026-02-02 12:19:00,store_visit,App,PRD0022,ced983b7365379,0.58
EVT0000553,CUST00075,2026-05-17 19:20:00,product_view,WeChat,PRD0028,df124c7bec64b0,0.156
EVT0000554,CUST00075,2026-02-04 19:32:00,coupon_click,WeChat,PRD0036,0e2a4da13fb9cb,0.132
EVT0000555,CUST00075,2026-01-17 16:45:00,search,Tmall,PRD0033,d8ffdbdb08f455,0.62
EVT0000556,CUST00075,2026-04-04 09:36:00,coupon_click,POS,PRD0034,4860ef42f7bf0c,0.768
EVT0000557,CUST00075,2026-02-07 14:50:00,product_view,POS,PRD0020,7b656192001f8d,0.692
EVT0000558,CUST00075,2026-03-17 19:34:00,search,WeChat,PRD0021,9ca37b693d1904,0.122
EVT0000559,CUST00075,2026-06-12 19:34:00,add_to_cart,MiniProgram,PRD0033,17760091065ec8,0.923
EVT0000560,CUST00075,2026-04-19 13:29:00,product_view,MiniProgram,PRD0034,04b1289ce9ab82,0.796
EVT0000561,CUST00075,2026-05-25 20:14:00,page_view,Tmall,PRD0020,0ae0a4a9e1d948,0.571
EVT0000562,CUST00075,2026-04-05 12:45:00,add_to_cart,MiniProgram,PRD0036,df47aa0b5625b4,0.381
EVT0000563,CUST00076,2026-01-25 16:21:00,product_view,POS,PRD0020,f938484d2dae69,0.457
EVT0000564,CUST00076,2026-03-21 18:49:00,add_to_cart,WeChat,PRD0026,5868b692658978,0.135
EVT0000565,CUST00076,2026-05-31 17:02:00,product_view,Tmall,PRD0033,d265160e05f0f1,0.511
EVT0000566,CUST00076,2026-02-22 10:23:00,product_view,POS,PRD0024,f279e4672ad880,0.904
EVT0000567,CUST00076,2026-03-20 18:59:00,page_view,MiniProgram,PRD0036,b8477091b54c41,0.992
EVT0000568,CUST00076,2026-05-15 16:25:00,page_view,Tmall,PRD0021,1020cb9fe7b8a0,0.714
EVT0000569,CUST00076,2026-03-02 10:50:00,product_view,App,PRD0033,abd11dc0a1fb7b,0.447
EVT0000570,CUST00076,2026-02-16 11:18:00,search,Tmall,PRD0022,af07227df8ac65,0.306
EVT0000571,CUST00076,2026-06-24 09:37:00,product_view,Tmall,PRD0032,46d98cba44ab1c,0.756
EVT0000572,CUST00076,2026-04-11 22:19:00,live_stream_view,Douyin,PRD0028,568eed8ade70ff,0.69
EVT0000573,CUST00076,2026-05-27 16:02:00,coupon_click,MiniProgram,PRD0036,be6f9845613908,0.787
EVT0000574,CUST00077,2026-04-26 08:35:00,wishlist_add,App,PRD0032,4e6005d9d6b361,0.872
EVT0000575,CUST00077,2026-04-21 21:39:00,coupon_click,MiniProgram,PRD0036,7a760468e6dfe3,0.691
EVT0000576,CUST00077,2026-02-23 15:26:00,add_to_cart,App,PRD0034,5aa14d043428ef,0.654
EVT0000577,CUST00077,2026-04-25 08:57:00,live_stream_view,App,PRD0021,c82b8d9ab1507c,0.783
EVT0000578,CUST00077,2026-03-11 17:22:00,product_view,Douyin,PRD0033,eadb3f0eced1aa,0.873
EVT0000579,CUST00077,2026-06-18 13:22:00,store_visit,Tmall,PRD0022,a9af7d1a528707,0.969
EVT0000580,CUST00077,2026-03-08 15:33:00,page_view,Douyin,PRD0030,2519c19964dfd1,0.476
EVT0000581,CUST00077,2026-01-21 17:03:00,search,POS,PRD0026,6e66a932d547ee,0.511
EVT0000582,CUST00078,2026-03-17 08:49:00,add_to_cart,WeChat,PRD0008,69a5ae7f739aff,0.647
EVT0000583,CUST00078,2026-06-13 11:45:00,product_view,WeChat,PRD0007,83733e0147bee0,0.198
EVT0000584,CUST00078,2026-02-20 13:35:00,search,Douyin,PRD0011,b91190883dfb1c,0.335
EVT0000585,CUST00078,2026-06-30 16:14:00,product_view,Douyin,PRD0010,45235400731d8c,0.673
EVT0000586,CUST00078,2026-05-08 19:20:00,page_view,MiniProgram,PRD0003,e9a05ecabcc6ff,0.342
EVT0000587,CUST00078,2026-05-01 14:38:00,live_stream_view,Tmall,PRD0002,5e6f1f5bb9635e,0.453
EVT0000588,CUST00079,2026-06-06 08:51:00,add_to_cart,MiniProgram,PRD0024,229bd1861878e5,0.27
EVT0000589,CUST00079,2026-05-21 15:45:00,page_view,WeChat,PRD0035,2b4d1927d2a6c7,0.486
EVT0000590,CUST00079,2026-06-14 12:57:00,page_view,POS,PRD0024,3d752af020a248,0.455
EVT0000591,CUST00079,2026-03-21 13:29:00,page_view,App,PRD0034,80bbe2b29d172d,0.51
EVT0000592,CUST00079,2026-05-12 10:36:00,product_view,WeChat,PRD0022,c3b48fa86e8327,0.858
EVT0000593,CUST00079,2026-04-01 22:15:00,product_view,MiniProgram,PRD0028,9e895ef1cf3603,0.759
EVT0000594,CUST00079,2026-02-12 11:19:00,coupon_click,MiniProgram,PRD0023,f10bbef33af247,0.383
EVT0000595,CUST00079,2026-06-17 22:21:00,page_view,Tmall,PRD0025,57a4e4a9adaedd,0.237
EVT0000596,CUST00079,2026-03-14 18:51:00,search,Douyin,PRD0025,36388c4caf6df4,0.636
EVT0000597,CUST00079,2026-01-14 19:09:00,page_view,App,PRD0031,ef47490ea05732,0.868
EVT0000598,CUST00079,2026-02-28 19:35:00,page_view,Douyin,PRD0020,8a38bcb04807e0,0.722
EVT0000599,CUST00080,2026-01-09 15:40:00,page_view,POS,PRD0024,9b5739d420f421,0.445
EVT0000600,CUST00080,2026-04-24 13:17:00,add_to_cart,MiniProgram,PRD0030,ffb2ffb7a6d825,0.175
EVT0000601,CUST00080,2026-06-14 16:10:00,store_visit,Tmall,PRD0032,9f415d5b6b59d0,0.506
EVT0000602,CUST00080,2026-02-21 09:00:00,search,App,PRD0019,4cf674ed23deb9,0.555
EVT0000603,CUST00080,2026-04-29 09:10:00,search,POS,PRD0031,ccdf7b6ade4052,0.123
EVT0000604,CUST00080,2026-02-04 14:39:00,page_view,App,PRD0032,8494e4889f8413,0.144
EVT0000605,CUST00080,2026-06-25 09:45:00,wishlist_add,Tmall,PRD0025,b1267368c74cfe,0.74
EVT0000606,CUST00080,2026-01-12 14:01:00,page_view,MiniProgram,PRD0031,51a01963875a3c,0.803
EVT0000607,CUST00080,2026-02-21 22:01:00,search,Tmall,PRD0021,373884ef2af64f,0.777
EVT0000608,CUST00080,2026-06-28 09:40:00,search,Douyin,PRD0029,276a8000a4bf1e,0.966
EVT0000609,CUST00080,2026-04-21 16:49:00,product_view,POS,PRD0031,29d3653604e5d9,0.629
EVT0000610,CUST00080,2026-05-08 08:24:00,page_view,Tmall,PRD0033,d21778dd892a82,0.594
EVT0000611,CUST00081,2026-01-23 20:11:00,page_view,WeChat,PRD0024,6f41764131c738,0.792
EVT0000612,CUST00081,2026-01-21 21:01:00,page_view,App,PRD0025,7c22c672baf098,0.21
EVT0000613,CUST00081,2026-01-11 22:53:00,add_to_cart,App,PRD0025,eeacd1968ac11d,0.323
EVT0000614,CUST00081,2026-06-04 21:05:00,store_visit,MiniProgram,PRD0022,368da6c50fe722,0.646
EVT0000615,CUST00081,2026-05-01 12:33:00,coupon_click,App,PRD0019,3b245bca745755,0.424
EVT0000616,CUST00081,2026-03-15 15:48:00,page_view,MiniProgram,PRD0021,871852fa18d801,0.17
EVT0000617,CUST00082,2026-05-08 22:33:00,page_view,Tmall,PRD0005,5ac8d9681c91e8,0.238
EVT0000618,CUST00082,2026-04-26 09:17:00,add_to_cart,MiniProgram,PRD0005,eefbfee27af168,0.542
EVT0000619,CUST00082,2026-03-28 18:41:00,store_visit,WeChat,PRD0005,37f9e10f9ce2a3,0.813
EVT0000620,CUST00082,2026-02-18 12:44:00,add_to_cart,App,PRD0002,29a6fa3e90b50f,0.929
EVT0000621,CUST00082,2026-03-12 15:38:00,search,Tmall,PRD0012,8c71b1f2870684,0.672
EVT0000622,CUST00082,2026-05-03 09:19:00,search,WeChat,PRD0003,808a4dd105f190,0.129
EVT0000623,CUST00083,2026-02-16 21:07:00,coupon_click,Douyin,PRD0034,9f0a1d5b49501f,0.172
EVT0000624,CUST00083,2026-04-26 22:28:00,page_view,App,PRD0032,7550f1463d0bf2,0.104
EVT0000625,CUST00083,2026-04-25 18:22:00,search,MiniProgram,PRD0027,735e338ca5e396,0.324
EVT0000626,CUST00084,2026-04-21 19:30:00,page_view,MiniProgram,PRD0013,edff591c82b75c,0.93
EVT0000627,CUST00084,2026-06-11 20:38:00,page_view,WeChat,PRD0016,f782825c7f1b91,0.266
EVT0000628,CUST00084,2026-05-09 09:36:00,product_view,Tmall,PRD0015,260bd044229013,0.231
EVT0000629,CUST00084,2026-04-17 19:47:00,product_view,Douyin,PRD0010,39e9bef5f0c83c,0.204
EVT0000630,CUST00084,2026-03-17 10:56:00,add_to_cart,App,PRD0009,9fd5fec6cfb259,0.861
EVT0000631,CUST00084,2026-04-13 15:45:00,page_view,App,PRD0009,7c000636fe010e,0.35
EVT0000632,CUST00084,2026-02-07 20:33:00,store_visit,Tmall,PRD0011,8f1fedeb39658a,0.359
EVT0000633,CUST00084,2026-02-17 17:33:00,page_view,POS,PRD0010,e922a2c15017d4,0.157
EVT0000634,CUST00084,2026-03-27 19:11:00,page_view,POS,PRD0008,77ac00c817b38e,0.963
EVT0000635,CUST00085,2026-04-16 16:09:00,store_visit,Douyin,PRD0020,d4bcb255205f27,0.961
EVT0000636,CUST00085,2025-10-04 12:17:00,page_view,WeChat,PRD0020,e8fa40544e6b69,0.509
EVT0000637,CUST00085,2025-09-20 20:43:00,search,Tmall,PRD0035,1d09a9aab67eb5,0.414
EVT0000638,CUST00086,2026-02-02 20:17:00,product_view,WeChat,PRD0002,5c1c69745759a0,0.525
EVT0000639,CUST00086,2026-03-16 17:56:00,store_visit,MiniProgram,PRD0009,4f3b749248eebf,0.493
EVT0000640,CUST00086,2026-04-01 21:53:00,search,Tmall,PRD0013,1886c11d936a6d,0.412
EVT0000641,CUST00087,2026-06-17 20:18:00,product_view,App,PRD0070,bce7ee74c71dad,0.192
EVT0000642,CUST00087,2026-03-01 12:02:00,page_view,App,PRD0071,2cb8a762b87773,0.365
EVT0000643,CUST00087,2026-04-27 10:13:00,store_visit,WeChat,PRD0056,4686b2375486b3,0.394
EVT0000644,CUST00087,2026-04-26 09:10:00,page_view,Tmall,PRD0067,bda8db0c07b6fc,0.263
EVT0000645,CUST00088,2026-06-23 21:14:00,product_view,Douyin,PRD0046,d5eb68e26b6133,0.317
EVT0000646,CUST00088,2025-11-03 20:00:00,product_view,MiniProgram,PRD0047,28df8529c70355,0.132
EVT0000647,CUST00088,2025-09-05 08:45:00,coupon_click,POS,PRD0053,9f33e4615aaca2,0.478
EVT0000648,CUST00088,2025-07-19 09:48:00,coupon_click,POS,PRD0039,3e7fc7b47bc79e,0.935
EVT0000649,CUST00088,2026-01-19 14:18:00,add_to_cart,Tmall,PRD0052,119c1b6adddba7,0.861
EVT0000650,CUST00089,2026-06-09 19:42:00,page_view,Douyin,PRD0058,b6d7f9984ccfe0,0.668
EVT0000651,CUST00089,2026-04-20 15:59:00,product_view,Tmall,PRD0060,340f6986370111,0.206
EVT0000652,CUST00089,2026-03-22 12:32:00,add_to_cart,Tmall,PRD0059,dc29d5915a6f2b,0.229
EVT0000653,CUST00090,2026-04-10 19:43:00,product_view,MiniProgram,PRD0016,ca80f9705b1712,0.778
EVT0000654,CUST00090,2026-02-21 18:14:00,wishlist_add,MiniProgram,PRD0016,922cb5797bf1dc,0.291
EVT0000655,CUST00090,2026-06-23 12:54:00,product_view,WeChat,PRD0016,cc3a563f02658e,0.806
EVT0000656,CUST00091,2026-01-21 08:33:00,coupon_click,WeChat,PRD0002,60853648bef18d,0.271
EVT0000657,CUST00091,2026-01-08 10:08:00,product_view,POS,PRD0015,92760799597bac,0.188
EVT0000658,CUST00091,2026-01-10 22:10:00,search,Tmall,PRD0006,8d1e1678ad722c,0.663
EVT0000659,CUST00091,2026-04-12 09:14:00,wishlist_add,WeChat,PRD0014,7934e76ff34117,0.255
EVT0000660,CUST00091,2026-06-26 14:28:00,search,POS,PRD0004,76aedcd9897e28,0.894
EVT0000661,CUST00091,2026-06-19 22:27:00,product_view,App,PRD0008,ef1a436e20607a,0.973
EVT0000662,CUST00091,2026-02-03 15:48:00,live_stream_view,Tmall,PRD0015,f9e4ab9e1a0c85,0.559
EVT0000663,CUST00091,2026-03-03 20:38:00,page_view,Tmall,PRD0009,6acacea9a638db,0.9
EVT0000664,CUST00091,2026-06-21 11:28:00,wishlist_add,App,PRD0018,076191253bc020,0.418
EVT0000665,CUST00091,2026-05-07 08:50:00,page_view,POS,PRD0013,93226f39c7f4d8,0.166
EVT0000666,CUST00091,2026-03-05 13:45:00,coupon_click,WeChat,PRD0018,5be47a74861130,0.268
EVT0000667,CUST00091,2026-02-11 10:08:00,wishlist_add,WeChat,PRD0018,1da1c015d85600,0.887
EVT0000668,CUST00091,2026-01-15 13:30:00,wishlist_add,Tmall,PRD0018,a2449f0fcf20a4,0.797
EVT0000669,CUST00092,2026-05-13 13:22:00,coupon_click,POS,PRD0010,a0cb0abad3eff2,0.537
EVT0000670,CUST00092,2026-02-02 08:49:00,product_view,Tmall,PRD0013,44761f42e4ad4b,0.135
EVT0000671,CUST00092,2026-02-02 10:05:00,page_view,App,PRD0010,e72b193cc631d6,0.637
EVT0000672,CUST00092,2026-04-27 21:13:00,page_view,Douyin,PRD0013,74d5ca0f22568c,0.281
EVT0000673,CUST00092,2026-04-18 22:53:00,store_visit,POS,PRD0006,57b99a4e65f1d6,0.443
EVT0000674,CUST00093,2026-04-01 11:55:00,live_stream_view,WeChat,PRD0023,3510f72d730275,0.993
EVT0000675,CUST00093,2026-04-03 22:26:00,add_to_cart,MiniProgram,PRD0026,745dec056abd79,0.155
EVT0000676,CUST00093,2026-04-13 15:10:00,search,POS,PRD0031,996a2f8696cd62,0.974
EVT0000677,CUST00093,2026-06-20 20:44:00,live_stream_view,MiniProgram,PRD0020,873e481f753272,0.965
EVT0000678,CUST00094,2026-04-27 22:43:00,product_view,WeChat,PRD0025,1abdac8b925f0d,0.763
EVT0000679,CUST00094,2026-02-06 10:34:00,search,MiniProgram,PRD0021,ce242fd568c1f7,0.193
EVT0000680,CUST00094,2026-04-03 09:43:00,wishlist_add,MiniProgram,PRD0026,11b06e0855db32,0.929
EVT0000681,CUST00094,2026-06-21 15:19:00,search,MiniProgram,PRD0022,85c3388f4153ca,0.199
EVT0000682,CUST00094,2026-01-11 09:27:00,product_view,POS,PRD0025,605e20b91a9f6b,0.855
EVT0000683,CUST00095,2026-06-08 13:34:00,add_to_cart,Douyin,PRD0008,8a989f67d69f8e,0.747
EVT0000684,CUST00095,2026-03-15 18:05:00,coupon_click,POS,PRD0009,e44226eda76304,0.161
EVT0000685,CUST00095,2026-01-23 15:08:00,live_stream_view,Douyin,PRD0010,2bd413aed006bb,0.159
EVT0000686,CUST00095,2026-07-01 11:28:00,store_visit,WeChat,PRD0013,571aff9f51774f,0.276
EVT0000687,CUST00095,2026-04-02 20:24:00,page_view,App,PRD0008,da7a1150239f20,0.659
EVT0000688,CUST00095,2026-01-14 20:02:00,product_view,App,PRD0003,c8bcfc52398e1e,0.857
EVT0000689,CUST00095,2026-04-08 17:34:00,add_to_cart,Tmall,PRD0010,af75794753c158,0.99
EVT0000690,CUST00095,2026-01-12 21:21:00,search,App,PRD0013,3c6af462206dde,0.163
EVT0000691,CUST00095,2026-02-15 22:01:00,search,Douyin,PRD0014,fcade5ca96abd5,0.947
EVT0000692,CUST00095,2026-05-14 17:35:00,coupon_click,WeChat,PRD0017,f8b136ab46a42e,0.534
EVT0000693,CUST00095,2026-01-06 11:54:00,add_to_cart,Tmall,PRD0006,580bff853c013c,0.523
EVT0000694,CUST00096,2026-06-09 17:18:00,add_to_cart,WeChat,PRD0062,7aac7ed9337957,0.151
EVT0000695,CUST00096,2026-05-17 12:34:00,search,POS,PRD0070,8979fe4417e370,0.199
EVT0000696,CUST00096,2026-07-01 14:00:00,page_view,App,PRD0056,16eb38a743b347,0.989
EVT0000697,CUST00096,2026-03-08 22:10:00,wishlist_add,App,PRD0055,6ec8cd7f3f790f,0.512
EVT0000698,CUST00096,2026-02-20 13:32:00,product_view,App,PRD0070,8dc046fcf4a760,0.728
EVT0000699,CUST00096,2026-05-19 09:51:00,coupon_click,Tmall,PRD0058,12a2ac2d61a1c8,0.977
EVT0000700,CUST00096,2026-04-19 18:38:00,add_to_cart,App,PRD0063,d7917b52abbee8,0.179
EVT0000701,CUST00096,2026-03-10 16:29:00,product_view,MiniProgram,PRD0060,de21afae2d69d8,0.875
EVT0000702,CUST00096,2026-05-10 14:40:00,product_view,Douyin,PRD0064,605548740a1a89,0.67
EVT0000703,CUST00096,2026-06-11 11:24:00,product_view,App,PRD0066,07b93a2d4d7a32,0.515
EVT0000704,CUST00096,2026-06-03 11:35:00,wishlist_add,WeChat,PRD0059,f99235c541c1f7,0.845
EVT0000705,CUST00097,2026-04-30 09:56:00,product_view,MiniProgram,PRD0066,3c4b1eb2b3d8d1,0.632
EVT0000706,CUST00097,2026-01-12 08:12:00,wishlist_add,WeChat,PRD0071,ecd9636021fbad,0.98
EVT0000707,CUST00097,2026-03-23 15:44:00,page_view,POS,PRD0063,14e3e46a687aa0,0.638
EVT0000708,CUST00097,2026-06-21 22:45:00,add_to_cart,Tmall,PRD0063,395bf9967126ba,0.942
EVT0000709,CUST00097,2026-06-13 15:03:00,page_view,POS,PRD0059,c43ea7520549a0,0.616
EVT0000710,CUST00097,2026-03-16 15:06:00,product_view,App,PRD0063,0d80718874b443,0.715
EVT0000711,CUST00097,2026-06-14 12:56:00,page_view,Tmall,PRD0064,8fabdba2ec3807,0.27
EVT0000712,CUST00097,2026-01-15 21:49:00,coupon_click,Tmall,PRD0056,d2acd6a27b5fe3,0.622
EVT0000713,CUST00097,2026-03-01 18:56:00,page_view,Tmall,PRD0061,6cbd85a88a5b06,0.53
EVT0000714,CUST00098,2026-06-29 10:13:00,page_view,App,PRD0026,0d28277942f6bc,0.342
EVT0000715,CUST00098,2026-05-16 15:13:00,product_view,App,PRD0030,6b55257a96fcdd,0.77
EVT0000716,CUST00098,2026-05-26 11:28:00,product_view,Douyin,PRD0029,ebf5f55749668e,0.72
EVT0000717,CUST00098,2026-01-05 19:35:00,wishlist_add,App,PRD0029,1b065d48914347,0.573
EVT0000718,CUST00098,2026-05-08 20:52:00,page_view,App,PRD0032,dc81baf85e7419,0.861
EVT0000719,CUST00098,2026-01-23 16:46:00,search,MiniProgram,PRD0036,08405fef3c1e18,0.392
EVT0000720,CUST00099,2026-06-09 13:12:00,search,App,PRD0045,40f827336b0a64,0.467
EVT0000721,CUST00099,2026-04-21 17:58:00,store_visit,App,PRD0038,b5ddc40629ea9a,0.147
EVT0000722,CUST00099,2026-06-23 22:13:00,add_to_cart,App,PRD0047,dc32f4662c2119,0.224
EVT0000723,CUST00099,2026-03-08 16:29:00,page_view,Douyin,PRD0049,00e319c40e5ca6,0.537
EVT0000724,CUST00099,2026-03-29 14:41:00,add_to_cart,MiniProgram,PRD0053,1c72f48c9f52f0,0.239
EVT0000725,CUST00100,2026-03-23 08:34:00,add_to_cart,POS,PRD0031,e5ad3fa4a511df,0.891
EVT0000726,CUST00100,2026-05-28 20:22:00,wishlist_add,App,PRD0034,9f8846925b650f,0.952
EVT0000727,CUST00100,2026-06-12 09:54:00,product_view,POS,PRD0022,34d2345b853d63,0.678
EVT0000728,CUST00100,2026-04-13 08:32:00,wishlist_add,Douyin,PRD0034,60952e2067d27d,0.764
EVT0000729,CUST00100,2026-05-02 14:59:00,add_to_cart,POS,PRD0019,91d2e277d25a7c,0.784
EVT0000730,CUST00100,2026-06-02 14:47:00,product_view,App,PRD0034,ebf39dbaa9a684,0.734
EVT0000731,CUST00100,2026-01-25 13:10:00,coupon_click,App,PRD0034,b3e959f619b125,0.334
EVT0000732,CUST00100,2026-01-21 11:52:00,page_view,WeChat,PRD0020,29e6963489b3a1,0.605
EVT0000733,CUST00100,2026-04-19 10:44:00,coupon_click,WeChat,PRD0033,92d368a9458ad4,0.4
EVT0000734,CUST00101,2026-04-06 14:00:00,search,POS,PRD0022,ceeeeb0e32d8e3,0.347
EVT0000735,CUST00101,2026-03-11 18:15:00,search,MiniProgram,PRD0025,be51184f4f41af,0.559
EVT0000736,CUST00101,2026-02-18 08:48:00,page_view,Douyin,PRD0019,2c11e4a36554fd,0.695
EVT0000737,CUST00101,2026-03-18 22:44:00,page_view,WeChat,PRD0029,c7dda0e546d89d,0.995
EVT0000738,CUST00101,2026-06-21 16:44:00,page_view,POS,PRD0021,76b8465925f860,0.795
EVT0000739,CUST00101,2026-05-31 12:02:00,add_to_cart,Douyin,PRD0028,3e5bd33b9a427e,0.878
EVT0000740,CUST00101,2026-02-22 22:39:00,wishlist_add,MiniProgram,PRD0035,037a5a04c55274,0.69
EVT0000741,CUST00101,2026-06-23 08:37:00,wishlist_add,MiniProgram,PRD0034,889359475dd72e,0.463
EVT0000742,CUST00102,2026-03-06 19:23:00,coupon_click,MiniProgram,PRD0016,27428859d93b11,0.532
EVT0000743,CUST00102,2026-03-31 18:12:00,product_view,POS,PRD0014,cc8e68f5c4d7a1,0.718
EVT0000744,CUST00102,2026-04-29 18:03:00,search,Tmall,PRD0018,b9fa05b0aedc14,0.58
EVT0000745,CUST00102,2026-02-11 09:24:00,product_view,POS,PRD0005,8609e38cf6cb14,0.229
EVT0000746,CUST00102,2026-01-31 11:18:00,store_visit,Douyin,PRD0007,35da99b5808a6e,0.446
EVT0000747,CUST00102,2026-01-24 10:00:00,store_visit,Tmall,PRD0006,f5a65a8b4337e2,0.487
EVT0000748,CUST00102,2026-02-27 17:38:00,search,WeChat,PRD0006,95467090acd9e5,0.652
EVT0000749,CUST00102,2026-04-24 09:37:00,product_view,App,PRD0014,7d3914ccac67c9,0.215
EVT0000750,CUST00102,2026-03-09 22:39:00,store_visit,Douyin,PRD0003,375a6f36195b13,0.498
EVT0000751,CUST00103,2026-05-28 08:24:00,add_to_cart,Tmall,PRD0009,bbe616ebb64bda,0.606
EVT0000752,CUST00103,2026-06-01 17:57:00,product_view,Tmall,PRD0002,48ba8bb13d4424,0.487
EVT0000753,CUST00103,2026-01-14 21:50:00,search,App,PRD0007,d35a6fa4323a5c,0.502
EVT0000754,CUST00103,2026-02-26 15:33:00,search,POS,PRD0016,90556cbe510d77,0.467
EVT0000755,CUST00103,2026-04-19 11:57:00,page_view,WeChat,PRD0011,461b821db44fd0,0.29
EVT0000756,CUST00103,2026-01-24 12:57:00,page_view,WeChat,PRD0005,3dc199e9d4910a,0.163
EVT0000757,CUST00103,2026-06-08 13:16:00,wishlist_add,POS,PRD0002,01e980de754b25,0.357
EVT0000758,CUST00103,2026-02-21 18:22:00,coupon_click,App,PRD0012,af52f86e78a541,0.562
EVT0000759,CUST00103,2026-06-11 22:49:00,page_view,WeChat,PRD0005,01dacad7e930b5,0.341
EVT0000760,CUST00103,2026-01-20 14:12:00,store_visit,Douyin,PRD0011,81bc793ff4f81c,0.461
EVT0000761,CUST00104,2026-06-19 11:04:00,page_view,App,PRD0042,7a27aad12709f6,0.696
EVT0000762,CUST00104,2026-04-08 15:38:00,store_visit,POS,PRD0043,fd6bae7d205c66,0.331
EVT0000763,CUST00104,2026-06-02 12:23:00,product_view,WeChat,PRD0050,dbd699a1b00f49,0.749
EVT0000764,CUST00104,2026-05-30 14:27:00,product_view,POS,PRD0054,cdd38bea8d1a62,0.267
EVT0000765,CUST00104,2026-01-28 13:30:00,page_view,POS,PRD0052,f391b4faa9ee7d,0.611
EVT0000766,CUST00104,2026-01-10 16:12:00,search,Douyin,PRD0040,9de896b16cfd4a,0.115
EVT0000767,CUST00104,2026-03-14 19:06:00,page_view,WeChat,PRD0051,193ee5b27f7519,0.893
EVT0000768,CUST00104,2026-06-21 12:34:00,store_visit,POS,PRD0044,ffd648300b024d,0.324
EVT0000769,CUST00104,2026-05-04 08:54:00,add_to_cart,Douyin,PRD0047,261eb6e9dff927,0.208
EVT0000770,CUST00104,2026-05-20 18:38:00,add_to_cart,POS,PRD0049,87b905a9fbbf8b,0.718
EVT0000771,CUST00104,2026-04-13 12:24:00,store_visit,Douyin,PRD0040,48b7f82ab71e34,0.216
EVT0000772,CUST00105,2026-04-19 10:06:00,search,Douyin,PRD0004,61f848cdea8010,0.17
EVT0000773,CUST00105,2026-01-27 14:25:00,wishlist_add,WeChat,PRD0008,3a02fcb9379ea0,0.996
EVT0000774,CUST00105,2026-01-09 16:44:00,add_to_cart,MiniProgram,PRD0004,2153076f10c718,0.414
EVT0000775,CUST00105,2026-02-11 16:56:00,store_visit,Tmall,PRD0004,e61f9497ec3051,0.342
EVT0000776,CUST00105,2026-01-28 11:47:00,live_stream_view,Tmall,PRD0005,d44e653c794e27,0.288
EVT0000777,CUST00105,2026-04-14 17:11:00,page_view,MiniProgram,PRD0001,16c39a930a6a96,0.407
EVT0000778,CUST00105,2026-04-13 08:24:00,coupon_click,WeChat,PRD0012,e6dbc0036dd6f4,0.921
EVT0000779,CUST00105,2026-04-07 10:15:00,product_view,MiniProgram,PRD0016,0bfe352e3e9273,0.746
EVT0000780,CUST00105,2026-03-07 19:38:00,search,Douyin,PRD0011,943f593aa1e52c,0.343
EVT0000781,CUST00105,2026-04-01 12:15:00,add_to_cart,MiniProgram,PRD0017,a395d7046e2a54,0.677
EVT0000782,CUST00105,2026-01-23 13:21:00,page_view,App,PRD0016,42c03579292f3b,0.551
EVT0000783,CUST00106,2026-04-16 21:47:00,page_view,WeChat,PRD0026,1817ee0420622e,0.274
EVT0000784,CUST00106,2026-06-24 15:58:00,coupon_click,MiniProgram,PRD0025,2546f56c5424e5,0.177
EVT0000785,CUST00106,2026-06-14 13:04:00,add_to_cart,MiniProgram,PRD0026,4caeae83306aff,0.377
EVT0000786,CUST00106,2026-05-23 22:33:00,page_view,Douyin,PRD0028,619a96975d8d7e,0.602
EVT0000787,CUST00106,2026-01-16 21:09:00,live_stream_view,POS,PRD0022,acf4c084460b04,0.956
EVT0000788,CUST00107,2026-05-24 10:14:00,product_view,MiniProgram,PRD0023,8a31506769c867,0.131
EVT0000789,CUST00107,2026-02-10 17:34:00,store_visit,Tmall,PRD0035,cb67bb650c5826,0.316
EVT0000790,CUST00107,2026-05-29 08:18:00,wishlist_add,App,PRD0028,b749bb2a7bdb1e,0.257
EVT0000791,CUST00107,2026-07-01 19:35:00,product_view,POS,PRD0024,eb2e5777277b6c,0.324
EVT0000792,CUST00107,2026-03-24 21:58:00,search,Tmall,PRD0030,56f7568baa864d,0.273
EVT0000793,CUST00107,2026-04-16 09:52:00,wishlist_add,Douyin,PRD0024,62ba3a175364d9,0.71
EVT0000794,CUST00107,2026-02-07 18:13:00,coupon_click,MiniProgram,PRD0019,14feb207f98db3,0.469
EVT0000795,CUST00107,2026-02-22 19:16:00,store_visit,WeChat,PRD0030,12fff6dfc881b6,0.447
EVT0000796,CUST00107,2026-06-18 08:44:00,add_to_cart,App,PRD0032,ec59d42e736170,0.914
EVT0000797,CUST00107,2026-06-22 19:18:00,wishlist_add,WeChat,PRD0032,b95517c67c8bd8,0.666
EVT0000798,CUST00107,2026-04-01 13:52:00,search,MiniProgram,PRD0020,ee06edc4846782,0.687
EVT0000799,CUST00108,2026-04-03 09:08:00,page_view,WeChat,PRD0035,069d786b092e03,0.348
EVT0000800,CUST00108,2026-06-01 21:49:00,live_stream_view,POS,PRD0035,bc7c96ec60ca64,0.471
EVT0000801,CUST00108,2026-04-19 08:09:00,page_view,Douyin,PRD0031,46c92a6466dab4,0.465
EVT0000802,CUST00108,2026-04-06 16:53:00,page_view,MiniProgram,PRD0032,7e9b1a724805a6,0.474
EVT0000803,CUST00109,2026-01-11 18:49:00,product_view,Douyin,PRD0008,d31b82bbcd52e0,0.686
EVT0000804,CUST00109,2026-05-12 09:16:00,page_view,MiniProgram,PRD0017,655f2291e63557,0.521
EVT0000805,CUST00109,2026-04-16 22:11:00,wishlist_add,Tmall,PRD0008,77a562d4d52ece,0.725
EVT0000806,CUST00109,2026-02-14 10:07:00,add_to_cart,Douyin,PRD0018,a643257289f74d,0.371
EVT0000807,CUST00109,2026-05-09 22:42:00,product_view,Douyin,PRD0008,c446b6eab5a47d,0.271
EVT0000808,CUST00110,2026-02-10 20:58:00,search,POS,PRD0065,75e6100a992425,0.651
EVT0000809,CUST00110,2026-05-10 21:39:00,coupon_click,App,PRD0060,a515ad6cb4dce2,0.445
EVT0000810,CUST00110,2026-01-16 10:38:00,product_view,MiniProgram,PRD0062,c6ebdc7f245e5d,0.299
EVT0000811,CUST00110,2026-05-11 14:31:00,live_stream_view,Tmall,PRD0055,5748b8634bc2a9,0.394
EVT0000812,CUST00110,2026-05-08 09:34:00,product_view,POS,PRD0059,5351e22b6f4d3f,0.863
EVT0000813,CUST00110,2026-05-20 20:20:00,product_view,App,PRD0061,5344509fbf330c,0.951
EVT0000814,CUST00110,2026-04-09 14:22:00,wishlist_add,Douyin,PRD0061,ded09ee9ddfa88,0.751
EVT0000815,CUST00110,2026-05-06 09:47:00,wishlist_add,App,PRD0065,4266ed28fe10aa,0.484
EVT0000816,CUST00110,2026-02-14 21:43:00,search,Douyin,PRD0065,4156175736dfa8,0.475
EVT0000817,CUST00110,2026-05-20 13:37:00,page_view,POS,PRD0070,56b7b8c1b1d5ef,0.708
EVT0000818,CUST00110,2026-05-12 13:54:00,coupon_click,Douyin,PRD0066,cdc7fcd0799b98,0.263
EVT0000819,CUST00110,2026-02-26 09:21:00,search,Tmall,PRD0057,614424cebb3baf,0.415
EVT0000820,CUST00111,2026-01-07 17:22:00,page_view,POS,PRD0067,e0191174386020,0.116
EVT0000821,CUST00111,2026-06-14 13:29:00,live_stream_view,MiniProgram,PRD0069,d287fed8f7cd80,0.67
EVT0000822,CUST00111,2026-04-25 09:13:00,page_view,Douyin,PRD0055,b21c2e52444943,0.42
EVT0000823,CUST00111,2026-03-15 13:37:00,product_view,Tmall,PRD0057,85d42be42459d2,0.354
EVT0000824,CUST00111,2026-01-24 08:52:00,live_stream_view,WeChat,PRD0067,122049a6b596c7,0.37
EVT0000825,CUST00112,2026-06-01 18:33:00,product_view,WeChat,PRD0022,073c5a59d71760,0.925
EVT0000826,CUST00112,2026-06-29 12:18:00,wishlist_add,WeChat,PRD0036,7222f42e775ec3,0.45
EVT0000827,CUST00112,2026-02-12 14:18:00,product_view,Douyin,PRD0035,dfaa7d16c00747,0.587
EVT0000828,CUST00112,2026-03-04 10:00:00,product_view,Douyin,PRD0030,dc387360879feb,0.171
EVT0000829,CUST00112,2026-03-18 21:10:00,coupon_click,App,PRD0027,3e583f1fe2f030,0.706
EVT0000830,CUST00112,2026-05-05 14:38:00,add_to_cart,Douyin,PRD0024,6ccb9911a0835c,0.181
EVT0000831,CUST00112,2026-02-02 17:25:00,wishlist_add,MiniProgram,PRD0031,a7e2f0b2dbb643,0.626
EVT0000832,CUST00112,2026-07-01 18:42:00,store_visit,WeChat,PRD0032,1927f0635a8d52,0.699
EVT0000833,CUST00112,2026-04-22 20:04:00,page_view,Douyin,PRD0024,e25e0a32ee502c,0.805
EVT0000834,CUST00112,2026-02-21 10:12:00,wishlist_add,Douyin,PRD0025,920e301faa8216,0.522
EVT0000835,CUST00113,2026-05-09 21:13:00,product_view,Tmall,PRD0067,1f9be7d6aeb464,0.973
EVT0000836,CUST00113,2026-03-08 10:14:00,live_stream_view,Tmall,PRD0059,b5db44cc91c312,0.93
EVT0000837,CUST00113,2026-06-26 20:39:00,page_view,Tmall,PRD0057,49882f2fd518f2,0.978
EVT0000838,CUST00113,2026-04-04 16:07:00,page_view,POS,PRD0059,b75cff06f9d105,0.913
EVT0000839,CUST00114,2025-07-29 17:18:00,coupon_click,App,PRD0010,a62e0209ef1246,0.482
EVT0000840,CUST00115,2026-03-18 14:24:00,page_view,WeChat,PRD0010,13feab41e13c7d,0.216
EVT0000841,CUST00115,2026-06-30 13:32:00,product_view,POS,PRD0013,2051f7337ad50c,0.8
EVT0000842,CUST00115,2026-02-17 10:16:00,page_view,Douyin,PRD0009,670a0423ed3051,0.481
EVT0000843,CUST00115,2026-06-22 08:34:00,page_view,Tmall,PRD0015,23cb127360db69,0.489
EVT0000844,CUST00115,2026-05-27 12:45:00,wishlist_add,MiniProgram,PRD0003,53f92f9b92c5ae,0.988
EVT0000845,CUST00116,2026-02-20 10:07:00,add_to_cart,POS,PRD0027,98cb1c1c4f50f9,0.631
EVT0000846,CUST00117,2026-03-02 22:37:00,product_view,MiniProgram,PRD0043,4c78d343a579f8,0.19
EVT0000847,CUST00117,2026-02-25 11:25:00,live_stream_view,WeChat,PRD0041,5ae3557b02ea53,0.918
EVT0000848,CUST00117,2026-04-04 18:13:00,coupon_click,App,PRD0051,fab1e7c3f3023b,0.326
EVT0000849,CUST00117,2026-04-18 22:59:00,add_to_cart,WeChat,PRD0052,b46e288e55f16b,0.893
EVT0000850,CUST00117,2026-06-14 18:23:00,live_stream_view,Douyin,PRD0045,8b2bc410af03c8,0.553
EVT0000851,CUST00117,2026-06-06 09:45:00,page_view,Douyin,PRD0046,154a76dec05960,0.152
EVT0000852,CUST00117,2026-02-12 08:26:00,search,WeChat,PRD0043,2cf1b71dd516bc,0.151
EVT0000853,CUST00117,2026-06-12 11:32:00,store_visit,Douyin,PRD0042,4d9c56897f14ed,0.374
EVT0000854,CUST00117,2026-04-22 14:00:00,coupon_click,MiniProgram,PRD0042,8fe869daac3fda,0.932
EVT0000855,CUST00117,2026-06-11 09:29:00,page_view,WeChat,PRD0047,c9904f92b8a872,0.987
EVT0000856,CUST00117,2026-01-18 17:19:00,page_view,Douyin,PRD0041,a6a0ee38cd806a,0.907
EVT0000857,CUST00117,2026-01-22 17:40:00,product_view,App,PRD0046,e6e4f2cbbfd05a,0.532
EVT0000858,CUST00117,2026-06-19 10:10:00,product_view,App,PRD0043,df0a61075773c6,0.546
EVT0000859,CUST00118,2026-06-07 14:58:00,live_stream_view,Douyin,PRD0063,5957478198f2a7,0.31
EVT0000860,CUST00118,2026-04-27 10:27:00,coupon_click,App,PRD0071,8569cd3347f3cb,0.136
EVT0000861,CUST00118,2026-06-08 16:59:00,add_to_cart,Tmall,PRD0058,98197a847bb81d,0.175
EVT0000862,CUST00118,2026-05-31 18:04:00,live_stream_view,App,PRD0063,b594bde8157fdd,0.344
EVT0000863,CUST00118,2026-01-07 14:13:00,wishlist_add,App,PRD0056,bc2339bdd6fbac,0.497
EVT0000864,CUST00118,2026-03-20 13:17:00,page_view,WeChat,PRD0061,8d7956b7b0123e,0.324
EVT0000865,CUST00118,2026-06-10 18:10:00,search,App,PRD0056,6ecbd0a796fbc0,0.434
EVT0000866,CUST00118,2026-03-27 15:27:00,store_visit,POS,PRD0065,e9925f1c5ed74f,0.667
EVT0000867,CUST00118,2026-01-21 10:11:00,product_view,Douyin,PRD0055,1983e6cba50027,0.844
EVT0000868,CUST00119,2026-01-29 16:31:00,product_view,MiniProgram,PRD0053,93af4464fd3f29,0.385
EVT0000869,CUST00119,2026-03-06 14:19:00,store_visit,WeChat,PRD0045,0ebce29e5f8246,0.115
EVT0000870,CUST00119,2026-03-29 13:04:00,product_view,Tmall,PRD0049,4d8b68f4aca6e3,0.762
EVT0000871,CUST00119,2026-02-27 19:16:00,page_view,Tmall,PRD0044,f63af0121be5dc,0.679
EVT0000872,CUST00119,2026-02-09 15:53:00,add_to_cart,MiniProgram,PRD0047,3b1452a1d26472,0.589
EVT0000873,CUST00119,2026-03-09 16:52:00,live_stream_view,POS,PRD0054,e44055e337ab5f,0.327
EVT0000874,CUST00119,2026-06-02 15:47:00,add_to_cart,POS,PRD0054,0f014c07fc2685,0.208
EVT0000875,CUST00119,2026-01-04 13:52:00,page_view,MiniProgram,PRD0050,73ef280db398cb,0.791
EVT0000876,CUST00119,2026-05-03 12:12:00,live_stream_view,WeChat,PRD0054,7c319eba5e870d,0.544
EVT0000877,CUST00119,2026-01-25 09:24:00,page_view,Tmall,PRD0039,6a696c37c380ca,0.815
EVT0000878,CUST00119,2026-03-17 16:48:00,product_view,Tmall,PRD0042,9b927045f00849,0.793
EVT0000879,CUST00119,2026-02-01 12:18:00,add_to_cart,MiniProgram,PRD0051,13ad49d7228a50,0.431
EVT0000880,CUST00119,2026-05-14 18:07:00,add_to_cart,MiniProgram,PRD0051,d2ead7e138d3f4,0.347
EVT0000881,CUST00120,2026-05-09 16:15:00,search,MiniProgram,PRD0016,09b89c1581c25f,0.43
EVT0000882,CUST00120,2026-02-16 21:58:00,product_view,Douyin,PRD0008,503cedc4c148bd,0.847
EVT0000883,CUST00120,2026-06-19 19:10:00,coupon_click,WeChat,PRD0013,69b97226f50289,0.316
EVT0000884,CUST00120,2026-05-24 12:11:00,page_view,MiniProgram,PRD0008,3df94e02b8aa50,0.683
EVT0000885,CUST00120,2026-01-10 22:37:00,search,WeChat,PRD0005,8e9a2117a8bf8a,0.9
EVT0000886,CUST00120,2026-06-19 09:49:00,add_to_cart,Tmall,PRD0008,ae8f8875903940,0.597
EVT0000887,CUST00120,2026-02-14 17:22:00,product_view,Douyin,PRD0008,17c4d972b35563,0.425
EVT0000888,CUST00121,2025-09-30 11:17:00,product_view,WeChat,PRD0072,49883387dc88ee,0.295
EVT0000889,CUST00121,2026-01-21 19:24:00,coupon_click,WeChat,PRD0070,4fd12bbc841938,0.859
EVT0000890,CUST00121,2026-05-20 19:04:00,search,Douyin,PRD0062,4deb7f6ec01192,0.973
EVT0000891,CUST00122,2026-03-12 14:17:00,product_view,POS,PRD0072,4fead4f6ead8d5,0.235
EVT0000892,CUST00122,2026-01-21 20:13:00,product_view,Tmall,PRD0055,f65eefc15fc7c2,0.681
EVT0000893,CUST00122,2026-06-04 12:11:00,page_view,POS,PRD0057,9c75e2c5d685a4,0.391
EVT0000894,CUST00123,2026-06-14 14:02:00,wishlist_add,WeChat,PRD0005,f93c17be0a8985,0.264
EVT0000895,CUST00123,2026-03-21 18:07:00,search,Tmall,PRD0005,7751c131815e26,0.881
EVT0000896,CUST00123,2026-05-31 09:13:00,wishlist_add,Douyin,PRD0002,8bae37d3d61dd4,0.211
EVT0000897,CUST00123,2026-04-01 14:25:00,page_view,MiniProgram,PRD0006,3770bdafeeeb56,0.722
EVT0000898,CUST00123,2026-02-28 22:50:00,product_view,POS,PRD0005,ec1ddb74328455,0.789
EVT0000899,CUST00123,2026-02-11 09:42:00,product_view,WeChat,PRD0014,aa0e37b1b0384b,0.808
EVT0000900,CUST00123,2026-03-10 13:53:00,product_view,MiniProgram,PRD0018,df66a9a35809d3,0.227
EVT0000901,CUST00123,2026-06-02 11:06:00,product_view,App,PRD0004,84a92b8bfc5174,0.87
EVT0000902,CUST00123,2026-06-01 19:17:00,wishlist_add,App,PRD0011,2f6943e4c8f591,0.287
EVT0000903,CUST00123,2026-03-07 18:27:00,product_view,WeChat,PRD0017,0a309576809393,0.266
EVT0000904,CUST00123,2026-01-27 09:09:00,wishlist_add,Douyin,PRD0018,2238ec24509989,0.54
EVT0000905,CUST00123,2026-04-29 13:47:00,product_view,Tmall,PRD0010,87dd6978c356c5,0.501
EVT0000906,CUST00123,2026-05-23 16:43:00,page_view,Tmall,PRD0017,7cb24744e51104,0.86
EVT0000907,CUST00124,2026-03-08 22:09:00,wishlist_add,WeChat,PRD0012,bcd03172e1b9df,0.748
EVT0000908,CUST00124,2026-02-09 11:53:00,live_stream_view,MiniProgram,PRD0013,3d17385b32f3cd,0.842
EVT0000909,CUST00124,2026-04-04 18:55:00,search,POS,PRD0016,c9d0e659372111,0.804
EVT0000910,CUST00124,2026-05-28 15:51:00,live_stream_view,Douyin,PRD0002,e71f8f28c65e88,0.187
EVT0000911,CUST00124,2026-03-04 09:07:00,product_view,MiniProgram,PRD0001,5d738be82a7aa0,0.477
EVT0000912,CUST00124,2026-05-14 21:38:00,wishlist_add,MiniProgram,PRD0008,ad8be29d261607,0.851
EVT0000913,CUST00124,2026-01-27 22:45:00,product_view,POS,PRD0012,45b7e52fe2e94d,0.783
EVT0000914,CUST00124,2026-06-22 19:37:00,store_visit,App,PRD0010,66225aae273d92,0.451
EVT0000915,CUST00124,2026-02-25 18:56:00,live_stream_view,Douyin,PRD0007,58e9ea7f1fab2a,0.931
EVT0000916,CUST00124,2026-06-07 22:24:00,product_view,POS,PRD0014,67cfe219580e48,0.22
EVT0000917,CUST00125,2026-06-05 10:03:00,page_view,Tmall,PRD0025,131e906d0e1847,0.394
EVT0000918,CUST00125,2026-03-18 09:17:00,search,MiniProgram,PRD0036,abab9ff149c886,0.573
EVT0000919,CUST00125,2026-01-25 15:08:00,product_view,Tmall,PRD0019,795eef4be9e026,0.59
EVT0000920,CUST00125,2026-04-22 11:33:00,add_to_cart,MiniProgram,PRD0021,79bddc67493d4c,0.684
EVT0000921,CUST00125,2026-01-05 10:24:00,product_view,App,PRD0035,1c122720058e12,0.317
EVT0000922,CUST00125,2026-03-24 18:32:00,wishlist_add,Douyin,PRD0025,999b93105b8d0d,0.447
EVT0000923,CUST00125,2026-05-18 19:00:00,search,WeChat,PRD0021,1965843ba246c0,0.902
EVT0000924,CUST00125,2026-05-02 17:40:00,page_view,WeChat,PRD0026,48097ee5fa3d9c,0.757
EVT0000925,CUST00126,2025-07-28 14:35:00,product_view,Tmall,PRD0043,de3aa4d0b97b57,0.419
EVT0000926,CUST00126,2026-05-02 22:49:00,product_view,WeChat,PRD0037,6bdeea154a9144,0.347
EVT0000927,CUST00127,2026-02-21 13:48:00,add_to_cart,POS,PRD0050,9601036dd7efc0,0.432
EVT0000928,CUST00127,2026-02-09 09:09:00,page_view,MiniProgram,PRD0039,e4e7bedc6f3cdf,0.777
EVT0000929,CUST00127,2026-06-11 17:30:00,add_to_cart,MiniProgram,PRD0047,4138b1e17fbad2,0.9
EVT0000930,CUST00127,2026-05-19 19:31:00,coupon_click,WeChat,PRD0047,c2f884b75f9691,0.379
EVT0000931,CUST00127,2026-04-02 20:01:00,product_view,Tmall,PRD0048,2df93716e7937e,0.759
EVT0000932,CUST00127,2026-03-14 16:29:00,live_stream_view,WeChat,PRD0051,ac2902eeccd394,0.671
EVT0000933,CUST00127,2026-03-23 22:02:00,store_visit,MiniProgram,PRD0052,58b12dcc805ea0,0.693
EVT0000934,CUST00127,2026-04-04 11:24:00,wishlist_add,Tmall,PRD0046,fc415a35c04e10,0.786
EVT0000935,CUST00127,2026-05-14 17:32:00,search,POS,PRD0054,5589547e9f34ab,0.134
EVT0000936,CUST00127,2026-03-10 15:01:00,product_view,POS,PRD0054,4ebccf4dc51568,0.698
EVT0000937,CUST00127,2026-05-10 12:51:00,coupon_click,App,PRD0046,a8744827c2c9f6,0.562
EVT0000938,CUST00128,2025-12-12 19:58:00,add_to_cart,Tmall,PRD0048,8e8484c37d6934,0.996
EVT0000939,CUST00128,2025-11-05 14:09:00,coupon_click,Douyin,PRD0049,37bca5a314bce4,0.663
EVT0000940,CUST00128,2026-04-26 16:16:00,product_view,App,PRD0039,a143d4ecf41b3c,0.484
EVT0000941,CUST00129,2026-06-02 22:29:00,search,POS,PRD0001,0b8169033ea963,0.998
EVT0000942,CUST00129,2026-04-16 20:03:00,store_visit,POS,PRD0002,7f74a0c8c84990,0.93
EVT0000943,CUST00129,2026-01-08 14:00:00,search,Tmall,PRD0005,2d791af03ff244,0.366
EVT0000944,CUST00129,2026-01-03 19:25:00,product_view,Tmall,PRD0015,a37b1c7add7bb9,0.625
EVT0000945,CUST00129,2026-03-05 14:46:00,product_view,WeChat,PRD0010,0765f092943716,0.926
EVT0000946,CUST00129,2026-04-24 17:08:00,live_stream_view,Douyin,PRD0007,e9158f7180992a,0.603
EVT0000947,CUST00129,2026-05-29 20:03:00,live_stream_view,Douyin,PRD0012,be110196de14f8,0.494
EVT0000948,CUST00129,2026-03-05 22:11:00,add_to_cart,MiniProgram,PRD0007,f6ed4af4a71faf,0.364
EVT0000949,CUST00129,2026-05-05 18:02:00,wishlist_add,POS,PRD0002,8db7f3090eaf56,0.771
EVT0000950,CUST00129,2026-02-08 22:33:00,product_view,App,PRD0013,91b59a6427ee53,0.415
EVT0000951,CUST00129,2026-01-22 11:32:00,page_view,Douyin,PRD0011,3b56aab5cd5206,0.819
EVT0000952,CUST00130,2026-06-25 17:21:00,search,Douyin,PRD0027,c4541f84951773,0.206
EVT0000953,CUST00130,2026-05-23 10:02:00,product_view,Douyin,PRD0035,be21fd0bb35f5d,0.333
EVT0000954,CUST00130,2026-02-05 21:28:00,coupon_click,WeChat,PRD0026,a7b1ca96f25041,0.386
EVT0000955,CUST00130,2026-04-22 21:56:00,product_view,POS,PRD0036,d15a51efe34607,0.511
EVT0000956,CUST00130,2026-01-22 15:07:00,coupon_click,MiniProgram,PRD0025,4de6da2bac3880,0.791
EVT0000957,CUST00131,2026-06-23 13:04:00,add_to_cart,WeChat,PRD0036,080d1a87e53bec,0.65
EVT0000958,CUST00131,2025-09-02 19:58:00,live_stream_view,Tmall,PRD0036,d27d348b885b15,0.512
EVT0000959,CUST00131,2025-07-25 21:56:00,product_view,POS,PRD0029,d615b323dcfe50,0.813
EVT0000960,CUST00132,2026-06-02 10:49:00,product_view,WeChat,PRD0069,884697e6c83824,0.609
EVT0000961,CUST00132,2026-05-17 15:06:00,page_view,Douyin,PRD0065,91d6af67098b68,0.457
EVT0000962,CUST00132,2026-06-05 11:30:00,live_stream_view,Tmall,PRD0063,e2456d4b583bce,0.197
EVT0000963,CUST00132,2026-03-04 20:40:00,product_view,MiniProgram,PRD0072,c2776789ea9662,0.84
EVT0000964,CUST00132,2026-02-12 18:41:00,search,MiniProgram,PRD0062,0b9c69ac14f955,0.219
EVT0000965,CUST00132,2026-06-18 08:48:00,page_view,Tmall,PRD0056,213a80e0740d34,0.771
EVT0000966,CUST00132,2026-05-28 08:45:00,page_view,POS,PRD0062,9d78d9fcdd096f,0.322
EVT0000967,CUST00133,2026-06-29 08:44:00,product_view,MiniProgram,PRD0039,5651a3b8971edd,0.25
EVT0000968,CUST00133,2026-03-12 14:17:00,wishlist_add,MiniProgram,PRD0042,431f72d4ea1fc0,0.411
EVT0000969,CUST00133,2026-02-15 19:37:00,coupon_click,App,PRD0037,766b67e17f5749,0.617
EVT0000970,CUST00133,2026-03-01 10:46:00,search,Tmall,PRD0042,d51e2d2c5b9253,0.13
EVT0000971,CUST00134,2026-02-04 18:53:00,product_view,Douyin,PRD0024,2e82c73028e330,0.334
EVT0000972,CUST00134,2026-03-11 13:14:00,coupon_click,Douyin,PRD0033,36e46e5296fefb,0.246
EVT0000973,CUST00134,2026-06-04 10:20:00,add_to_cart,POS,PRD0023,a4cca3d2170790,0.917
EVT0000974,CUST00134,2026-06-10 22:11:00,wishlist_add,WeChat,PRD0026,d46e886836b65e,0.458
EVT0000975,CUST00134,2026-02-13 20:51:00,add_to_cart,WeChat,PRD0033,99a56a50474702,0.538
EVT0000976,CUST00134,2026-01-22 13:24:00,product_view,Tmall,PRD0034,57572a4cdbc68b,0.291
EVT0000977,CUST00134,2026-04-06 08:47:00,store_visit,App,PRD0028,03c3f81addaf79,0.162
EVT0000978,CUST00134,2026-03-24 20:48:00,add_to_cart,Douyin,PRD0026,abb483dbb9eaae,0.499
EVT0000979,CUST00134,2026-01-07 22:30:00,page_view,POS,PRD0036,0ac6ba9df1e85d,0.364
EVT0000980,CUST00134,2026-06-11 12:11:00,wishlist_add,POS,PRD0032,7a81c66ab81e80,0.962
EVT0000981,CUST00134,2026-01-12 22:46:00,wishlist_add,MiniProgram,PRD0034,7d49867b5ab829,0.627
EVT0000982,CUST00134,2026-05-22 19:08:00,product_view,POS,PRD0019,f3cc12b589f170,0.148
EVT0000983,CUST00135,2026-01-14 18:00:00,search,MiniProgram,PRD0055,c65b381f99d0ef,0.843
EVT0000984,CUST00135,2026-05-22 11:46:00,page_view,POS,PRD0071,72991205d58e81,0.136
EVT0000985,CUST00135,2026-03-19 20:49:00,coupon_click,POS,PRD0071,4109b99f8b9b5c,0.12
EVT0000986,CUST00135,2026-01-26 16:39:00,live_stream_view,POS,PRD0061,b0d5ca9f0d20e5,0.867
EVT0000987,CUST00135,2026-02-06 18:31:00,product_view,WeChat,PRD0065,4961f3d597c26b,0.35
EVT0000988,CUST00135,2026-01-22 12:22:00,search,MiniProgram,PRD0061,1c2e5f17c1d27c,0.841
EVT0000989,CUST00135,2026-05-07 21:50:00,product_view,Tmall,PRD0063,5dae5e26ad8e17,0.9
EVT0000990,CUST00135,2026-04-18 16:14:00,add_to_cart,Tmall,PRD0068,ffb86f3af2669c,0.3
EVT0000991,CUST00135,2026-06-30 16:49:00,page_view,Douyin,PRD0070,c12e5285a6f026,0.866
EVT0000992,CUST00135,2026-02-24 22:07:00,product_view,MiniProgram,PRD0062,cb9b3bdf9e715b,0.584
EVT0000993,CUST00136,2026-06-06 12:55:00,page_view,App,PRD0026,569766f654a761,0.429
EVT0000994,CUST00136,2026-05-23 16:59:00,product_view,POS,PRD0022,08e87ccbea15ac,0.505
EVT0000995,CUST00136,2026-03-08 18:14:00,live_stream_view,POS,PRD0027,3b2391339810c4,0.271
EVT0000996,CUST00136,2026-04-12 17:35:00,search,Douyin,PRD0035,1db867f9016e9b,0.699
EVT0000997,CUST00136,2026-05-05 10:56:00,coupon_click,App,PRD0036,d9bbdaadd8e491,0.777
EVT0000998,CUST00136,2026-05-04 20:39:00,coupon_click,WeChat,PRD0032,43d9955d192803,0.482
EVT0000999,CUST00137,2026-04-19 20:43:00,product_view,App,PRD0005,3a1051f647b157,0.68
EVT0001000,CUST00137,2026-02-19 17:27:00,store_visit,App,PRD0009,1315689b723a49,0.421
EVT0001001,CUST00137,2026-02-25 20:57:00,page_view,WeChat,PRD0009,054327db11e1f6,0.271
EVT0001002,CUST00137,2026-02-18 12:39:00,search,Tmall,PRD0012,bb168750fc82ec,0.65
EVT0001003,CUST00138,2026-04-09 22:32:00,page_view,POS,PRD0048,26dc368c220c67,0.992
EVT0001004,CUST00138,2026-03-17 18:11:00,product_view,Douyin,PRD0044,050822fc7a0dc9,0.372
EVT0001005,CUST00138,2026-03-24 08:30:00,product_view,POS,PRD0037,e957256308dedb,0.382
EVT0001006,CUST00139,2026-05-30 10:17:00,add_to_cart,App,PRD0029,9f5dd684ca9ed2,0.69
EVT0001007,CUST00139,2026-06-30 19:02:00,add_to_cart,Tmall,PRD0024,ceb18ae3999bba,0.456
EVT0001008,CUST00139,2026-04-01 14:11:00,wishlist_add,Douyin,PRD0026,8896827750e990,0.562
EVT0001009,CUST00139,2026-01-08 21:22:00,search,App,PRD0019,ddc5b440b2c096,0.148
EVT0001010,CUST00139,2026-04-13 21:52:00,search,App,PRD0022,a9918b6ba3926f,0.715
EVT0001011,CUST00139,2026-06-23 11:23:00,add_to_cart,MiniProgram,PRD0022,dd96f066189a73,0.375
EVT0001012,CUST00139,2026-02-04 11:41:00,product_view,Tmall,PRD0022,78c65f0552d3fe,0.309
EVT0001013,CUST00139,2026-04-15 17:02:00,search,MiniProgram,PRD0026,7bd92cd2c98afa,0.12
EVT0001014,CUST00140,2026-04-16 11:55:00,page_view,Tmall,PRD0020,20bf4e0f697338,0.701
EVT0001015,CUST00140,2026-02-23 19:07:00,product_view,Tmall,PRD0023,c2833a2c9aec1d,0.474
EVT0001016,CUST00140,2026-03-07 08:18:00,wishlist_add,POS,PRD0019,df939933e4ff03,0.278
EVT0001017,CUST00140,2026-02-05 16:52:00,product_view,MiniProgram,PRD0036,7aaa6e0d78f044,0.401
EVT0001018,CUST00140,2026-05-23 14:02:00,product_view,Tmall,PRD0019,ddb726ef1293ff,0.985
EVT0001019,CUST00140,2026-06-21 19:31:00,page_view,App,PRD0032,c30558b7e8a076,0.414
EVT0001020,CUST00140,2026-01-19 08:23:00,add_to_cart,POS,PRD0030,2931e46c393893,0.781
EVT0001021,CUST00140,2026-04-06 13:21:00,page_view,POS,PRD0036,6c3bcda0e8ef17,0.406
EVT0001022,CUST00140,2026-03-30 21:09:00,product_view,Douyin,PRD0030,cd31a940add780,0.529
EVT0001023,CUST00140,2026-01-14 18:42:00,product_view,POS,PRD0019,a05236392330ab,0.424
EVT0001024,CUST00140,2026-05-06 13:58:00,product_view,POS,PRD0022,64250f84f811fa,0.581
EVT0001025,CUST00140,2026-05-21 16:45:00,page_view,App,PRD0035,7b55e9f7e460d3,0.984
EVT0001026,CUST00140,2026-01-28 14:03:00,live_stream_view,App,PRD0036,12ebe9b075fd5b,0.187
EVT0001027,CUST00141,2026-03-04 14:11:00,wishlist_add,POS,PRD0030,04f4125b147362,0.231
EVT0001028,CUST00141,2026-02-23 11:55:00,store_visit,WeChat,PRD0023,c81f97d3e72016,0.393
EVT0001029,CUST00141,2026-03-11 15:23:00,add_to_cart,MiniProgram,PRD0024,0d69d29a5968bc,0.257
EVT0001030,CUST00141,2026-01-25 22:11:00,coupon_click,Douyin,PRD0022,0d1a018420a5cc,0.771
EVT0001031,CUST00142,2026-05-03 17:19:00,page_view,POS,PRD0012,3d2b0df805194b,0.384
EVT0001032,CUST00143,2026-06-05 12:32:00,page_view,POS,PRD0011,28473682095ba2,0.293
EVT0001033,CUST00143,2026-05-11 20:04:00,search,Tmall,PRD0017,4aab47e6cbe7ad,0.622
EVT0001034,CUST00143,2026-01-26 13:42:00,coupon_click,POS,PRD0009,b3c9973c043f1b,0.716
EVT0001035,CUST00143,2026-02-02 09:26:00,page_view,Tmall,PRD0015,3dd8e959f05ef5,0.836
EVT0001036,CUST00143,2026-06-21 17:09:00,page_view,App,PRD0015,ec903b855c5bf9,0.505
EVT0001037,CUST00143,2026-05-26 13:01:00,search,WeChat,PRD0006,81236ecd0b61ed,0.54
EVT0001038,CUST00143,2026-05-13 20:40:00,product_view,WeChat,PRD0002,35aefd1e848eb9,0.941
EVT0001039,CUST00143,2026-04-08 19:02:00,wishlist_add,Tmall,PRD0001,362557fe895be6,0.139
EVT0001040,CUST00143,2026-03-21 22:00:00,store_visit,WeChat,PRD0004,cebd7185ad6433,0.83
EVT0001041,CUST00143,2026-03-20 17:33:00,product_view,App,PRD0005,9af1c85a2737e2,0.35
EVT0001042,CUST00143,2026-05-08 12:09:00,store_visit,Douyin,PRD0015,7ba756a4bdca26,0.566
EVT0001043,CUST00143,2026-04-20 17:32:00,page_view,MiniProgram,PRD0004,846552b696e2f2,0.548
EVT0001044,CUST00143,2026-02-10 16:06:00,product_view,Douyin,PRD0005,b77c9be0501e95,0.532
EVT0001045,CUST00144,2026-04-09 17:23:00,product_view,MiniProgram,PRD0058,4bbd0684431d2f,0.686
EVT0001046,CUST00144,2026-01-19 10:57:00,coupon_click,Douyin,PRD0068,13967977f8cd00,0.852
EVT0001047,CUST00144,2026-04-20 17:31:00,product_view,Tmall,PRD0067,1b0ab1abf76d57,0.672
EVT0001048,CUST00144,2026-02-16 13:21:00,page_view,Douyin,PRD0056,51fd126b67eead,0.586
EVT0001049,CUST00144,2026-06-22 19:38:00,page_view,App,PRD0060,0e973d9905c88a,0.991
EVT0001050,CUST00144,2026-04-25 10:07:00,add_to_cart,Tmall,PRD0055,ba441c3df6814c,0.653
EVT0001051,CUST00144,2026-01-03 16:43:00,add_to_cart,Tmall,PRD0060,11d5c455bbe434,0.447
EVT0001052,CUST00144,2026-06-02 18:26:00,page_view,MiniProgram,PRD0071,84a10dcca3f07e,0.73
EVT0001053,CUST00145,2026-05-08 10:52:00,page_view,POS,PRD0033,afed9b9322a4d5,0.157
EVT0001054,CUST00145,2026-04-18 11:16:00,page_view,App,PRD0032,c7be8ebf755496,0.94
EVT0001055,CUST00145,2026-03-12 13:15:00,add_to_cart,WeChat,PRD0032,46c662b6694547,0.117
EVT0001056,CUST00145,2026-04-26 17:33:00,page_view,Douyin,PRD0028,bff84063cc6a0b,0.593
EVT0001057,CUST00145,2026-04-29 20:24:00,product_view,Tmall,PRD0020,cd18e13908cd36,0.247
EVT0001058,CUST00145,2026-02-15 09:05:00,add_to_cart,MiniProgram,PRD0023,07f1e779ab6df2,0.247
EVT0001059,CUST00145,2026-01-12 17:34:00,search,MiniProgram,PRD0027,e19e3fba628d1a,0.793
EVT0001060,CUST00145,2026-06-27 20:45:00,product_view,Tmall,PRD0030,bdb70af17eb09e,0.386
EVT0001061,CUST00145,2026-01-18 18:59:00,search,Douyin,PRD0020,7e5cc035d0902c,0.916
EVT0001062,CUST00145,2026-03-18 09:05:00,page_view,POS,PRD0019,cc0f9f4df86893,0.815
EVT0001063,CUST00145,2026-01-19 20:57:00,search,Douyin,PRD0036,6d0890d1f34dec,0.686
EVT0001064,CUST00145,2026-01-21 17:36:00,coupon_click,MiniProgram,PRD0025,90a3989df581d6,0.658
EVT0001065,CUST00145,2026-06-14 10:17:00,page_view,Douyin,PRD0022,318dc8eea6605e,0.153
EVT0001066,CUST00146,2026-01-20 13:48:00,page_view,POS,PRD0019,398faa2b808229,0.524
EVT0001067,CUST00146,2026-06-11 09:13:00,add_to_cart,POS,PRD0019,0a6926533f8747,0.894
EVT0001068,CUST00146,2026-02-13 16:38:00,page_view,App,PRD0036,573d1a352afdc1,0.129
EVT0001069,CUST00146,2026-01-18 19:31:00,store_visit,MiniProgram,PRD0021,19c0214dedb45c,0.688
EVT0001070,CUST00146,2026-05-20 10:13:00,store_visit,Douyin,PRD0035,1cddfd1d56b0c2,0.584
EVT0001071,CUST00146,2026-03-17 19:10:00,product_view,WeChat,PRD0024,d6c1a22d016f24,0.686
EVT0001072,CUST00146,2026-02-13 16:29:00,coupon_click,Douyin,PRD0031,1f1ef3b7e67322,0.417
EVT0001073,CUST00146,2026-04-14 15:25:00,add_to_cart,App,PRD0036,241cba8b008b33,0.821
EVT0001074,CUST00146,2026-05-28 12:04:00,page_view,Tmall,PRD0027,a06db413d53f21,0.695
EVT0001075,CUST00146,2026-02-04 17:18:00,add_to_cart,POS,PRD0028,3e0f399113ab1b,0.108
EVT0001076,CUST00147,2026-04-18 14:27:00,page_view,MiniProgram,PRD0062,638ea68646bd79,0.607
EVT0001077,CUST00147,2026-06-19 18:12:00,page_view,POS,PRD0066,e44eddecb6d3b9,0.473
EVT0001078,CUST00147,2026-02-24 08:24:00,store_visit,App,PRD0062,db7958e9c90505,0.407
EVT0001079,CUST00147,2026-03-15 11:32:00,page_view,WeChat,PRD0062,975a1c5bdec3b8,0.555
EVT0001080,CUST00147,2026-05-28 11:01:00,add_to_cart,App,PRD0062,93dc02ea25b951,0.512
EVT0001081,CUST00147,2026-03-15 13:40:00,product_view,Tmall,PRD0059,30c9f4f741199f,0.64
EVT0001082,CUST00148,2026-06-15 13:00:00,coupon_click,POS,PRD0029,df9dacef88ffd9,0.832
EVT0001083,CUST00148,2026-04-04 19:49:00,product_view,MiniProgram,PRD0020,f26b390c46f22f,0.16
EVT0001084,CUST00148,2026-06-21 09:21:00,page_view,Douyin,PRD0022,468092726feb9a,0.743
EVT0001085,CUST00148,2026-03-06 12:24:00,page_view,WeChat,PRD0021,a1ac429cf77697,0.249
EVT0001086,CUST00148,2026-03-02 11:36:00,page_view,Tmall,PRD0030,27dc5395d1d5cb,0.411
EVT0001087,CUST00149,2026-04-10 11:49:00,page_view,POS,PRD0012,ece72b92b8f5ec,0.972
EVT0001088,CUST00149,2026-05-06 14:59:00,coupon_click,App,PRD0056,bb7a8723caa16c,0.659
EVT0001089,CUST00149,2026-06-03 11:10:00,product_view,WeChat,PRD0064,6299c8e02c4e29,0.959
EVT0001090,CUST00149,2026-07-01 14:10:00,page_view,Tmall,PRD0003,05a5228d696d04,0.918
EVT0001091,CUST00149,2026-03-06 16:48:00,coupon_click,App,PRD0018,424814e732120d,0.123
EVT0001092,CUST00149,2026-03-10 20:54:00,live_stream_view,MiniProgram,PRD0060,6ca35c7e853f5c,0.451
EVT0001093,CUST00149,2026-05-30 14:35:00,search,WeChat,PRD0023,61c4475da0938b,0.255
EVT0001094,CUST00149,2026-02-02 10:19:00,search,App,PRD0035,06d9478a0b813d,0.24
EVT0001095,CUST00149,2026-02-08 17:37:00,product_view,Douyin,PRD0040,ee2f907887eaaa,0.901
EVT0001096,CUST00150,2026-06-13 20:19:00,page_view,POS,PRD0030,f4c95c6843294d,0.919
EVT0001097,CUST00150,2026-01-24 11:16:00,wishlist_add,Douyin,PRD0024,02c60748c6eca1,0.237
EVT0001098,CUST00150,2026-02-26 11:34:00,product_view,Douyin,PRD0020,95cf48c72a361e,0.18
EVT0001099,CUST00150,2026-04-07 17:51:00,coupon_click,App,PRD0034,280abda9f7928a,0.657
EVT0001100,CUST00150,2026-03-25 10:22:00,product_view,Tmall,PRD0036,c7778fbb2a7fde,0.128
EVT0001101,CUST00150,2026-05-28 20:03:00,page_view,WeChat,PRD0022,d92c96fbb2988d,0.781
EVT0001102,CUST00150,2026-06-03 10:20:00,add_to_cart,App,PRD0032,973e95322559b6,0.307
EVT0001103,CUST00150,2026-04-25 14:26:00,coupon_click,Tmall,PRD0022,ca7b25e234012e,0.202
EVT0001104,CUST00150,2026-06-20 10:15:00,page_view,MiniProgram,PRD0019,3909ec51821f12,0.455
EVT0001105,CUST00150,2026-05-20 14:36:00,product_view,POS,PRD0020,4d72f13e7041b0,0.764
EVT0001106,CUST00150,2026-05-24 17:53:00,product_view,MiniProgram,PRD0022,e336c3d81280d0,0.543
EVT0001107,CUST00150,2026-02-07 18:54:00,add_to_cart,App,PRD0019,90cfa4469346e7,0.767
EVT0001108,CUST00151,2026-05-20 08:24:00,product_view,POS,PRD0062,6fb0d2502e2436,0.618
EVT0001109,CUST00151,2026-02-26 16:15:00,store_visit,POS,PRD0057,94082f2b5ee381,0.918
EVT0001110,CUST00151,2026-03-05 11:46:00,add_to_cart,Douyin,PRD0056,ce5e7030c6421a,0.946
EVT0001111,CUST00151,2026-04-07 10:16:00,coupon_click,MiniProgram,PRD0071,8416d228533771,0.575
EVT0001112,CUST00151,2026-06-07 18:21:00,product_view,Tmall,PRD0069,9e21e5bc337693,0.797
EVT0001113,CUST00151,2026-03-02 13:24:00,product_view,MiniProgram,PRD0058,3a9e41b1c8e15c,0.215
EVT0001114,CUST00151,2026-03-02 12:31:00,search,MiniProgram,PRD0057,dc8be90d9f29a1,0.559
EVT0001115,CUST00151,2026-01-28 15:03:00,product_view,App,PRD0066,ab4db668e51da9,0.756
EVT0001116,CUST00151,2026-04-21 14:07:00,product_view,App,PRD0067,c2453458051b7c,0.5
EVT0001117,CUST00151,2026-06-14 11:06:00,store_visit,MiniProgram,PRD0058,9a4bb737888055,0.23
EVT0001118,CUST00151,2026-01-10 09:41:00,product_view,Tmall,PRD0072,963c36a68a66f5,0.377
EVT0001119,CUST00151,2026-04-08 20:08:00,search,App,PRD0067,150c4552e7b691,0.318
EVT0001120,CUST00152,2026-06-07 11:10:00,page_view,Douyin,PRD0043,1fe38ac0a9588d,0.571
EVT0001121,CUST00152,2026-01-27 20:26:00,wishlist_add,Douyin,PRD0048,f4064ec5c1ab7d,0.45
EVT0001122,CUST00152,2026-05-07 19:55:00,live_stream_view,App,PRD0041,522ba8b178b148,0.635
EVT0001123,CUST00152,2026-05-03 11:18:00,live_stream_view,App,PRD0045,96c42def30d50c,0.853
EVT0001124,CUST00152,2026-05-25 19:51:00,product_view,WeChat,PRD0044,57f27bb132cdd5,0.667
EVT0001125,CUST00152,2026-01-29 21:03:00,coupon_click,Douyin,PRD0041,506a384ac94f30,0.673
EVT0001126,CUST00152,2026-05-27 18:14:00,live_stream_view,Douyin,PRD0037,46096e8880503a,0.686
EVT0001127,CUST00153,2026-03-12 18:29:00,product_view,App,PRD0019,4378fa2c4ee00a,0.335
EVT0001128,CUST00153,2026-01-05 20:59:00,coupon_click,WeChat,PRD0031,f5aff18cf89153,0.465
EVT0001129,CUST00153,2026-06-15 22:20:00,search,POS,PRD0024,5119f68fee8c94,0.301
EVT0001130,CUST00153,2026-03-02 21:21:00,product_view,App,PRD0022,8410759156f042,0.464
EVT0001131,CUST00153,2026-01-11 16:09:00,page_view,POS,PRD0028,a9cf9032d0a4c3,0.725
EVT0001132,CUST00154,2026-02-23 22:36:00,page_view,App,PRD0030,803adedb7daf00,0.691
EVT0001133,CUST00154,2026-03-23 13:52:00,page_view,POS,PRD0027,b9a18590c89075,0.509
EVT0001134,CUST00154,2026-06-18 20:54:00,page_view,POS,PRD0034,a1222f9f311660,0.964
EVT0001135,CUST00154,2026-03-31 09:46:00,coupon_click,POS,PRD0025,645ac1f562119b,0.285
EVT0001136,CUST00154,2026-06-14 13:08:00,page_view,Douyin,PRD0023,050ac909d6c15a,0.739
EVT0001137,CUST00154,2026-03-28 14:18:00,product_view,App,PRD0035,863adb86f7d387,0.889
EVT0001138,CUST00154,2026-01-26 10:24:00,search,MiniProgram,PRD0026,20a83fcecc4735,0.679
EVT0001139,CUST00154,2026-04-11 09:00:00,page_view,Douyin,PRD0029,b17360dba6862c,0.144
EVT0001140,CUST00155,2026-06-15 11:27:00,page_view,App,PRD0051,f7800dc9f1cd5b,0.906
EVT0001141,CUST00155,2026-06-14 14:58:00,product_view,Douyin,PRD0054,78b72b59067745,0.344
EVT0001142,CUST00155,2026-05-30 21:17:00,product_view,Douyin,PRD0038,c5e224d3d4ba5d,0.261
EVT0001143,CUST00155,2026-06-21 08:37:00,page_view,POS,PRD0051,316210256b9043,0.869
EVT0001144,CUST00155,2026-06-23 15:14:00,page_view,Douyin,PRD0039,f94be9d9186c8f,0.128
EVT0001145,CUST00155,2026-01-03 12:13:00,wishlist_add,App,PRD0047,8a714eabd83bd9,0.386
EVT0001146,CUST00155,2026-04-23 15:41:00,add_to_cart,Tmall,PRD0045,3527306b0e265e,0.206
EVT0001147,CUST00155,2026-05-26 08:51:00,page_view,POS,PRD0050,8e759ca76ca09c,0.958
EVT0001148,CUST00155,2026-01-02 16:10:00,product_view,Douyin,PRD0053,357912724399ce,0.625
EVT0001149,CUST00155,2026-06-07 13:23:00,wishlist_add,App,PRD0046,6d1b19f61f9eb9,0.313
EVT0001150,CUST00155,2026-05-26 11:54:00,page_view,WeChat,PRD0039,1e4dddbd2563f9,0.849
EVT0001151,CUST00155,2026-05-05 12:20:00,page_view,POS,PRD0037,950cdc6c987da5,0.882
EVT0001152,CUST00156,2026-03-26 12:58:00,product_view,Tmall,PRD0035,3168c0c328e2d1,0.934
EVT0001153,CUST00156,2026-02-05 12:08:00,page_view,WeChat,PRD0027,7f1c6ad356e1fa,0.752
EVT0001154,CUST00156,2026-04-03 15:46:00,add_to_cart,WeChat,PRD0028,95ff078f81cc1c,0.445
EVT0001155,CUST00156,2026-05-29 13:22:00,product_view,Douyin,PRD0021,177f6b7b3e1a38,0.423
EVT0001156,CUST00156,2026-04-15 13:37:00,product_view,Douyin,PRD0036,56f0fc443c7eff,0.392
EVT0001157,CUST00156,2026-06-06 17:18:00,product_view,WeChat,PRD0023,b33a327d0916f1,0.329
EVT0001158,CUST00156,2026-02-01 21:18:00,wishlist_add,App,PRD0028,6df348c678cc23,0.378
EVT0001159,CUST00156,2026-05-24 20:24:00,product_view,App,PRD0026,d3c0e4d3e38759,0.716
EVT0001160,CUST00156,2026-02-20 16:47:00,coupon_click,Douyin,PRD0028,bfe68270010bc5,0.377
EVT0001161,CUST00157,2026-03-06 18:17:00,add_to_cart,Tmall,PRD0032,00cb3ea2b253be,0.249
EVT0001162,CUST00157,2026-02-07 11:28:00,live_stream_view,Douyin,PRD0024,eda8839e259acf,0.558
EVT0001163,CUST00157,2026-06-10 20:13:00,add_to_cart,WeChat,PRD0034,9f2f60609127d7,0.323
EVT0001164,CUST00157,2026-03-16 09:20:00,live_stream_view,MiniProgram,PRD0022,1831cd1cd95d92,0.817
EVT0001165,CUST00157,2026-02-14 12:31:00,page_view,MiniProgram,PRD0019,ed8eb77edfcf2b,0.923
EVT0001166,CUST00157,2026-02-14 10:42:00,product_view,MiniProgram,PRD0032,c8202c8ebb4f2b,0.198
EVT0001167,CUST00157,2026-01-05 13:42:00,add_to_cart,MiniProgram,PRD0026,0122e82a4f7ea4,0.589
EVT0001168,CUST00157,2026-04-14 16:19:00,coupon_click,WeChat,PRD0022,c169fb3bd9ea37,0.56
EVT0001169,CUST00157,2026-05-25 17:54:00,add_to_cart,POS,PRD0031,a3725b176b144d,0.514
EVT0001170,CUST00157,2026-06-07 14:20:00,coupon_click,Douyin,PRD0020,948ce6b7ac341e,0.978
EVT0001171,CUST00158,2026-02-03 22:23:00,live_stream_view,Douyin,PRD0070,d7c7e118bfcd27,0.999
EVT0001172,CUST00158,2026-03-04 12:24:00,page_view,App,PRD0026,d4c9ca33d1f2ba,0.64
EVT0001173,CUST00158,2026-01-30 22:23:00,product_view,Douyin,PRD0008,461fdae19b918a,0.314
EVT0001174,CUST00158,2026-06-22 18:47:00,store_visit,Douyin,PRD0005,41aaf4196621f1,0.527
EVT0001175,CUST00159,2026-02-19 19:07:00,live_stream_view,Douyin,PRD0066,327a8ba3729512,0.949
EVT0001176,CUST00159,2026-05-21 16:21:00,add_to_cart,POS,PRD0056,2d269248752a1c,0.391
EVT0001177,CUST00159,2026-05-07 18:38:00,search,App,PRD0055,6248d85090bed1,0.758
EVT0001178,CUST00159,2026-03-16 13:54:00,product_view,Tmall,PRD0066,95bf7fd5b82d79,0.687
EVT0001179,CUST00159,2026-01-17 10:16:00,search,App,PRD0063,f9cbda9b1c904f,0.807
EVT0001180,CUST00160,2026-01-26 10:23:00,add_to_cart,Douyin,PRD0066,803ab29ff346b4,0.552
EVT0001181,CUST00160,2026-05-18 21:15:00,product_view,POS,PRD0056,652cf239c87aa4,0.596
EVT0001182,CUST00160,2026-05-30 22:08:00,coupon_click,App,PRD0055,ee3b5840a2a127,0.511
EVT0001183,CUST00160,2026-04-19 20:46:00,live_stream_view,MiniProgram,PRD0057,43ea53a8f0ad6e,0.996
EVT0001184,CUST00160,2026-06-04 21:24:00,product_view,Douyin,PRD0060,517672246fe19d,0.806
EVT0001185,CUST00160,2026-01-18 10:13:00,page_view,Douyin,PRD0071,efcfdcefdb7982,0.235
EVT0001186,CUST00160,2026-06-02 18:41:00,add_to_cart,WeChat,PRD0066,3d05833ea5a2b6,0.59
EVT0001187,CUST00160,2026-03-02 09:45:00,product_view,POS,PRD0066,c826369f8cefaa,0.517
EVT0001188,CUST00160,2026-07-01 15:52:00,live_stream_view,Douyin,PRD0062,82d58be3f82bf5,0.851
EVT0001189,CUST00160,2026-04-24 15:20:00,page_view,Douyin,PRD0064,e0edd0bee76348,0.841
EVT0001190,CUST00160,2026-03-04 20:21:00,product_view,Douyin,PRD0071,d7092a25208ace,0.635
EVT0001191,CUST00160,2026-04-24 14:24:00,page_view,App,PRD0059,e86a2aecb500b3,0.65
EVT0001192,CUST00160,2026-04-12 16:51:00,live_stream_view,POS,PRD0055,5ee7d488a2bb77,0.241
EVT0001193,CUST00161,2026-04-07 21:47:00,product_view,POS,PRD0020,58beed67119162,0.541
EVT0001194,CUST00161,2026-05-09 13:15:00,page_view,POS,PRD0019,83e0cb314880d8,0.858
EVT0001195,CUST00161,2026-05-05 20:20:00,page_view,Tmall,PRD0032,3ecbf8bbf34df9,1.0
EVT0001196,CUST00161,2026-02-26 22:12:00,add_to_cart,Douyin,PRD0024,f6400004d3a58b,0.839
EVT0001197,CUST00161,2026-02-28 20:22:00,coupon_click,Douyin,PRD0033,806289776b34c5,0.725
EVT0001198,CUST00161,2026-01-27 08:21:00,search,Tmall,PRD0022,6a9f3fb218d40f,0.798
EVT0001199,CUST00161,2026-01-24 09:39:00,product_view,Tmall,PRD0021,20bc11f6a07264,0.16
EVT0001200,CUST00161,2026-04-08 22:28:00,product_view,POS,PRD0036,1bedc80fa95a1d,0.542
EVT0001201,CUST00161,2026-01-17 14:45:00,product_view,Tmall,PRD0033,384fe6d531782f,0.109
EVT0001202,CUST00162,2026-04-04 12:30:00,search,Douyin,PRD0022,7ead1a296f2f20,0.45
EVT0001203,CUST00162,2026-01-09 13:56:00,page_view,MiniProgram,PRD0021,6089be78d8573a,0.834
EVT0001204,CUST00162,2026-01-15 22:39:00,add_to_cart,Douyin,PRD0020,f40711252ce623,0.153
EVT0001205,CUST00162,2026-02-05 19:13:00,product_view,App,PRD0021,1c6c5e8806c604,0.705
EVT0001206,CUST00162,2026-05-22 18:09:00,live_stream_view,Douyin,PRD0030,f28333c2f05209,0.716
EVT0001207,CUST00162,2026-02-20 15:27:00,product_view,Tmall,PRD0024,b99ffb62ed3528,0.861
EVT0001208,CUST00162,2026-02-13 17:03:00,product_view,Douyin,PRD0031,2167a30d1943e7,0.674
EVT0001209,CUST00162,2026-04-23 12:20:00,add_to_cart,POS,PRD0022,3ce96adaff0019,0.449
EVT0001210,CUST00162,2026-02-26 11:03:00,product_view,WeChat,PRD0020,da5ac31b9772a2,0.802
EVT0001211,CUST00162,2026-03-13 19:50:00,store_visit,MiniProgram,PRD0028,858df0802620f5,0.327
EVT0001212,CUST00162,2026-02-05 10:12:00,page_view,Douyin,PRD0033,d18ce097c9f99e,0.234
EVT0001213,CUST00162,2026-03-26 17:12:00,search,POS,PRD0030,a0e8c8b7914adb,0.262
EVT0001214,CUST00162,2026-03-03 21:28:00,page_view,Tmall,PRD0027,2d9393bbc778dd,0.998
EVT0001215,CUST00163,2026-06-01 14:00:00,wishlist_add,App,PRD0036,c9e4a9e7c1c591,0.259
EVT0001216,CUST00163,2026-01-02 17:44:00,page_view,Tmall,PRD0027,7e79282122ac4a,0.831
EVT0001217,CUST00163,2026-01-05 14:43:00,product_view,App,PRD0025,4f2ef68eca8650,0.284
EVT0001218,CUST00163,2026-04-24 13:25:00,page_view,POS,PRD0027,8a14eef97bd0b9,0.17
EVT0001219,CUST00163,2026-02-12 20:15:00,product_view,App,PRD0019,184f7174a8d953,0.825
EVT0001220,CUST00163,2026-04-26 14:35:00,product_view,Douyin,PRD0022,a6010076488d48,0.895
EVT0001221,CUST00163,2026-06-08 10:27:00,product_view,POS,PRD0025,700b2d636e6cea,0.247
EVT0001222,CUST00163,2026-04-21 18:51:00,wishlist_add,App,PRD0024,535971d4413bb8,0.103
EVT0001223,CUST00163,2026-06-13 20:19:00,product_view,POS,PRD0020,4e39042927a84b,0.811
EVT0001224,CUST00163,2026-03-29 10:25:00,page_view,Douyin,PRD0030,85ed8911467112,0.713
EVT0001225,CUST00163,2026-01-23 11:53:00,page_view,App,PRD0032,288c70e22581c4,0.273
EVT0001226,CUST00163,2026-04-09 22:57:00,product_view,MiniProgram,PRD0023,882b3e4c13a6a2,0.809
EVT0001227,CUST00164,2026-01-29 15:30:00,page_view,MiniProgram,PRD0042,2d74fbd6e27299,0.847
EVT0001228,CUST00164,2026-03-14 12:36:00,page_view,WeChat,PRD0005,83454e884ec331,0.376
EVT0001229,CUST00164,2026-05-05 22:24:00,live_stream_view,WeChat,PRD0049,b2843a9f554a42,0.918
EVT0001230,CUST00164,2026-04-19 18:53:00,page_view,Douyin,PRD0072,5137595c63a50c,0.773
EVT0001231,CUST00164,2026-01-24 12:29:00,wishlist_add,Douyin,PRD0038,8d207af58b8d91,0.247
EVT0001232,CUST00165,2026-03-25 12:59:00,product_view,App,PRD0056,e4ea1217d6256b,0.338
EVT0001233,CUST00165,2026-04-16 21:56:00,page_view,POS,PRD0069,e25b4db73e0336,0.85
EVT0001234,CUST00165,2026-01-17 15:01:00,product_view,Tmall,PRD0068,a2e87e1af37868,0.862
EVT0001235,CUST00165,2026-03-11 17:21:00,add_to_cart,MiniProgram,PRD0069,02c7b195ec1f56,0.224
EVT0001236,CUST00166,2025-11-15 13:50:00,page_view,MiniProgram,PRD0024,d59c689c6d936b,0.132
EVT0001237,CUST00166,2025-07-14 20:49:00,product_view,Douyin,PRD0022,1b97009afb6831,0.213
EVT0001238,CUST00166,2025-12-26 10:36:00,page_view,MiniProgram,PRD0020,be29ff693da410,0.693
EVT0001239,CUST00167,2026-01-21 20:44:00,page_view,POS,PRD0032,05d89e490caceb,0.924
EVT0001240,CUST00167,2026-06-27 11:46:00,page_view,WeChat,PRD0025,14f38f36dca25e,0.351
EVT0001241,CUST00167,2026-05-28 15:09:00,add_to_cart,Tmall,PRD0019,f7e6c7ab542ccb,0.37
EVT0001242,CUST00168,2026-03-17 17:54:00,product_view,POS,PRD0030,8b5a1cedea1294,0.146
EVT0001243,CUST00168,2026-05-17 17:13:00,search,Tmall,PRD0029,adeb4f8bdb8da3,0.272
EVT0001244,CUST00168,2026-05-30 09:11:00,page_view,POS,PRD0028,3eadf9bf4beaf0,0.124
EVT0001245,CUST00168,2026-05-30 15:55:00,coupon_click,App,PRD0032,e3001f943e5d6d,0.977
EVT0001246,CUST00168,2026-01-24 15:40:00,coupon_click,MiniProgram,PRD0035,3deb38d42b6632,0.588
EVT0001247,CUST00168,2026-04-11 18:45:00,add_to_cart,POS,PRD0028,ea009cfe49fc1e,0.876
EVT0001248,CUST00169,2026-05-04 15:13:00,page_view,Douyin,PRD0048,852959976dd133,0.486
EVT0001249,CUST00169,2026-03-23 22:57:00,add_to_cart,App,PRD0026,72bdc041eb7fc1,0.716
EVT0001250,CUST00169,2026-01-29 08:02:00,search,Douyin,PRD0049,b1f430fcdab1a0,0.707
EVT0001251,CUST00170,2026-05-07 22:06:00,search,Tmall,PRD0014,3a520ffdf95d29,0.522
EVT0001252,CUST00170,2026-03-14 12:40:00,product_view,POS,PRD0001,01b1cadf40b574,0.256
EVT0001253,CUST00170,2026-01-03 21:04:00,wishlist_add,Douyin,PRD0007,e51713371d2a00,0.23
EVT0001254,CUST00170,2026-01-19 15:28:00,product_view,POS,PRD0016,b80ee4da562d83,0.318
EVT0001255,CUST00170,2026-06-10 18:42:00,page_view,MiniProgram,PRD0007,dca7771884a7df,0.378
EVT0001256,CUST00170,2026-01-22 18:47:00,page_view,WeChat,PRD0002,18af31e51ba2fc,0.404
EVT0001257,CUST00170,2026-05-10 19:37:00,store_visit,App,PRD0005,aac2dec0a8ad93,0.673
EVT0001258,CUST00170,2026-04-27 08:31:00,store_visit,POS,PRD0015,1064e035330227,0.523
EVT0001259,CUST00170,2026-03-15 16:20:00,live_stream_view,WeChat,PRD0013,55fdb657ada59d,0.585
EVT0001260,CUST00170,2026-01-08 17:09:00,search,MiniProgram,PRD0003,eb296403cc3ad7,0.736
EVT0001261,CUST00171,2026-03-11 11:53:00,wishlist_add,WeChat,PRD0026,3f1478a67beb4a,0.201
EVT0001262,CUST00171,2026-02-25 11:14:00,product_view,Douyin,PRD0020,bba8279f317ad3,0.769
EVT0001263,CUST00171,2026-01-08 18:23:00,coupon_click,Tmall,PRD0022,811cd6b56d4239,0.299
EVT0001264,CUST00171,2026-03-25 19:33:00,add_to_cart,MiniProgram,PRD0031,5faba4ccd2f3fd,0.787
EVT0001265,CUST00171,2026-02-01 20:25:00,add_to_cart,POS,PRD0033,5ffa49db4df947,0.14
EVT0001266,CUST00172,2026-03-29 09:51:00,add_to_cart,WeChat,PRD0010,6d300a39d0e810,0.603
EVT0001267,CUST00172,2026-04-17 20:10:00,add_to_cart,MiniProgram,PRD0003,f55adc92898238,0.829
EVT0001268,CUST00172,2026-05-27 19:36:00,page_view,Douyin,PRD0009,71cb3f19e3653d,0.519
EVT0001269,CUST00172,2026-01-06 18:19:00,page_view,App,PRD0013,5af4fcc0932d62,0.675
EVT0001270,CUST00172,2026-06-08 15:33:00,page_view,WeChat,PRD0016,0cbc38fd9ccc91,0.715
EVT0001271,CUST00172,2026-01-17 13:54:00,page_view,POS,PRD0006,bfd1bd71966ab9,0.762
EVT0001272,CUST00172,2026-05-21 22:24:00,page_view,WeChat,PRD0015,187cfa34eadbd2,0.218
EVT0001273,CUST00173,2026-06-25 11:18:00,product_view,WeChat,PRD0060,5e6bc0ad78821c,0.137
EVT0001274,CUST00173,2026-02-11 22:40:00,live_stream_view,App,PRD0055,3be3c509a548a1,0.224
EVT0001275,CUST00173,2026-05-08 18:11:00,wishlist_add,MiniProgram,PRD0071,13b284442652c1,0.547
EVT0001276,CUST00173,2026-06-19 20:42:00,product_view,MiniProgram,PRD0064,5c764db28bf299,0.994
EVT0001277,CUST00173,2026-01-12 22:18:00,product_view,MiniProgram,PRD0060,df1946a982bfad,0.809
EVT0001278,CUST00173,2026-06-27 18:27:00,add_to_cart,Tmall,PRD0055,bf5be88aa8420a,0.639
EVT0001279,CUST00173,2026-01-17 09:23:00,search,Tmall,PRD0062,c495d68f12e0ee,0.512
EVT0001280,CUST00173,2026-05-27 08:04:00,store_visit,POS,PRD0056,ded8ff45729a12,0.999
EVT0001281,CUST00173,2026-06-02 12:44:00,wishlist_add,Tmall,PRD0069,b9cac65b987bc6,0.854
EVT0001282,CUST00173,2026-06-20 09:15:00,page_view,MiniProgram,PRD0055,c4e22ee6e65d22,0.289
EVT0001283,CUST00174,2025-11-06 12:10:00,page_view,WeChat,PRD0041,7a6a973c51685a,0.246
EVT0001284,CUST00174,2025-12-06 20:31:00,search,POS,PRD0045,c7658c544324c0,0.227
EVT0001285,CUST00174,2026-04-17 21:42:00,wishlist_add,App,PRD0053,96d88ddafb4f6b,0.893
EVT0001286,CUST00175,2025-09-09 22:27:00,page_view,POS,PRD0006,2f54c135e2af85,0.202
EVT0001287,CUST00175,2026-06-26 16:08:00,product_view,MiniProgram,PRD0014,7933a821be5332,0.657
EVT0001288,CUST00176,2026-06-06 11:47:00,store_visit,App,PRD0062,4987d05a8ef807,0.67
EVT0001289,CUST00176,2026-04-04 20:37:00,add_to_cart,WeChat,PRD0011,824b43b4e1cbaf,0.884
EVT0001290,CUST00176,2026-04-19 16:38:00,coupon_click,App,PRD0030,ca2e78cac598ec,0.434
EVT0001291,CUST00176,2026-04-03 15:50:00,search,App,PRD0050,8571950a056204,0.408
EVT0001292,CUST00177,2026-04-13 09:01:00,wishlist_add,Tmall,PRD0055,b99210dd5b33d7,0.788
EVT0001293,CUST00177,2026-01-04 17:37:00,product_view,MiniProgram,PRD0069,ac4109d5977839,0.859
EVT0001294,CUST00177,2026-05-22 19:27:00,product_view,Douyin,PRD0071,400736506652c7,0.46
EVT0001295,CUST00177,2026-04-01 12:11:00,search,POS,PRD0070,3b03a45d863e36,0.22
EVT0001296,CUST00177,2026-04-29 10:48:00,product_view,POS,PRD0064,dfc23510c05d6e,0.3
EVT0001297,CUST00177,2026-02-25 12:18:00,add_to_cart,POS,PRD0068,05209df026572e,0.516
EVT0001298,CUST00178,2026-05-11 12:33:00,product_view,MiniProgram,PRD0013,4c07e2b59da897,0.898
EVT0001299,CUST00178,2026-06-11 17:09:00,product_view,Tmall,PRD0002,1048296eda80a4,0.871
EVT0001300,CUST00178,2026-05-27 11:54:00,product_view,WeChat,PRD0002,9cb5241784c326,0.395
EVT0001301,CUST00179,2026-04-07 15:54:00,page_view,Tmall,PRD0056,a8c7cad356bc6a,0.235
EVT0001302,CUST00179,2026-01-03 19:05:00,store_visit,WeChat,PRD0055,46732071a525b2,0.595
EVT0001303,CUST00179,2026-03-06 14:56:00,live_stream_view,App,PRD0062,31849ab42a9c16,0.173
EVT0001304,CUST00179,2026-06-06 19:08:00,add_to_cart,App,PRD0065,663a422995a9da,0.304
EVT0001305,CUST00179,2026-04-14 09:51:00,search,POS,PRD0055,3e04aae661d33c,0.777
EVT0001306,CUST00179,2026-04-19 15:26:00,page_view,MiniProgram,PRD0062,2f9e49898c273f,0.457
EVT0001307,CUST00179,2026-05-05 15:22:00,coupon_click,Douyin,PRD0067,6b95c3853e375f,0.521
EVT0001308,CUST00179,2026-06-14 19:35:00,page_view,MiniProgram,PRD0061,a51b36d4aa87da,0.756
EVT0001309,CUST00180,2026-05-28 13:37:00,page_view,Douyin,PRD0027,210932efa863b5,0.891
EVT0001310,CUST00181,2026-03-23 12:22:00,page_view,POS,PRD0039,a25a1abbe51cb0,0.754
EVT0001311,CUST00182,2026-06-28 22:41:00,add_to_cart,WeChat,PRD0012,238129d68b6398,0.448
EVT0001312,CUST00182,2026-02-19 12:26:00,add_to_cart,WeChat,PRD0018,9b87cca428bdd8,0.342
EVT0001313,CUST00182,2026-03-10 18:51:00,live_stream_view,POS,PRD0015,315bb269d1ccd8,0.188
EVT0001314,CUST00182,2026-04-10 20:40:00,coupon_click,Tmall,PRD0016,82aac18102ec0b,0.363
EVT0001315,CUST00182,2026-06-01 10:02:00,page_view,App,PRD0012,0e30cd00e6f4e3,0.765
EVT0001316,CUST00182,2026-01-28 16:29:00,page_view,WeChat,PRD0007,b8521a02ea7d5f,0.488
EVT0001317,CUST00182,2026-06-11 12:37:00,product_view,MiniProgram,PRD0018,84d6b6f1e94bf0,0.988
EVT0001318,CUST00182,2026-02-09 15:59:00,coupon_click,App,PRD0003,332657619a6df2,0.301
EVT0001319,CUST00182,2026-06-23 08:31:00,page_view,App,PRD0012,fc7889cf44d2c1,0.495
EVT0001320,CUST00182,2026-05-20 14:35:00,page_view,App,PRD0010,1ee3d03f76c8a7,0.62
EVT0001321,CUST00183,2026-01-11 14:41:00,add_to_cart,MiniProgram,PRD0019,c606f66755e878,0.644
EVT0001322,CUST00183,2026-06-30 11:30:00,coupon_click,MiniProgram,PRD0032,380ee5b56477ea,0.678
EVT0001323,CUST00183,2026-05-24 08:36:00,live_stream_view,Douyin,PRD0024,4220dd873fb74c,0.755
EVT0001324,CUST00183,2026-01-07 14:26:00,coupon_click,Douyin,PRD0033,05cbeeb85a2ac5,0.507
EVT0001325,CUST00183,2026-03-01 11:17:00,coupon_click,MiniProgram,PRD0030,3ae8a7d9846b5e,0.345
EVT0001326,CUST00183,2026-02-08 16:40:00,page_view,WeChat,PRD0019,0f99f9d22b546d,0.15
EVT0001327,CUST00183,2026-05-18 15:43:00,coupon_click,Douyin,PRD0031,9685624063bfee,0.28
EVT0001328,CUST00184,2026-02-08 21:59:00,product_view,Douyin,PRD0067,2e2fd669491b93,0.629
EVT0001329,CUST00184,2025-07-12 20:18:00,store_visit,POS,PRD0071,765c1e25702c87,0.438
EVT0001330,CUST00184,2026-01-29 11:37:00,live_stream_view,Douyin,PRD0067,1896253a50481f,0.67
EVT0001331,CUST00184,2025-08-23 14:59:00,add_to_cart,POS,PRD0063,aef4076a43b600,0.472
EVT0001332,CUST00184,2026-06-23 15:32:00,live_stream_view,POS,PRD0068,b5e1b1a971ee0a,0.128
EVT0001333,CUST00185,2026-05-07 19:12:00,page_view,App,PRD0049,73ba7befae3966,0.524
EVT0001334,CUST00185,2026-06-09 10:01:00,page_view,Douyin,PRD0047,287a233c6ead8b,0.77
EVT0001335,CUST00185,2026-02-10 14:10:00,live_stream_view,MiniProgram,PRD0040,d05a76dfc2abef,0.504
EVT0001336,CUST00185,2026-06-27 18:11:00,add_to_cart,Tmall,PRD0048,c8d46b21763d4a,0.776
EVT0001337,CUST00185,2026-03-22 09:49:00,search,POS,PRD0049,dfea321a5333fb,0.601
EVT0001338,CUST00185,2026-05-30 15:01:00,wishlist_add,MiniProgram,PRD0049,cd3921222307e6,0.85
EVT0001339,CUST00186,2026-06-05 10:19:00,search,WeChat,PRD0053,45db5237d84009,0.711
EVT0001340,CUST00186,2026-01-31 18:22:00,wishlist_add,WeChat,PRD0040,81af0dd5d2041f,0.875
EVT0001341,CUST00186,2026-04-06 13:04:00,coupon_click,App,PRD0040,c24244546cfd06,0.573
EVT0001342,CUST00186,2026-06-12 20:39:00,add_to_cart,POS,PRD0052,64fdeeaec8adb1,0.349
EVT0001343,CUST00186,2026-04-10 11:16:00,store_visit,MiniProgram,PRD0049,245de3c1e8d0bc,0.507
EVT0001344,CUST00186,2026-03-25 13:21:00,search,Douyin,PRD0037,10a79e1ea97dff,0.481
EVT0001345,CUST00186,2026-04-15 10:13:00,page_view,POS,PRD0050,9bb0530c36e1a5,0.3
EVT0001346,CUST00186,2026-01-12 18:44:00,page_view,Douyin,PRD0052,6bd4ecff12a52a,0.45
EVT0001347,CUST00187,2026-03-09 11:45:00,product_view,Douyin,PRD0070,155b231bb2ba24,0.677
EVT0001348,CUST00187,2026-03-14 21:08:00,product_view,App,PRD0055,c413e9eb33a6a0,0.891
EVT0001349,CUST00187,2026-06-28 20:11:00,product_view,POS,PRD0067,1dd91446b0282f,0.961
EVT0001350,CUST00187,2026-03-01 09:51:00,product_view,POS,PRD0069,b2f75efaabc9eb,0.354
EVT0001351,CUST00187,2026-06-26 11:21:00,live_stream_view,Douyin,PRD0055,a5624fbbcbd5be,0.821
EVT0001352,CUST00187,2026-06-09 18:05:00,page_view,Douyin,PRD0061,e829345a497959,0.768
EVT0001353,CUST00188,2026-03-15 14:38:00,coupon_click,POS,PRD0009,43385712bf279c,0.835
EVT0001354,CUST00188,2026-06-24 18:14:00,store_visit,POS,PRD0003,24fe06f6ae1fec,0.628
EVT0001355,CUST00188,2026-03-23 08:58:00,page_view,POS,PRD0002,c141e3a40d4b97,0.25
EVT0001356,CUST00188,2026-05-14 17:31:00,search,Tmall,PRD0017,2f0118ae9ba9af,0.814
EVT0001357,CUST00188,2026-03-05 20:29:00,wishlist_add,POS,PRD0013,ee425829f148ed,0.586
EVT0001358,CUST00188,2026-05-19 08:52:00,search,POS,PRD0016,6195ab0a632b4e,0.719
EVT0001359,CUST00188,2026-04-20 17:40:00,product_view,WeChat,PRD0011,4f2f0b95caed25,0.815
EVT0001360,CUST00188,2026-05-19 16:18:00,live_stream_view,WeChat,PRD0014,f0a8ce81906fbd,0.618
EVT0001361,CUST00188,2026-06-13 21:45:00,add_to_cart,App,PRD0010,8f234cc3548c99,0.39
EVT0001362,CUST00189,2026-03-10 21:49:00,page_view,MiniProgram,PRD0043,c6aa4b1d24ecd2,0.935
EVT0001363,CUST00189,2026-05-17 10:06:00,live_stream_view,Tmall,PRD0039,2abbe45ccea6b6,0.851
EVT0001364,CUST00189,2026-02-02 10:58:00,page_view,Tmall,PRD0050,70a9fcea754f35,0.681
EVT0001365,CUST00189,2026-05-23 20:01:00,search,POS,PRD0051,18055e2ff24d10,0.795
EVT0001366,CUST00189,2026-05-01 08:05:00,page_view,Tmall,PRD0050,6f95e0774c45b6,0.334
EVT0001367,CUST00189,2026-01-26 13:24:00,live_stream_view,MiniProgram,PRD0048,265e74ca2e2bf8,0.969
EVT0001368,CUST00189,2026-01-26 09:11:00,product_view,Douyin,PRD0039,9b1a93eed9b61a,0.253
EVT0001369,CUST00189,2026-05-28 17:10:00,wishlist_add,Tmall,PRD0050,2ba0ad11500370,0.674
EVT0001370,CUST00189,2026-04-22 15:51:00,wishlist_add,WeChat,PRD0043,e1b8e006c00c78,0.385
EVT0001371,CUST00190,2026-04-27 16:07:00,add_to_cart,MiniProgram,PRD0061,b5ba056e8fdc6a,0.161
EVT0001372,CUST00190,2026-04-12 14:11:00,product_view,Tmall,PRD0066,fe7dd722f875c1,0.296
EVT0001373,CUST00190,2026-04-04 13:10:00,product_view,App,PRD0066,4803fbd5b83089,0.747
EVT0001374,CUST00190,2026-04-24 20:48:00,page_view,POS,PRD0065,631862f4d45093,0.44
EVT0001375,CUST00190,2026-02-28 22:48:00,product_view,POS,PRD0067,c25015b8854c46,0.867
EVT0001376,CUST00190,2026-06-08 14:35:00,wishlist_add,App,PRD0066,920d312272b3e1,0.569
EVT0001377,CUST00190,2026-03-18 11:38:00,page_view,MiniProgram,PRD0058,38a12a047872b9,0.921
EVT0001378,CUST00190,2026-03-22 20:09:00,page_view,WeChat,PRD0065,4e8ae6097c89ab,0.367
EVT0001379,CUST00190,2026-01-10 17:07:00,search,Douyin,PRD0067,118ce71cf37a39,0.516
EVT0001380,CUST00191,2026-03-26 19:32:00,wishlist_add,Douyin,PRD0011,77b9934b7c1f78,0.67
EVT0001381,CUST00191,2026-05-05 15:50:00,product_view,App,PRD0005,35e5fa0134ea7b,0.869
EVT0001382,CUST00191,2026-04-22 08:11:00,product_view,POS,PRD0003,5b7e54acd3d412,0.163
EVT0001383,CUST00192,2026-04-29 18:03:00,coupon_click,POS,PRD0072,548aef0e8bbede,0.512
EVT0001384,CUST00192,2026-06-22 22:27:00,search,Douyin,PRD0042,88f0a7b9bb8b57,0.225
EVT0001385,CUST00192,2026-05-16 20:49:00,page_view,App,PRD0024,5244a533d850d3,0.584
EVT0001386,CUST00192,2026-05-19 17:35:00,add_to_cart,App,PRD0041,9cd3b5d1446a15,0.61
EVT0001387,CUST00192,2026-03-02 14:06:00,store_visit,POS,PRD0024,94b6dbe81041a9,0.384
EVT0001388,CUST00192,2026-04-25 09:06:00,search,Douyin,PRD0010,13cfb1c0e9c874,0.864
EVT0001389,CUST00192,2026-03-14 12:17:00,product_view,Douyin,PRD0055,ad4ba7c41fa390,0.274
EVT0001390,CUST00192,2026-04-12 21:24:00,page_view,POS,PRD0005,5eb16ba8b8a5d2,0.96
EVT0001391,CUST00193,2026-05-31 12:58:00,store_visit,POS,PRD0027,fa4c6314e9c1fa,0.515
EVT0001392,CUST00193,2026-01-05 18:02:00,page_view,WeChat,PRD0026,443a2fc0a2b229,0.562
EVT0001393,CUST00193,2026-01-27 22:38:00,page_view,WeChat,PRD0033,e5a136c4a01a88,0.258
EVT0001394,CUST00193,2026-06-27 13:22:00,add_to_cart,WeChat,PRD0031,2e8c8f647ea210,0.6
EVT0001395,CUST00193,2026-05-16 21:33:00,add_to_cart,WeChat,PRD0034,3b8a7f5037b4af,0.48
EVT0001396,CUST00193,2026-01-26 16:01:00,product_view,POS,PRD0032,2be9b359c86049,0.888
EVT0001397,CUST00193,2026-04-10 12:53:00,wishlist_add,Douyin,PRD0028,9860931bdf30cf,0.951
EVT0001398,CUST00193,2026-03-14 08:44:00,product_view,Tmall,PRD0025,df3a5cdb9ce88f,0.699
EVT0001399,CUST00193,2026-03-08 08:40:00,store_visit,MiniProgram,PRD0020,798b367deaefe5,0.721
EVT0001400,CUST00193,2026-06-16 18:06:00,store_visit,POS,PRD0029,4d97460e7f0087,0.148
EVT0001401,CUST00193,2026-01-08 16:50:00,page_view,Tmall,PRD0024,a3a59c892cb3b8,0.866
EVT0001402,CUST00194,2026-02-07 14:35:00,product_view,WeChat,PRD0003,b614c7c79c6846,0.823
EVT0001403,CUST00194,2026-03-11 14:54:00,search,Tmall,PRD0003,f3eeb976596a8e,0.6
EVT0001404,CUST00194,2026-03-31 19:36:00,page_view,WeChat,PRD0002,fab47b25c3bf5e,0.179
EVT0001405,CUST00194,2026-01-26 21:38:00,product_view,MiniProgram,PRD0002,994773b28878d9,0.221
EVT0001406,CUST00194,2026-05-26 10:49:00,add_to_cart,POS,PRD0001,039236ebb8ee6b,0.879
EVT0001407,CUST00194,2026-03-13 19:49:00,coupon_click,POS,PRD0012,d327d5518cd300,0.627
EVT0001408,CUST00194,2026-04-09 22:43:00,product_view,POS,PRD0016,285da59e1d10b4,0.556
EVT0001409,CUST00194,2026-03-10 16:26:00,product_view,App,PRD0004,cb4f32dde1ac53,0.963
EVT0001410,CUST00194,2026-03-19 14:25:00,live_stream_view,Tmall,PRD0007,629e04fa862ea4,0.603
EVT0001411,CUST00194,2026-04-10 18:49:00,wishlist_add,POS,PRD0006,5b892b7d67a718,0.981
EVT0001412,CUST00195,2025-11-13 08:23:00,page_view,MiniProgram,PRD0067,a0bf4dc7580ba1,0.983
EVT0001413,CUST00195,2025-09-15 19:35:00,page_view,POS,PRD0066,4ecffb5d059a08,0.966
EVT0001414,CUST00196,2026-06-14 10:59:00,page_view,MiniProgram,PRD0050,b8b091d32b8d18,0.946
EVT0001415,CUST00196,2026-04-22 16:17:00,coupon_click,App,PRD0042,c8fad84b534846,0.841
EVT0001416,CUST00196,2026-03-11 19:59:00,add_to_cart,Douyin,PRD0047,c2e957213ca7e3,0.579
EVT0001417,CUST00196,2026-04-02 12:48:00,store_visit,WeChat,PRD0051,e384abf439a41f,0.931
EVT0001418,CUST00196,2026-01-22 22:12:00,page_view,Douyin,PRD0049,0776fe1d6a3d07,0.678
EVT0001419,CUST00196,2026-04-04 09:59:00,store_visit,Tmall,PRD0053,029298750be429,0.222
EVT0001420,CUST00196,2026-04-01 14:13:00,page_view,App,PRD0053,c847d5b659ff95,0.558
EVT0001421,CUST00196,2026-01-07 09:51:00,page_view,Douyin,PRD0042,cd3a605ff0e326,0.423
EVT0001422,CUST00196,2026-04-02 15:06:00,wishlist_add,App,PRD0037,cf5dc3bfbae70e,0.706
EVT0001423,CUST00196,2026-05-31 11:18:00,page_view,MiniProgram,PRD0041,b67ba985323548,0.544
EVT0001424,CUST00197,2025-07-12 21:10:00,search,POS,PRD0037,a6fa417bfa06a2,0.467
EVT0001425,CUST00198,2026-05-21 20:34:00,product_view,MiniProgram,PRD0029,9f8a13eb9251fb,0.321
EVT0001426,CUST00198,2026-06-13 19:51:00,store_visit,App,PRD0031,af3d8a18e06a8b,0.828
EVT0001427,CUST00198,2026-03-19 19:18:00,search,App,PRD0027,38e66671b5c9f2,0.598
EVT0001428,CUST00199,2026-05-10 16:31:00,live_stream_view,WeChat,PRD0025,813efb2420daa1,0.194
EVT0001429,CUST00199,2026-01-30 16:17:00,product_view,WeChat,PRD0029,70da556b03dfe3,0.34
EVT0001430,CUST00199,2026-04-09 20:20:00,product_view,App,PRD0034,56934f2d630852,0.24
EVT0001431,CUST00199,2026-05-15 19:31:00,product_view,MiniProgram,PRD0025,c598e8aaf60da1,0.622
EVT0001432,CUST00199,2026-02-22 21:33:00,product_view,MiniProgram,PRD0031,dba609d234cc29,0.156
EVT0001433,CUST00199,2026-05-05 20:36:00,product_view,WeChat,PRD0035,9d7a7760a33ba4,0.131
EVT0001434,CUST00199,2026-03-22 20:30:00,page_view,POS,PRD0035,3cf4a586afd038,0.808
EVT0001435,CUST00199,2026-03-14 08:45:00,page_view,POS,PRD0019,00aa6127269a37,0.746
EVT0001436,CUST00200,2026-04-17 12:46:00,product_view,MiniProgram,PRD0010,70ade8fda62ba6,0.955
EVT0001437,CUST00200,2026-02-13 19:19:00,page_view,WeChat,PRD0004,0e61163cf66bd6,0.896
EVT0001438,CUST00200,2026-02-02 16:46:00,store_visit,Douyin,PRD0005,d7bc78796130e3,0.923
EVT0001439,CUST00200,2026-06-13 19:06:00,wishlist_add,Douyin,PRD0005,82b7f2c4e366ac,0.884
EVT0001440,CUST00200,2026-01-15 12:12:00,product_view,Tmall,PRD0002,58bacbd535c5ea,0.462
EVT0001441,CUST00200,2026-06-23 08:22:00,product_view,MiniProgram,PRD0016,8cffe560db4d72,0.826
EVT0001442,CUST00200,2026-03-28 17:15:00,coupon_click,Douyin,PRD0017,bf9bce435f77a7,0.91
EVT0001443,CUST00200,2026-04-15 16:08:00,add_to_cart,MiniProgram,PRD0007,4d52f66e90c0d9,0.539
EVT0001444,CUST00200,2026-03-01 12:13:00,product_view,WeChat,PRD0013,eae07305e1a64b,0.819
EVT0001445,CUST00201,2026-04-23 16:29:00,page_view,Tmall,PRD0072,b5da0d27be8d6a,0.407
EVT0001446,CUST00201,2025-11-19 18:16:00,page_view,Tmall,PRD0066,45886e315ac3e6,0.197
EVT0001447,CUST00201,2026-03-18 08:52:00,page_view,WeChat,PRD0056,6e7c95bcdc81af,0.898
EVT0001448,CUST00201,2026-01-26 16:01:00,page_view,Douyin,PRD0063,44cd7d0164a740,0.337
EVT0001449,CUST00201,2025-09-18 13:34:00,page_view,WeChat,PRD0065,9979fafd8cb4e5,0.722
EVT0001450,CUST00202,2026-03-30 16:56:00,coupon_click,POS,PRD0032,786003f0c76bc3,0.519
EVT0001451,CUST00202,2026-04-04 14:47:00,page_view,MiniProgram,PRD0022,3611b6198ae19f,0.334
EVT0001452,CUST00202,2026-01-28 10:01:00,product_view,WeChat,PRD0033,3d368ee4c6eb49,0.935
EVT0001453,CUST00202,2026-04-17 12:17:00,store_visit,App,PRD0024,d626cbcdf2c257,0.165
EVT0001454,CUST00203,2026-01-28 16:57:00,product_view,App,PRD0014,169f5d3b76052e,0.251
EVT0001455,CUST00203,2026-06-12 15:38:00,product_view,App,PRD0015,d33c6b78c88af3,0.182
EVT0001456,CUST00203,2026-03-11 17:18:00,add_to_cart,MiniProgram,PRD0006,c5fe13fab2a178,0.36
EVT0001457,CUST00203,2026-02-15 22:42:00,search,MiniProgram,PRD0012,01cdad61211feb,0.758
EVT0001458,CUST00203,2026-01-05 19:31:00,wishlist_add,WeChat,PRD0014,b87d0e5e57a523,0.4
EVT0001459,CUST00203,2026-05-28 10:22:00,coupon_click,Tmall,PRD0001,c697223ced76db,0.786
EVT0001460,CUST00203,2026-06-10 16:12:00,product_view,WeChat,PRD0007,0f54681803b199,0.904
EVT0001461,CUST00203,2026-05-09 20:20:00,page_view,App,PRD0014,c40aba36df1ea2,0.406
EVT0001462,CUST00203,2026-01-27 11:15:00,product_view,WeChat,PRD0013,4c454e097a1ea1,0.974
EVT0001463,CUST00203,2026-02-08 20:42:00,coupon_click,WeChat,PRD0006,a6084fb07f64e4,0.379
EVT0001464,CUST00203,2026-07-01 15:34:00,wishlist_add,Tmall,PRD0016,49e18b1808ab37,0.545
EVT0001465,CUST00204,2026-03-02 13:04:00,add_to_cart,MiniProgram,PRD0010,7019c8e159cd4a,0.691
EVT0001466,CUST00204,2026-01-07 21:24:00,coupon_click,POS,PRD0003,489059ccb57602,0.913
EVT0001467,CUST00204,2026-04-25 11:54:00,live_stream_view,WeChat,PRD0006,582dff2f6e4593,0.225
EVT0001468,CUST00205,2026-03-10 10:58:00,live_stream_view,Douyin,PRD0028,1e76b68716c163,0.861
EVT0001469,CUST00205,2026-02-12 10:02:00,page_view,MiniProgram,PRD0033,ec1e706c7d4b2c,0.96
EVT0001470,CUST00205,2026-03-14 15:44:00,store_visit,Tmall,PRD0027,84d440abc0d0e0,0.788
EVT0001471,CUST00205,2026-05-24 12:22:00,wishlist_add,App,PRD0023,b1d1ceaf4c451e,0.751
EVT0001472,CUST00205,2026-05-04 16:49:00,product_view,App,PRD0023,ffed1d9bf03bc1,0.56
EVT0001473,CUST00205,2026-06-10 13:33:00,live_stream_view,App,PRD0021,daa8d7ae4327af,0.954
EVT0001474,CUST00205,2026-05-24 08:23:00,product_view,Tmall,PRD0030,5911e2e9f53fe4,0.834
EVT0001475,CUST00205,2026-01-09 22:33:00,product_view,POS,PRD0019,966dee95caca13,0.922
EVT0001476,CUST00205,2026-04-21 20:11:00,live_stream_view,WeChat,PRD0025,b4c2c225fa46c5,0.971
EVT0001477,CUST00206,2026-06-25 10:31:00,page_view,Tmall,PRD0009,69ab3834abea23,0.799
EVT0001478,CUST00206,2026-01-18 10:52:00,page_view,App,PRD0006,df545b3de8cfac,0.187
EVT0001479,CUST00206,2026-02-15 19:46:00,store_visit,POS,PRD0013,cd45ded5768874,0.89
EVT0001480,CUST00206,2026-03-21 14:15:00,coupon_click,POS,PRD0012,f1b12f61daf0f7,0.117
EVT0001481,CUST00206,2026-03-23 20:56:00,product_view,POS,PRD0010,5050dfe4c7d013,0.777
EVT0001482,CUST00206,2026-01-09 08:08:00,page_view,POS,PRD0013,e1d1048a806e44,0.141
EVT0001483,CUST00206,2026-06-28 18:51:00,product_view,MiniProgram,PRD0009,454cc32b3d4274,0.623
EVT0001484,CUST00206,2026-04-28 09:53:00,wishlist_add,App,PRD0004,e3be89ee979827,0.138
EVT0001485,CUST00206,2026-05-03 18:11:00,product_view,MiniProgram,PRD0017,00747b0770e972,0.623
EVT0001486,CUST00206,2026-02-17 12:45:00,product_view,WeChat,PRD0004,7dcd8e01c79d0e,0.655
EVT0001487,CUST00206,2026-05-29 22:19:00,search,App,PRD0002,84e64dc52eebff,0.145
EVT0001488,CUST00206,2026-01-03 21:19:00,wishlist_add,Tmall,PRD0006,558d721b8c5c7f,0.973
EVT0001489,CUST00206,2026-02-28 10:07:00,page_view,Tmall,PRD0006,d0989503043fba,0.508
EVT0001490,CUST00207,2026-05-17 21:52:00,page_view,WeChat,PRD0012,2eea28deff04ba,0.345
EVT0001491,CUST00207,2026-02-23 20:06:00,live_stream_view,Douyin,PRD0008,5c00002248a4fd,0.994
EVT0001492,CUST00207,2026-04-04 13:02:00,page_view,Tmall,PRD0017,3356ff2988a668,0.293
EVT0001493,CUST00207,2026-01-14 10:39:00,live_stream_view,Tmall,PRD0008,df1b2e0c6ceadd,0.722
EVT0001494,CUST00207,2026-02-23 09:18:00,product_view,MiniProgram,PRD0009,e58061c3f1b95a,0.468
EVT0001495,CUST00207,2026-03-19 11:12:00,live_stream_view,POS,PRD0010,bbbd8c6c445078,0.917
EVT0001496,CUST00207,2026-03-26 12:48:00,search,Tmall,PRD0007,fa5c20ad81420f,0.313
EVT0001497,CUST00207,2026-06-09 14:46:00,product_view,POS,PRD0015,546cfa323e7900,0.106
EVT0001498,CUST00207,2026-02-16 16:48:00,page_view,App,PRD0015,87a841c41c5c42,0.953
EVT0001499,CUST00207,2026-03-31 12:59:00,search,POS,PRD0014,dd9b4b67c6ddcc,0.223
EVT0001500,CUST00207,2026-02-26 17:02:00,store_visit,Douyin,PRD0014,17c451af14e112,0.433
EVT0001501,CUST00208,2026-04-02 13:10:00,add_to_cart,MiniProgram,PRD0062,68525819f433ac,0.383
EVT0001502,CUST00208,2026-05-16 20:17:00,coupon_click,Douyin,PRD0070,52de5ed68389c8,0.971
EVT0001503,CUST00208,2026-05-29 11:06:00,page_view,App,PRD0062,8cf02610547d78,0.987
EVT0001504,CUST00208,2026-03-09 17:52:00,page_view,Douyin,PRD0067,11c5ada00cabb3,0.735
EVT0001505,CUST00208,2026-05-26 20:49:00,wishlist_add,WeChat,PRD0056,7b9ca480bcd3c8,0.449
EVT0001506,CUST00208,2026-02-17 08:54:00,add_to_cart,App,PRD0069,eda8f52874b0fb,0.951
EVT0001507,CUST00208,2026-01-04 15:04:00,product_view,Tmall,PRD0062,7a13462dee10ce,0.96
EVT0001508,CUST00208,2026-01-24 19:56:00,live_stream_view,Tmall,PRD0061,735f9368388c4b,0.436
EVT0001509,CUST00208,2026-02-04 15:45:00,page_view,MiniProgram,PRD0055,6add6b8d44c2cb,0.706
EVT0001510,CUST00208,2026-06-26 14:32:00,wishlist_add,POS,PRD0064,aebc08492eba7f,0.323
EVT0001511,CUST00208,2026-06-26 19:49:00,coupon_click,POS,PRD0066,36b2c2c4632f29,0.622
EVT0001512,CUST00208,2026-04-08 16:21:00,wishlist_add,Douyin,PRD0066,725e2e5eb390f2,0.333
EVT0001513,CUST00209,2025-08-27 20:11:00,product_view,App,PRD0014,7f8abdeb2c065e,0.635
EVT0001514,CUST00209,2026-06-16 17:44:00,product_view,POS,PRD0003,261fe820b4db95,0.109
EVT0001515,CUST00209,2026-05-09 17:53:00,add_to_cart,MiniProgram,PRD0005,b35f1566acbef4,0.909
EVT0001516,CUST00209,2025-08-30 18:21:00,coupon_click,POS,PRD0003,932baf135f954f,0.388
EVT0001517,CUST00210,2026-04-28 20:09:00,coupon_click,App,PRD0055,ca849de730070e,0.736
EVT0001518,CUST00210,2026-06-27 14:34:00,page_view,App,PRD0039,0c76df76ee374a,0.934
EVT0001519,CUST00210,2026-02-11 22:58:00,add_to_cart,Tmall,PRD0030,1e31ce352b414f,0.32
EVT0001520,CUST00210,2026-05-15 14:06:00,add_to_cart,Tmall,PRD0065,e819bcfef11202,0.174
EVT0001521,CUST00210,2026-02-16 10:17:00,add_to_cart,MiniProgram,PRD0062,5980678017cd2e,0.562
EVT0001522,CUST00210,2026-02-06 20:23:00,wishlist_add,MiniProgram,PRD0006,d5b1c08ba8042d,0.159
EVT0001523,CUST00210,2026-02-05 08:47:00,product_view,Douyin,PRD0053,ae2be6d8cfb0fd,0.303
EVT0001524,CUST00210,2026-06-08 20:17:00,page_view,POS,PRD0057,aef1e7cd4b0e0d,0.279
EVT0001525,CUST00210,2026-02-25 08:38:00,add_to_cart,Tmall,PRD0041,74aba76ce652d0,0.268
EVT0001526,CUST00210,2026-03-19 20:06:00,live_stream_view,MiniProgram,PRD0025,89784f2157fcd3,0.121
EVT0001527,CUST00210,2026-02-10 21:33:00,page_view,POS,PRD0027,93122dbac3f35a,0.539
EVT0001528,CUST00210,2026-04-22 22:44:00,wishlist_add,Douyin,PRD0051,f2fa6e96f74bee,0.1
EVT0001529,CUST00210,2026-06-03 13:18:00,live_stream_view,Tmall,PRD0028,7ac8013aef8ec8,0.664
EVT0001530,CUST00211,2026-01-03 16:11:00,store_visit,WeChat,PRD0001,9cf36ae3ad40c4,0.908
EVT0001531,CUST00211,2026-06-20 21:26:00,product_view,MiniProgram,PRD0013,37a56cb0cfea1f,0.906
EVT0001532,CUST00211,2026-06-12 18:18:00,wishlist_add,MiniProgram,PRD0001,5c5b5ee2fa64b6,0.192
EVT0001533,CUST00212,2026-06-27 13:15:00,product_view,POS,PRD0071,63aaaf2a42cb5c,0.197
EVT0001534,CUST00212,2026-02-09 16:18:00,page_view,Tmall,PRD0063,844847d4233f18,0.266
EVT0001535,CUST00212,2025-10-16 09:49:00,product_view,App,PRD0059,b44f28a98e88ae,0.913
EVT0001536,CUST00213,2026-02-01 18:28:00,page_view,Douyin,PRD0043,2eb46fd9d80095,0.25
EVT0001537,CUST00213,2026-02-15 09:30:00,product_view,App,PRD0048,f8b8e6dae00e77,0.23
EVT0001538,CUST00213,2026-01-30 10:48:00,product_view,WeChat,PRD0039,35abc34fb34f11,0.446
EVT0001539,CUST00213,2026-02-14 08:58:00,add_to_cart,WeChat,PRD0053,1f9bd1288fd8d9,0.709
EVT0001540,CUST00213,2026-01-04 22:44:00,store_visit,WeChat,PRD0039,25250bea4f3ff4,0.898
EVT0001541,CUST00213,2026-01-14 20:30:00,search,POS,PRD0050,0b071ecb4cbf54,0.594
EVT0001542,CUST00213,2026-06-29 11:59:00,product_view,POS,PRD0045,c918205764c450,0.671
EVT0001543,CUST00213,2026-03-23 20:15:00,page_view,WeChat,PRD0054,16122e48461f5f,0.543
EVT0001544,CUST00213,2026-05-10 16:30:00,product_view,Douyin,PRD0052,7d2188e9325e9d,0.936
EVT0001545,CUST00213,2026-05-09 16:25:00,wishlist_add,WeChat,PRD0045,39a276187c225a,0.803
EVT0001546,CUST00213,2026-04-07 19:43:00,search,WeChat,PRD0046,f3b7dfad6c9705,0.416
EVT0001547,CUST00213,2026-02-01 15:03:00,search,Douyin,PRD0039,332c4e7a681d90,0.102
EVT0001548,CUST00214,2026-04-27 15:13:00,product_view,POS,PRD0020,eacfb46d9e2f69,0.981
EVT0001549,CUST00214,2026-01-11 21:51:00,add_to_cart,MiniProgram,PRD0024,ca3a335d476a24,0.593
EVT0001550,CUST00214,2026-01-08 13:43:00,add_to_cart,App,PRD0035,e2137291f86688,0.348
EVT0001551,CUST00214,2026-05-29 14:59:00,coupon_click,Tmall,PRD0034,0903a32cee3e9c,0.583
EVT0001552,CUST00214,2026-06-29 10:52:00,store_visit,MiniProgram,PRD0024,5f99b0058cc4da,0.485
EVT0001553,CUST00215,2026-04-02 18:06:00,wishlist_add,App,PRD0018,c9a29f085e5a69,0.13
EVT0001554,CUST00215,2026-01-12 17:28:00,add_to_cart,Douyin,PRD0015,e1129e8a08ba98,0.106
EVT0001555,CUST00215,2026-01-02 15:48:00,store_visit,Tmall,PRD0006,b74782764294d2,0.165
EVT0001556,CUST00215,2026-03-23 13:26:00,product_view,WeChat,PRD0005,21e26499da2ec1,0.743
EVT0001557,CUST00215,2026-01-27 17:03:00,store_visit,Douyin,PRD0010,fd33a2313faf02,0.557
EVT0001558,CUST00215,2026-03-04 15:37:00,coupon_click,App,PRD0005,82d55765a7260c,0.2
EVT0001559,CUST00215,2026-05-13 17:55:00,product_view,MiniProgram,PRD0016,32a8069568379f,0.6
EVT0001560,CUST00215,2026-04-01 22:21:00,product_view,Douyin,PRD0016,06d83e7b9140b3,0.367
EVT0001561,CUST00215,2026-06-20 21:35:00,coupon_click,Douyin,PRD0007,0990907d322252,0.959
EVT0001562,CUST00216,2026-06-23 22:32:00,product_view,POS,PRD0058,ee58fe0fb06f37,0.825
EVT0001563,CUST00216,2026-03-29 19:47:00,product_view,MiniProgram,PRD0061,9acaf60a5f74fe,0.571
EVT0001564,CUST00216,2026-05-19 16:32:00,live_stream_view,App,PRD0068,973c0950c977e5,0.796
EVT0001565,CUST00216,2026-03-05 11:59:00,search,MiniProgram,PRD0059,3694cc849653a5,0.48
EVT0001566,CUST00216,2026-03-31 16:48:00,product_view,POS,PRD0062,ba8c443bb6fcd9,0.607
EVT0001567,CUST00216,2026-06-05 18:04:00,store_visit,MiniProgram,PRD0059,4f865f7b95a8f6,0.162
EVT0001568,CUST00217,2026-03-28 19:07:00,product_view,App,PRD0006,a375be64b0e8f1,0.655
EVT0001569,CUST00217,2026-05-17 08:22:00,search,MiniProgram,PRD0001,0eec37bac4e933,0.362
EVT0001570,CUST00217,2026-01-12 14:27:00,product_view,POS,PRD0007,74e754245fc700,0.425
EVT0001571,CUST00217,2026-04-22 10:07:00,page_view,Tmall,PRD0005,27aecc5986f669,0.855
EVT0001572,CUST00217,2026-02-10 16:16:00,product_view,MiniProgram,PRD0006,5366d9395d4462,0.461
EVT0001573,CUST00217,2026-05-13 12:45:00,product_view,Tmall,PRD0005,f069cd5b673166,0.822
EVT0001574,CUST00217,2026-02-22 16:58:00,page_view,POS,PRD0003,2bb400d53be8e8,0.472
EVT0001575,CUST00217,2026-06-23 17:27:00,product_view,App,PRD0018,c0572b6910d27d,0.613
EVT0001576,CUST00217,2026-03-02 10:14:00,page_view,Douyin,PRD0015,2247e9d1cdeeee,0.101
EVT0001577,CUST00217,2026-02-27 19:18:00,product_view,WeChat,PRD0004,ba10f83d9fd35e,0.239
EVT0001578,CUST00217,2026-02-26 20:17:00,page_view,MiniProgram,PRD0007,2acb52e0869b04,0.884
EVT0001579,CUST00217,2026-06-05 12:49:00,page_view,POS,PRD0008,3cf27895b05ade,0.109
EVT0001580,CUST00218,2026-02-08 21:31:00,page_view,POS,PRD0063,781744c6f2a2ad,0.972
EVT0001581,CUST00218,2025-11-10 17:09:00,add_to_cart,App,PRD0064,0a4709f9683ebe,0.592
EVT0001582,CUST00218,2026-03-02 15:57:00,product_view,POS,PRD0058,e2833becc02eae,0.341
EVT0001583,CUST00218,2026-03-24 08:32:00,coupon_click,MiniProgram,PRD0062,94c8de47c8f61c,0.616
EVT0001584,CUST00219,2026-03-30 16:42:00,add_to_cart,WeChat,PRD0042,0e11b89050c620,0.12
EVT0001585,CUST00219,2026-02-26 13:35:00,add_to_cart,App,PRD0038,bcb70271569b16,0.101
EVT0001586,CUST00219,2026-02-09 11:32:00,page_view,MiniProgram,PRD0049,50826392a8ed29,0.995
EVT0001587,CUST00219,2026-03-18 09:25:00,store_visit,Tmall,PRD0037,62b628478e2008,0.94
EVT0001588,CUST00219,2026-02-19 16:35:00,page_view,Douyin,PRD0051,4b826dbffc7505,0.69
EVT0001589,CUST00219,2026-06-15 08:14:00,live_stream_view,POS,PRD0048,fc5e783a46ea1f,0.421
EVT0001590,CUST00219,2026-06-18 13:35:00,product_view,POS,PRD0040,8c9124c5013ab3,0.305
EVT0001591,CUST00220,2026-04-05 12:58:00,coupon_click,App,PRD0038,3b5f06b53fdd89,0.13
EVT0001592,CUST00220,2026-03-07 09:40:00,search,MiniProgram,PRD0041,795da364a8c352,0.777
EVT0001593,CUST00220,2026-03-10 20:46:00,store_visit,Douyin,PRD0043,3034c4d711b4a7,0.146
EVT0001594,CUST00220,2026-03-31 17:42:00,page_view,Tmall,PRD0049,4bc17425b67151,0.763
EVT0001595,CUST00220,2026-02-08 10:43:00,product_view,MiniProgram,PRD0046,2a487d4594d133,0.732
EVT0001596,CUST00220,2026-03-06 14:51:00,product_view,Tmall,PRD0053,0c185cc07bcbc3,0.508
EVT0001597,CUST00220,2026-03-07 16:50:00,product_view,App,PRD0041,840e764fdcd96f,0.716
EVT0001598,CUST00220,2026-06-07 22:16:00,wishlist_add,Tmall,PRD0052,695d2ccedb7610,0.21
EVT0001599,CUST00220,2026-04-08 15:35:00,page_view,WeChat,PRD0047,74b851c1afcf45,0.359
EVT0001600,CUST00220,2026-01-19 09:42:00,add_to_cart,App,PRD0037,e72e5ec6db4747,0.644
EVT0001601,CUST00221,2026-05-17 21:14:00,live_stream_view,WeChat,PRD0036,3a9de5e7cd1292,0.992
EVT0001602,CUST00221,2026-03-17 10:26:00,coupon_click,POS,PRD0031,54a8a12062aa03,0.492
EVT0001603,CUST00221,2026-06-14 16:45:00,product_view,Douyin,PRD0033,4a98392542d3f3,0.535
EVT0001604,CUST00221,2026-01-17 22:54:00,search,WeChat,PRD0023,7dc76a86d22061,0.556
EVT0001605,CUST00221,2026-04-11 22:38:00,page_view,WeChat,PRD0029,207937542866f3,0.225
EVT0001606,CUST00221,2026-02-21 13:21:00,add_to_cart,Douyin,PRD0020,79b9da21b8fae4,0.912
EVT0001607,CUST00221,2026-05-25 20:40:00,product_view,POS,PRD0035,1fe6839b0ae8cf,0.886
EVT0001608,CUST00221,2026-06-06 10:34:00,add_to_cart,Douyin,PRD0020,629fd68ad15d78,0.742
EVT0001609,CUST00221,2026-06-20 15:20:00,product_view,Tmall,PRD0034,4abc3e3efce20f,0.232
EVT0001610,CUST00221,2026-03-22 15:39:00,wishlist_add,POS,PRD0035,969a06fd49f069,0.262
EVT0001611,CUST00222,2026-05-27 17:55:00,product_view,MiniProgram,PRD0041,df52f927a2c2db,0.178
EVT0001612,CUST00222,2026-05-27 12:15:00,page_view,Douyin,PRD0053,3e7629f482c66d,0.841
EVT0001613,CUST00222,2026-06-27 09:19:00,search,MiniProgram,PRD0043,cc4ab3440d3cf9,0.334
EVT0001614,CUST00222,2026-03-02 09:26:00,product_view,Douyin,PRD0047,f9113a37c4b472,0.112
EVT0001615,CUST00222,2026-04-19 12:55:00,page_view,App,PRD0044,e8f12739041d3c,0.96
EVT0001616,CUST00222,2026-06-21 11:24:00,add_to_cart,POS,PRD0040,517911ea5fde33,0.75
EVT0001617,CUST00222,2026-03-03 22:24:00,search,WeChat,PRD0040,dc4a6bb37f6939,0.367
EVT0001618,CUST00222,2026-06-19 22:17:00,page_view,App,PRD0045,e007f5d6ccf729,0.174
EVT0001619,CUST00222,2026-01-23 13:29:00,wishlist_add,Douyin,PRD0045,092bee2fb6176f,0.336
EVT0001620,CUST00223,2025-11-16 21:43:00,coupon_click,WeChat,PRD0037,2ef8abf0a13e0d,0.957
EVT0001621,CUST00223,2025-07-10 21:36:00,live_stream_view,Tmall,PRD0045,1c03049eea24e8,0.201
EVT0001622,CUST00223,2025-11-03 18:40:00,page_view,MiniProgram,PRD0050,dee8df48c1bbfa,0.701
EVT0001623,CUST00223,2026-02-07 13:00:00,add_to_cart,POS,PRD0039,ecc220d1ef0592,0.152
EVT0001624,CUST00223,2026-03-18 08:16:00,search,WeChat,PRD0041,9036f382d52e0f,0.497
EVT0001625,CUST00224,2026-02-08 22:19:00,search,WeChat,PRD0061,ce6e74a7837c9c,0.619
EVT0001626,CUST00224,2026-06-15 21:05:00,search,POS,PRD0063,2a356a6f240359,0.99
EVT0001627,CUST00224,2026-06-14 20:24:00,product_view,POS,PRD0064,1201fcde3146ef,0.895
EVT0001628,CUST00224,2026-02-17 10:11:00,search,Douyin,PRD0065,c73ac0c62d43f5,0.489
EVT0001629,CUST00224,2026-05-29 17:52:00,product_view,MiniProgram,PRD0070,edf4a0992d8c1c,0.928
EVT0001630,CUST00224,2026-04-11 09:34:00,live_stream_view,MiniProgram,PRD0063,32c135956ae7a7,0.237
EVT0001631,CUST00224,2026-05-18 14:04:00,add_to_cart,Tmall,PRD0057,0fee8f64059b59,0.147
EVT0001632,CUST00224,2026-01-15 16:43:00,page_view,POS,PRD0063,07cca734ac3206,0.708
EVT0001633,CUST00224,2026-05-02 14:41:00,coupon_click,POS,PRD0057,597d916cc93086,0.357
EVT0001634,CUST00224,2026-05-06 08:06:00,add_to_cart,App,PRD0057,7ad497a4be2c52,0.545
EVT0001635,CUST00224,2026-06-14 19:40:00,add_to_cart,Tmall,PRD0061,e35ca14bb48a9b,0.731
EVT0001636,CUST00225,2026-01-15 19:20:00,live_stream_view,Tmall,PRD0009,0a5f588342776a,0.507
EVT0001637,CUST00225,2026-04-11 16:56:00,product_view,App,PRD0007,11a7e5ba53148c,0.461
EVT0001638,CUST00225,2026-05-29 20:23:00,page_view,Tmall,PRD0003,46b43f75bbb9bc,0.308
EVT0001639,CUST00225,2026-06-21 18:04:00,page_view,MiniProgram,PRD0016,e38480f9285cca,0.728
EVT0001640,CUST00226,2026-04-17 09:10:00,product_view,Tmall,PRD0021,5d0515a39ffda2,0.874
EVT0001641,CUST00226,2026-06-29 18:04:00,coupon_click,Tmall,PRD0019,4beb305805b9a8,0.255
EVT0001642,CUST00226,2026-01-11 21:09:00,search,Tmall,PRD0027,0e600a72cee863,0.385
EVT0001643,CUST00226,2026-01-30 11:39:00,product_view,POS,PRD0031,d466edaa7603f4,0.581
EVT0001644,CUST00227,2026-03-07 12:44:00,page_view,Douyin,PRD0022,a52ddef4975ada,0.449
EVT0001645,CUST00227,2026-06-07 17:46:00,coupon_click,App,PRD0033,4d81d0f58c1542,0.827
EVT0001646,CUST00227,2026-04-27 09:29:00,store_visit,Douyin,PRD0030,04c940f0d6dd11,0.826
EVT0001647,CUST00227,2026-02-26 20:47:00,product_view,WeChat,PRD0020,19d6450a489815,0.762
EVT0001648,CUST00228,2026-02-27 14:07:00,product_view,WeChat,PRD0036,439628cd744f9b,0.909
EVT0001649,CUST00228,2026-02-06 22:58:00,search,App,PRD0025,008a0bd049ba88,0.214
EVT0001650,CUST00228,2026-03-23 21:04:00,product_view,App,PRD0022,b401f178a7e1a3,0.812
EVT0001651,CUST00228,2026-06-08 19:59:00,product_view,POS,PRD0032,dc2bf427748d26,0.76
EVT0001652,CUST00228,2026-03-06 17:11:00,product_view,App,PRD0033,ff662bdd3b5aa8,0.502
EVT0001653,CUST00228,2026-06-04 09:29:00,add_to_cart,POS,PRD0035,e84f6cbabe6f73,0.369
EVT0001654,CUST00228,2026-03-04 22:44:00,add_to_cart,Tmall,PRD0025,4571e8c27c6668,0.63
EVT0001655,CUST00228,2026-02-12 20:21:00,page_view,App,PRD0026,1fb4bc2ca48215,0.332
EVT0001656,CUST00228,2026-01-19 19:23:00,page_view,WeChat,PRD0034,04507489a29e18,0.307
EVT0001657,CUST00228,2026-04-19 08:43:00,page_view,App,PRD0035,20a34860fd9f62,0.711
EVT0001658,CUST00228,2026-06-14 10:29:00,search,MiniProgram,PRD0034,d2d4cbd088b667,0.384
EVT0001659,CUST00228,2026-05-07 16:26:00,page_view,Douyin,PRD0034,d6b26b34ce6440,0.291
EVT0001660,CUST00229,2026-02-13 19:42:00,add_to_cart,POS,PRD0064,c621cf1e6a7945,0.866
EVT0001661,CUST00229,2026-03-27 20:49:00,store_visit,App,PRD0060,c27f14a00e666d,0.588
EVT0001662,CUST00229,2026-04-05 15:59:00,product_view,WeChat,PRD0070,6fc48542afa4b6,0.112
EVT0001663,CUST00229,2026-03-01 19:17:00,add_to_cart,POS,PRD0070,b23d239587ddcf,0.388
EVT0001664,CUST00230,2026-02-08 17:32:00,coupon_click,Douyin,PRD0065,4d01281e55a404,0.89
EVT0001665,CUST00230,2026-01-08 08:48:00,product_view,POS,PRD0062,c2704bfdafa221,0.145
EVT0001666,CUST00230,2026-01-11 16:17:00,product_view,WeChat,PRD0064,6504b305055202,0.626
EVT0001667,CUST00231,2026-04-13 21:54:00,product_view,App,PRD0033,760c592157e02d,0.985
EVT0001668,CUST00231,2026-01-30 18:41:00,page_view,Douyin,PRD0027,6ce963b0bc4f67,0.348
EVT0001669,CUST00231,2026-05-26 21:36:00,store_visit,Douyin,PRD0035,0d91ff891340e6,0.647
EVT0001670,CUST00231,2026-03-05 22:55:00,coupon_click,POS,PRD0022,910eec65ae45a4,0.401
EVT0001671,CUST00231,2026-04-03 21:06:00,store_visit,Tmall,PRD0020,68741b3fb1a454,0.677
EVT0001672,CUST00231,2026-01-22 20:16:00,wishlist_add,POS,PRD0036,6f977345584672,0.46
EVT0001673,CUST00231,2026-06-12 12:30:00,page_view,MiniProgram,PRD0031,89c43e8bcb1342,0.335
EVT0001674,CUST00231,2026-05-28 20:47:00,page_view,POS,PRD0027,881526b4f82bd5,0.133
EVT0001675,CUST00232,2026-05-15 11:28:00,store_visit,MiniProgram,PRD0059,bb32079d11a9eb,0.585
EVT0001676,CUST00232,2026-06-11 12:24:00,live_stream_view,App,PRD0064,6ef16b873c3a48,0.955
EVT0001677,CUST00232,2026-04-07 08:48:00,page_view,MiniProgram,PRD0055,cd3e38d19cc165,0.346
EVT0001678,CUST00232,2026-04-27 10:47:00,page_view,Douyin,PRD0068,86b3b7e77696d9,0.514
EVT0001679,CUST00232,2026-01-02 18:00:00,search,MiniProgram,PRD0064,edd3773ae3c409,0.554
EVT0001680,CUST00232,2026-06-07 09:30:00,product_view,Tmall,PRD0061,235a19f60fed6d,0.281
EVT0001681,CUST00232,2026-03-09 16:24:00,live_stream_view,Tmall,PRD0065,ea1e7bce5c2320,0.88
EVT0001682,CUST00232,2026-03-24 19:20:00,store_visit,WeChat,PRD0069,0bd31b17cdb80f,0.984
EVT0001683,CUST00233,2026-01-07 12:51:00,live_stream_view,App,PRD0026,7b848a722e5a38,0.963
EVT0001684,CUST00233,2026-04-22 15:14:00,product_view,MiniProgram,PRD0030,d9e6299b805e4e,0.278
EVT0001685,CUST00233,2026-02-22 11:59:00,coupon_click,Douyin,PRD0033,d8c55f9966ffda,0.59
EVT0001686,CUST00234,2026-02-22 20:47:00,product_view,App,PRD0037,7d19dd923cc70b,0.23
EVT0001687,CUST00234,2026-07-01 15:16:00,live_stream_view,MiniProgram,PRD0053,4e2e6e48bf3888,0.377
EVT0001688,CUST00234,2026-06-17 21:16:00,product_view,Tmall,PRD0046,2ee7855145cce0,0.986
EVT0001689,CUST00234,2026-04-06 22:34:00,wishlist_add,WeChat,PRD0049,3048dd618aed81,0.609
EVT0001690,CUST00234,2026-01-26 20:52:00,search,Douyin,PRD0054,ad45090f518221,0.673
EVT0001691,CUST00234,2026-05-05 10:59:00,page_view,Douyin,PRD0040,8ccda28e5fe89e,0.565
EVT0001692,CUST00234,2026-05-13 11:06:00,add_to_cart,POS,PRD0051,18cb0534113854,0.148
EVT0001693,CUST00234,2026-06-26 13:26:00,product_view,POS,PRD0037,7a3388b990e690,0.37
EVT0001694,CUST00234,2026-02-21 20:53:00,page_view,Tmall,PRD0051,b9d01b7f2d6d02,0.699
EVT0001695,CUST00235,2026-03-22 13:51:00,store_visit,WeChat,PRD0034,4f0d1d3e37e9c9,0.4
EVT0001696,CUST00235,2026-02-16 19:30:00,page_view,WeChat,PRD0034,d14f34340cbd45,0.436
EVT0001697,CUST00235,2026-01-12 08:58:00,wishlist_add,Tmall,PRD0033,9b3a13016aaedf,0.367
EVT0001698,CUST00235,2026-05-22 17:39:00,page_view,WeChat,PRD0029,c5f1e7fd78ea43,0.136
EVT0001699,CUST00235,2026-04-02 10:59:00,store_visit,Tmall,PRD0025,556650f0bfc9de,0.963
EVT0001700,CUST00235,2026-06-12 15:08:00,add_to_cart,App,PRD0022,b025eecdf9de97,0.209
EVT0001701,CUST00235,2026-01-25 20:32:00,page_view,WeChat,PRD0023,343408799ac4fd,0.459
EVT0001702,CUST00235,2026-04-10 21:47:00,page_view,WeChat,PRD0029,1e5f76bde952a9,0.83
EVT0001703,CUST00235,2026-04-14 16:24:00,page_view,Douyin,PRD0036,a1339d3cfd06a8,0.598
EVT0001704,CUST00235,2026-05-20 20:12:00,live_stream_view,Douyin,PRD0020,308029da2508e3,0.249
EVT0001705,CUST00235,2026-02-20 20:43:00,page_view,MiniProgram,PRD0019,bb6dfde6cdf0a7,0.408
EVT0001706,CUST00236,2026-02-28 08:30:00,coupon_click,MiniProgram,PRD0032,b5fa6f2893ef8c,0.279
EVT0001707,CUST00236,2026-02-25 11:32:00,search,MiniProgram,PRD0028,1c1a7b0203640f,0.563
EVT0001708,CUST00236,2026-06-25 12:07:00,live_stream_view,MiniProgram,PRD0030,95293618e921b1,0.514
EVT0001709,CUST00236,2026-03-17 20:16:00,page_view,WeChat,PRD0019,108c8c89e005c7,0.336
EVT0001710,CUST00236,2026-06-12 13:32:00,product_view,App,PRD0026,563907fc5c734a,0.537
EVT0001711,CUST00236,2026-06-03 18:11:00,product_view,POS,PRD0030,18a5ebdcedc198,0.145
EVT0001712,CUST00236,2026-05-22 14:56:00,product_view,MiniProgram,PRD0028,b1b1ff1f60cab6,0.823
EVT0001713,CUST00236,2026-06-03 19:31:00,page_view,Tmall,PRD0024,161fe2eb1514ac,0.77
EVT0001714,CUST00236,2026-06-25 22:47:00,live_stream_view,MiniProgram,PRD0025,cfb038429e00ec,0.918
EVT0001715,CUST00236,2026-01-09 16:45:00,coupon_click,App,PRD0036,07f152c6f3e37a,0.251
EVT0001716,CUST00236,2026-01-13 15:11:00,page_view,Tmall,PRD0031,cafa5745d987d6,0.955
EVT0001717,CUST00236,2026-03-27 22:06:00,store_visit,Tmall,PRD0027,1ce82443822489,0.684
EVT0001718,CUST00236,2026-04-07 17:07:00,coupon_click,App,PRD0019,367ac7c0bf2ede,0.731
EVT0001719,CUST00237,2026-02-16 17:38:00,search,App,PRD0018,9df1ddaf0c11c4,0.741
EVT0001720,CUST00237,2026-02-07 10:48:00,page_view,WeChat,PRD0018,cd929d04561a39,0.833
EVT0001721,CUST00237,2026-02-20 13:09:00,add_to_cart,WeChat,PRD0004,8092540b787d64,0.563
EVT0001722,CUST00237,2026-04-13 11:45:00,add_to_cart,MiniProgram,PRD0016,d755bd52b0202e,0.17
EVT0001723,CUST00237,2026-02-20 19:43:00,page_view,Tmall,PRD0016,4d8f399810e2d2,0.243
EVT0001724,CUST00237,2026-05-17 17:48:00,add_to_cart,App,PRD0008,81f0074910edcc,0.766
EVT0001725,CUST00237,2026-02-28 12:33:00,search,POS,PRD0015,63cd7b003b841c,0.624
EVT0001726,CUST00237,2026-03-11 09:28:00,page_view,Douyin,PRD0001,fc208d20edcefa,0.741
EVT0001727,CUST00237,2026-05-02 17:40:00,page_view,MiniProgram,PRD0016,a9f63d939901f9,0.336
EVT0001728,CUST00237,2026-04-11 18:29:00,store_visit,App,PRD0012,2bbec13eb890c7,0.57
EVT0001729,CUST00237,2026-01-27 17:14:00,store_visit,POS,PRD0007,da2f9d01c8fe4a,0.47
EVT0001730,CUST00237,2026-02-26 09:48:00,wishlist_add,Douyin,PRD0006,484210bd1dbd7a,0.646
EVT0001731,CUST00237,2026-05-04 14:06:00,product_view,App,PRD0009,1bb542f6959190,0.407
EVT0001732,CUST00238,2026-02-19 19:03:00,page_view,POS,PRD0018,cb1abcfa12c01c,0.866
EVT0001733,CUST00238,2026-04-07 12:09:00,live_stream_view,POS,PRD0012,cc29fdd2661d08,0.267
EVT0001734,CUST00238,2026-01-09 20:57:00,search,Tmall,PRD0011,87e5e5c57b7975,0.662
EVT0001735,CUST00238,2026-03-12 16:15:00,product_view,MiniProgram,PRD0004,7723938d3a3e96,0.313
EVT0001736,CUST00239,2026-05-11 18:58:00,product_view,App,PRD0013,f042b44ee79d4c,0.831
EVT0001737,CUST00239,2026-05-25 14:33:00,product_view,Douyin,PRD0001,f07003ef9dcb59,0.586
EVT0001738,CUST00239,2026-03-31 18:47:00,search,App,PRD0011,49171b796b685f,0.63
EVT0001739,CUST00240,2026-06-10 10:03:00,search,MiniProgram,PRD0028,a2358929f5ff22,0.69
EVT0001740,CUST00240,2026-02-08 13:17:00,product_view,WeChat,PRD0021,eaefa3213a1d7d,0.614
EVT0001741,CUST00240,2026-03-08 20:14:00,product_view,WeChat,PRD0036,d77f0b86eedc40,0.649
EVT0001742,CUST00240,2026-03-23 08:28:00,store_visit,POS,PRD0024,ade54c6e5d8ade,0.804
EVT0001743,CUST00241,2026-03-17 20:55:00,product_view,Douyin,PRD0050,dc40228aa543a6,0.607
EVT0001744,CUST00241,2026-05-08 13:50:00,product_view,Tmall,PRD0053,bd35cf01317f37,0.403
EVT0001745,CUST00241,2026-02-07 10:15:00,product_view,App,PRD0047,252117bf872947,0.404
EVT0001746,CUST00241,2026-01-04 12:10:00,store_visit,MiniProgram,PRD0054,238b065ab502f9,0.33
EVT0001747,CUST00241,2026-06-18 13:33:00,page_view,Douyin,PRD0047,6e524a72afe2b1,0.724
EVT0001748,CUST00241,2026-06-02 19:06:00,search,POS,PRD0047,295aac5c6bd145,0.289
EVT0001749,CUST00241,2026-01-04 11:19:00,page_view,App,PRD0051,1a6df3f0774850,0.386
EVT0001750,CUST00241,2026-01-05 18:05:00,store_visit,MiniProgram,PRD0038,0bc0fb6327c686,0.556
EVT0001751,CUST00241,2026-03-04 14:02:00,product_view,POS,PRD0046,8606470db25664,0.686
EVT0001752,CUST00242,2026-02-20 19:42:00,wishlist_add,Douyin,PRD0002,01bbb3f32d69f6,0.465
EVT0001753,CUST00242,2026-04-07 12:24:00,page_view,Tmall,PRD0028,06b73d6e8227f9,0.518
EVT0001754,CUST00242,2026-01-28 21:17:00,live_stream_view,Douyin,PRD0034,03560fdac45874,0.766
EVT0001755,CUST00242,2026-01-26 11:37:00,page_view,Douyin,PRD0033,825aca290e99c9,0.811
EVT0001756,CUST00242,2026-05-23 08:08:00,add_to_cart,Tmall,PRD0050,91e9ddd0e206bd,0.47
EVT0001757,CUST00242,2026-06-30 17:11:00,page_view,MiniProgram,PRD0048,eed7bb640f3a8c,0.313
EVT0001758,CUST00242,2026-02-03 12:48:00,wishlist_add,App,PRD0001,7efe88658118c2,0.686
EVT0001759,CUST00243,2026-03-29 11:09:00,search,Tmall,PRD0022,12f7b6f271fed9,0.791
EVT0001760,CUST00243,2026-05-17 13:23:00,add_to_cart,App,PRD0027,394cae503983ce,0.65
EVT0001761,CUST00243,2026-03-13 22:47:00,store_visit,POS,PRD0019,f3fe983a2f9489,0.538
EVT0001762,CUST00243,2026-01-31 16:48:00,page_view,POS,PRD0026,f913d499727849,0.556
EVT0001763,CUST00243,2026-04-02 14:48:00,product_view,MiniProgram,PRD0029,cb572b0af8ff86,0.646
EVT0001764,CUST00243,2026-03-21 09:15:00,product_view,App,PRD0033,a9b9bcfdc01c96,0.401
EVT0001765,CUST00243,2026-05-27 17:46:00,search,MiniProgram,PRD0022,81c0debcf28a6d,0.533
EVT0001766,CUST00243,2026-06-02 19:20:00,product_view,Tmall,PRD0030,cab24636828cb2,0.921
EVT0001767,CUST00244,2026-04-22 11:49:00,page_view,POS,PRD0025,b5518d5a68efec,0.476
EVT0001768,CUST00244,2026-02-20 08:53:00,product_view,WeChat,PRD0028,8edfa451c0cd84,0.943
EVT0001769,CUST00244,2026-04-20 18:04:00,page_view,Douyin,PRD0036,ab168674de1e73,0.689
EVT0001770,CUST00244,2026-05-09 18:08:00,add_to_cart,POS,PRD0024,42c1987cc94d3d,0.589
EVT0001771,CUST00244,2026-02-02 13:48:00,product_view,WeChat,PRD0026,7a3ca0ede3f4e7,0.292
EVT0001772,CUST00244,2026-03-28 16:30:00,product_view,POS,PRD0024,102f87145fda46,0.453
EVT0001773,CUST00245,2026-01-23 19:53:00,add_to_cart,MiniProgram,PRD0001,42cafa994ee983,0.308
EVT0001774,CUST00245,2026-06-22 18:44:00,coupon_click,Douyin,PRD0007,cd25b94bb7e970,0.654
EVT0001775,CUST00245,2026-04-29 19:01:00,add_to_cart,Tmall,PRD0003,eb6df4c84a6750,0.503
EVT0001776,CUST00245,2026-05-13 21:39:00,product_view,App,PRD0004,79fdc30e0f4cfc,0.627
EVT0001777,CUST00246,2026-03-13 10:30:00,live_stream_view,App,PRD0002,3aa65c37f277bc,0.54
EVT0001778,CUST00246,2026-06-24 13:38:00,search,MiniProgram,PRD0012,c18cc77148bc2d,0.463
EVT0001779,CUST00246,2026-06-11 22:54:00,wishlist_add,Douyin,PRD0011,e1cbfd9ccd8f84,0.459
EVT0001780,CUST00247,2026-06-04 17:56:00,page_view,Tmall,PRD0026,8dccde7ffbfeb5,0.427
EVT0001781,CUST00247,2026-06-24 13:47:00,live_stream_view,App,PRD0034,0a8fcadfaa9854,0.378
EVT0001782,CUST00247,2026-06-01 09:32:00,add_to_cart,App,PRD0028,4ae83946c594ab,0.405
EVT0001783,CUST00247,2026-03-01 20:04:00,page_view,POS,PRD0035,9bba92583ae693,0.179
EVT0001784,CUST00247,2026-05-12 22:16:00,product_view,App,PRD0023,f170b8f24d4b71,0.832
EVT0001785,CUST00247,2026-05-30 22:57:00,page_view,App,PRD0020,eb6a5ae9826a29,0.524
EVT0001786,CUST00247,2026-01-24 14:48:00,product_view,Tmall,PRD0029,cc51562c4e27dc,0.606
EVT0001787,CUST00248,2026-02-12 18:55:00,product_view,WeChat,PRD0028,7d266622323252,0.992
EVT0001788,CUST00248,2026-03-17 14:09:00,search,App,PRD0036,973dffacb471d0,0.637
EVT0001789,CUST00248,2026-01-08 22:44:00,live_stream_view,Douyin,PRD0030,549bf5d27205e4,0.361
EVT0001790,CUST00248,2026-03-17 22:42:00,page_view,WeChat,PRD0024,b62eafef8ffee9,0.531
EVT0001791,CUST00249,2026-03-30 11:58:00,add_to_cart,Tmall,PRD0030,2ca252e0c1a263,0.218
EVT0001792,CUST00249,2026-06-03 16:12:00,page_view,WeChat,PRD0027,651144193d9984,0.998
EVT0001793,CUST00249,2026-06-13 15:46:00,page_view,Tmall,PRD0031,49bde205fa7f04,0.663
EVT0001794,CUST00249,2026-06-08 15:08:00,page_view,Tmall,PRD0036,d7853e07296765,0.237
EVT0001795,CUST00249,2026-06-12 18:44:00,coupon_click,POS,PRD0026,d6ab8e97c9dbdc,0.286
EVT0001796,CUST00249,2026-01-14 15:03:00,page_view,POS,PRD0019,ed9f955e34874c,0.873
EVT0001797,CUST00249,2026-04-09 14:04:00,page_view,Douyin,PRD0032,4d677c292546f9,0.455
EVT0001798,CUST00249,2026-06-01 14:40:00,search,POS,PRD0027,dd7b932d82a74c,0.804
EVT0001799,CUST00249,2026-02-03 13:28:00,wishlist_add,Tmall,PRD0028,00821bce3dd6a4,0.199
EVT0001800,CUST00249,2026-05-23 08:42:00,product_view,POS,PRD0033,62a1c081b83a76,0.74
EVT0001801,CUST00250,2026-04-16 19:39:00,product_view,WeChat,PRD0051,6386ff58d9ae95,0.456
EVT0001802,CUST00250,2026-02-06 14:55:00,add_to_cart,App,PRD0052,8e063f23c9659c,0.856
EVT0001803,CUST00250,2026-01-10 15:52:00,wishlist_add,Douyin,PRD0038,571afdf64f76cb,0.374
EVT0001804,CUST00250,2026-06-02 12:28:00,product_view,Tmall,PRD0054,671f81bbac20a7,0.362
EVT0001805,CUST00250,2026-02-09 14:44:00,page_view,WeChat,PRD0041,ae321ee900ece7,0.825
EVT0001806,CUST00250,2026-05-04 11:12:00,coupon_click,Douyin,PRD0041,4e46ff0992dce9,0.772
EVT0001807,CUST00250,2026-02-01 10:04:00,add_to_cart,App,PRD0051,b8f6dd3eec35ea,0.743
EVT0001808,CUST00250,2026-05-31 17:52:00,store_visit,POS,PRD0042,5f4c08875867c9,0.549
EVT0001809,CUST00250,2026-03-06 12:41:00,coupon_click,Douyin,PRD0046,2944f90ee5abda,0.942
EVT0001810,CUST00250,2026-03-19 19:15:00,product_view,WeChat,PRD0043,e0864c828f134f,0.224
EVT0001811,CUST00250,2026-01-05 14:57:00,store_visit,Tmall,PRD0041,2e19d8b1065428,0.537
EVT0001812,CUST00250,2026-01-13 13:29:00,page_view,Douyin,PRD0053,8cbfa33ebe6ac9,0.846
EVT0001813,CUST00251,2026-02-19 16:53:00,page_view,Tmall,PRD0057,53684d9b7df070,0.181
EVT0001814,CUST00251,2026-01-04 17:41:00,store_visit,App,PRD0072,57156c5acecde3,0.495
EVT0001815,CUST00251,2026-01-03 10:15:00,page_view,WeChat,PRD0065,4a4b7a04a5936c,0.407
EVT0001816,CUST00251,2026-03-24 18:03:00,search,MiniProgram,PRD0069,79a4c54dbc7770,0.881
EVT0001817,CUST00251,2026-02-03 20:56:00,wishlist_add,App,PRD0064,c137a073705c92,0.29
EVT0001818,CUST00251,2026-01-03 18:50:00,add_to_cart,Tmall,PRD0066,17e06cb5098a7d,0.178
EVT0001819,CUST00252,2026-03-27 22:58:00,coupon_click,Douyin,PRD0002,f5a1c66a083492,0.704
EVT0001820,CUST00252,2026-03-16 17:09:00,coupon_click,WeChat,PRD0006,62a0388b5eeed3,0.787
EVT0001821,CUST00252,2026-03-07 14:12:00,add_to_cart,POS,PRD0015,823b3812064b84,0.129
EVT0001822,CUST00252,2026-05-09 21:35:00,search,Tmall,PRD0004,261921766fbaf9,0.719
EVT0001823,CUST00252,2026-02-14 12:59:00,product_view,WeChat,PRD0015,89a27af3b4ece9,0.46
EVT0001824,CUST00252,2026-04-04 11:19:00,page_view,Tmall,PRD0007,4bb3a3e7e08a07,0.6
EVT0001825,CUST00253,2026-03-20 21:57:00,add_to_cart,WeChat,PRD0047,f3b222268a9b8a,0.923
EVT0001826,CUST00253,2026-01-16 14:41:00,search,Douyin,PRD0050,af38be4b1d90d6,0.521
EVT0001827,CUST00253,2026-05-02 08:50:00,live_stream_view,MiniProgram,PRD0053,aeb5bc99306c26,0.112
EVT0001828,CUST00254,2026-01-09 19:17:00,page_view,Douyin,PRD0010,7d244755fef5a8,0.688
EVT0001829,CUST00254,2026-04-13 11:45:00,product_view,POS,PRD0007,4a35c83f34880d,0.641
EVT0001830,CUST00254,2026-02-15 15:15:00,product_view,App,PRD0007,31548449631b70,0.897
EVT0001831,CUST00254,2026-01-30 16:37:00,page_view,App,PRD0018,8e44df640bf726,0.484
EVT0001832,CUST00254,2026-01-06 16:19:00,coupon_click,POS,PRD0009,7ae6763047d7fc,0.702
EVT0001833,CUST00254,2026-04-12 09:28:00,add_to_cart,Douyin,PRD0013,35b508d00adb07,0.751
EVT0001834,CUST00254,2026-01-04 13:52:00,coupon_click,Douyin,PRD0008,731153945f8bdb,0.219
EVT0001835,CUST00254,2026-04-22 13:43:00,page_view,Douyin,PRD0004,aa2a939c3a8edf,0.905
EVT0001836,CUST00255,2025-10-07 22:10:00,product_view,POS,PRD0027,5e268caafa3f34,0.549
EVT0001837,CUST00255,2026-06-30 08:07:00,product_view,Douyin,PRD0023,4e8e5163ccb01d,0.266
EVT0001838,CUST00255,2025-12-17 21:57:00,product_view,MiniProgram,PRD0027,b769115702ceca,0.393
EVT0001839,CUST00255,2026-01-12 19:21:00,product_view,MiniProgram,PRD0022,d7a93a2061f3ae,0.641
EVT0001840,CUST00255,2025-10-29 17:27:00,product_view,MiniProgram,PRD0022,5ae2338f661d15,0.723
EVT0001841,CUST00256,2026-03-13 19:32:00,page_view,App,PRD0065,b766fe49de54c1,0.845
EVT0001842,CUST00256,2026-04-09 20:43:00,add_to_cart,WeChat,PRD0057,cc412917871048,0.469
EVT0001843,CUST00256,2026-02-09 21:54:00,page_view,WeChat,PRD0058,b11baa37662367,0.392
EVT0001844,CUST00257,2026-05-20 19:28:00,store_visit,Tmall,PRD0030,5347c14315383f,0.476
EVT0001845,CUST00257,2026-06-04 09:53:00,wishlist_add,Douyin,PRD0020,19d6ef37bea718,0.767
EVT0001846,CUST00257,2026-04-21 11:17:00,product_view,Tmall,PRD0023,01397055561002,0.59
EVT0001847,CUST00257,2026-04-12 09:53:00,live_stream_view,POS,PRD0026,22f7a84edb7c0b,0.953
EVT0001848,CUST00257,2026-06-27 21:41:00,add_to_cart,POS,PRD0033,3171b2b9b92864,0.569
EVT0001849,CUST00258,2026-04-04 11:19:00,search,Tmall,PRD0026,1d6f0eacd17c34,0.904
EVT0001850,CUST00258,2026-06-21 18:36:00,page_view,Douyin,PRD0022,23477d2cc1747a,0.386
EVT0001851,CUST00258,2026-06-03 13:54:00,coupon_click,WeChat,PRD0031,bca8018a4a0c93,0.207
EVT0001852,CUST00258,2026-04-25 12:08:00,coupon_click,App,PRD0032,4f9310fda3ab38,0.552
EVT0001853,CUST00258,2026-05-01 09:17:00,page_view,MiniProgram,PRD0034,7198648d401f78,0.785
EVT0001854,CUST00258,2026-06-16 17:04:00,store_visit,Douyin,PRD0028,78546edd10d0ee,0.578
EVT0001855,CUST00258,2026-05-20 22:09:00,product_view,Tmall,PRD0026,35d75824c1a9a9,0.971
EVT0001856,CUST00258,2026-05-13 16:38:00,product_view,WeChat,PRD0023,d7326d12b71ebe,0.721
EVT0001857,CUST00258,2026-02-27 10:03:00,coupon_click,Tmall,PRD0032,9a47b24fa39222,0.109
EVT0001858,CUST00258,2026-02-16 09:13:00,page_view,Tmall,PRD0026,bb446c1839d53b,0.347
EVT0001859,CUST00258,2026-06-20 11:23:00,store_visit,WeChat,PRD0030,c57a99d3303438,0.483
EVT0001860,CUST00259,2026-04-17 14:09:00,page_view,POS,PRD0018,87667e4d0cfeb2,0.908
EVT0001861,CUST00259,2026-06-27 19:44:00,page_view,MiniProgram,PRD0001,8698e51a077cb1,0.561
EVT0001862,CUST00259,2026-04-06 18:30:00,search,POS,PRD0017,e8873222752ffc,0.881
EVT0001863,CUST00259,2026-04-03 16:36:00,store_visit,App,PRD0013,8434c0b5d402e4,0.388
EVT0001864,CUST00259,2026-02-20 19:25:00,add_to_cart,Douyin,PRD0012,dc9ebd03f97eab,0.762
EVT0001865,CUST00259,2026-01-04 21:10:00,page_view,Douyin,PRD0013,b51f91747bdc60,0.842
EVT0001866,CUST00259,2026-04-25 22:38:00,wishlist_add,Tmall,PRD0016,3bfde4fdb850b3,0.891
EVT0001867,CUST00259,2026-03-28 22:28:00,live_stream_view,App,PRD0007,7096341ce445ab,0.188
EVT0001868,CUST00259,2026-05-08 08:29:00,store_visit,WeChat,PRD0003,5a0a0f16ccaa43,0.552
EVT0001869,CUST00259,2026-06-08 11:42:00,page_view,App,PRD0012,934af22b89531d,0.993
EVT0001870,CUST00260,2026-02-27 08:38:00,product_view,Douyin,PRD0055,f58c76a817ae64,0.617
EVT0001871,CUST00260,2026-05-28 21:23:00,page_view,Douyin,PRD0058,468f1c2c5d9f11,0.787
EVT0001872,CUST00260,2026-05-06 08:49:00,add_to_cart,Tmall,PRD0072,0252bc2688e6fd,0.418
EVT0001873,CUST00260,2026-03-03 19:22:00,product_view,MiniProgram,PRD0058,01d7078242f3c0,0.129
EVT0001874,CUST00260,2026-03-01 17:48:00,coupon_click,Tmall,PRD0058,ec86bcf720c219,0.391
EVT0001875,CUST00260,2026-03-07 15:43:00,search,Douyin,PRD0056,12451de15315a3,0.61
EVT0001876,CUST00260,2026-02-26 22:59:00,search,Douyin,PRD0065,d65190e4c744fe,0.151
EVT0001877,CUST00260,2026-06-16 19:45:00,product_view,MiniProgram,PRD0072,a01ce29666ebea,0.755
EVT0001878,CUST00260,2026-05-02 12:11:00,page_view,MiniProgram,PRD0064,8e535ed5afaab3,0.843
EVT0001879,CUST00260,2026-05-22 15:32:00,add_to_cart,POS,PRD0060,5959027998a676,0.29
EVT0001880,CUST00260,2026-03-17 11:35:00,product_view,App,PRD0068,42fad61e74a56f,0.544
EVT0001881,CUST00260,2026-05-10 08:15:00,page_view,WeChat,PRD0062,c15c8dcced6131,0.522
EVT0001882,CUST00260,2026-01-24 22:41:00,page_view,POS,PRD0072,3d8261fe523805,0.327
EVT0001883,CUST00261,2026-04-05 22:28:00,product_view,MiniProgram,PRD0018,6f58c642fd94d4,0.13
EVT0001884,CUST00261,2026-06-13 14:34:00,product_view,WeChat,PRD0017,a5004f40e07324,0.718
EVT0001885,CUST00261,2026-01-25 12:23:00,page_view,MiniProgram,PRD0017,5d07f98f4c9dc7,0.139
EVT0001886,CUST00261,2026-05-21 09:52:00,product_view,App,PRD0010,9da7393703a8cf,0.871
EVT0001887,CUST00262,2026-06-11 09:19:00,product_view,WeChat,PRD0047,b4e040dd23a615,0.195
EVT0001888,CUST00262,2025-07-18 19:36:00,add_to_cart,App,PRD0054,e9076e40aff6ab,0.201
EVT0001889,CUST00262,2025-12-28 15:23:00,product_view,MiniProgram,PRD0044,a51c6b4ff3debd,0.762
EVT0001890,CUST00262,2025-12-17 14:35:00,store_visit,POS,PRD0054,6d9c9f8f406440,0.605
EVT0001891,CUST00263,2026-02-02 14:51:00,page_view,POS,PRD0045,82442e3622a4c7,0.609
EVT0001892,CUST00263,2026-02-19 16:31:00,coupon_click,App,PRD0050,e53384170d1035,0.119
EVT0001893,CUST00263,2026-06-04 15:14:00,add_to_cart,Tmall,PRD0054,2b7053f8c42644,0.745
EVT0001894,CUST00263,2026-02-16 09:28:00,add_to_cart,Douyin,PRD0049,43d3df534eae8f,0.794
EVT0001895,CUST00264,2026-06-17 19:47:00,product_view,POS,PRD0003,056d7ebdacdf33,0.256
EVT0001896,CUST00264,2026-03-10 10:58:00,product_view,App,PRD0014,a2673b8b469e0c,0.789
EVT0001897,CUST00264,2026-05-06 08:27:00,add_to_cart,App,PRD0014,b163bc2353ca11,0.573
EVT0001898,CUST00264,2026-04-18 13:30:00,page_view,POS,PRD0017,c4c027b1f08bfa,0.904
EVT0001899,CUST00264,2026-04-21 11:49:00,wishlist_add,MiniProgram,PRD0018,1b1296b572f850,0.597
EVT0001900,CUST00265,2025-07-22 08:27:00,search,POS,PRD0003,b493b6fe5990ae,0.379
EVT0001901,CUST00265,2025-07-08 14:27:00,add_to_cart,MiniProgram,PRD0008,da30494cd2fc84,0.594
EVT0001902,CUST00265,2026-01-12 22:15:00,add_to_cart,Douyin,PRD0018,72d2df65aba43a,0.675
EVT0001903,CUST00265,2025-07-14 16:47:00,add_to_cart,POS,PRD0014,5053a28dd291dd,0.583
EVT0001904,CUST00266,2026-03-30 22:36:00,coupon_click,WeChat,PRD0007,edf114162e6003,0.327
EVT0001905,CUST00266,2026-02-21 18:20:00,add_to_cart,MiniProgram,PRD0008,3bb6db7c1b0108,0.857
EVT0001906,CUST00266,2026-05-21 16:31:00,store_visit,WeChat,PRD0007,5dcf6068ba6a79,0.787
EVT0001907,CUST00266,2026-03-07 12:48:00,page_view,WeChat,PRD0007,a29fd4b9978a5a,0.26
EVT0001908,CUST00266,2026-06-12 21:33:00,page_view,MiniProgram,PRD0009,585ea9b01f1496,0.518
EVT0001909,CUST00266,2026-03-29 12:24:00,store_visit,App,PRD0013,9fe7c33114ad4d,0.634
EVT0001910,CUST00266,2026-03-22 13:40:00,search,WeChat,PRD0018,06e4476442b35a,0.678
EVT0001911,CUST00266,2026-06-27 12:24:00,page_view,Tmall,PRD0016,e00630ad7de8ff,0.339
EVT0001912,CUST00267,2026-05-01 09:36:00,product_view,Douyin,PRD0038,f54ca6fbe5371b,0.344
EVT0001913,CUST00267,2026-05-07 19:41:00,add_to_cart,POS,PRD0057,9a97c3c7e7abeb,0.778
EVT0001914,CUST00267,2026-04-26 08:20:00,add_to_cart,App,PRD0062,ba37b16ca38c0c,0.576
EVT0001915,CUST00267,2026-03-09 13:52:00,product_view,App,PRD0048,507fbe6321a5bd,0.634
EVT0001916,CUST00267,2026-05-19 17:47:00,live_stream_view,MiniProgram,PRD0033,def741306b1156,0.992
EVT0001917,CUST00268,2026-03-21 18:03:00,product_view,POS,PRD0050,80b4d9c1f074b8,0.631
EVT0001918,CUST00268,2026-05-09 17:28:00,product_view,POS,PRD0054,7e45a24a44603d,0.469
EVT0001919,CUST00268,2026-06-25 22:57:00,coupon_click,WeChat,PRD0040,a4b123336f43bc,0.29
EVT0001920,CUST00268,2026-05-30 20:21:00,search,MiniProgram,PRD0052,2e846aa36a6e2e,0.132
EVT0001921,CUST00268,2026-04-11 18:59:00,live_stream_view,App,PRD0048,2bcf44f9d6b728,0.794
EVT0001922,CUST00268,2026-02-05 17:20:00,page_view,MiniProgram,PRD0053,91cbc5724ffaeb,0.356
EVT0001923,CUST00268,2026-06-07 20:57:00,live_stream_view,Tmall,PRD0041,b66bacdf394e83,0.504
EVT0001924,CUST00268,2026-01-22 21:45:00,product_view,WeChat,PRD0045,0902526aaaf330,0.152
EVT0001925,CUST00268,2026-01-18 21:25:00,product_view,Douyin,PRD0053,b080fa3202adf4,0.616
EVT0001926,CUST00268,2026-03-13 12:15:00,product_view,Douyin,PRD0039,21bc7aed941263,0.291
EVT0001927,CUST00268,2026-05-06 19:57:00,product_view,POS,PRD0047,594c5c0c0a9a12,0.324
EVT0001928,CUST00269,2026-05-08 08:39:00,search,Douyin,PRD0016,a3dac54bceb011,0.592
EVT0001929,CUST00269,2026-02-09 22:42:00,add_to_cart,Douyin,PRD0001,debf6758c5342b,0.971
EVT0001930,CUST00270,2026-06-06 18:54:00,product_view,MiniProgram,PRD0037,b2ad93ecd34664,0.275
EVT0001931,CUST00270,2026-02-13 22:40:00,search,MiniProgram,PRD0051,24ad7967520ec7,0.975
EVT0001932,CUST00270,2026-01-18 18:21:00,product_view,WeChat,PRD0053,b421b98d709bdd,0.375
EVT0001933,CUST00270,2026-06-15 13:52:00,product_view,POS,PRD0040,e6bafab12d926d,0.14
EVT0001934,CUST00271,2026-04-24 14:51:00,page_view,Tmall,PRD0063,6224006c1851b4,0.929
EVT0001935,CUST00271,2026-02-26 22:14:00,coupon_click,MiniProgram,PRD0062,463630177619e5,0.744
EVT0001936,CUST00271,2026-06-20 14:05:00,add_to_cart,MiniProgram,PRD0066,002885d3b58e21,0.456
EVT0001937,CUST00272,2026-06-11 14:16:00,page_view,Tmall,PRD0041,9e546b70db8641,0.703
EVT0001938,CUST00272,2026-02-08 13:24:00,wishlist_add,App,PRD0050,927255bf53eb4e,0.949
EVT0001939,CUST00272,2026-05-27 18:56:00,wishlist_add,POS,PRD0041,f44c0ab87b69c6,0.409
EVT0001940,CUST00272,2026-06-18 10:48:00,coupon_click,Tmall,PRD0037,9b0429386fb0ca,0.4
EVT0001941,CUST00272,2026-05-07 22:17:00,add_to_cart,MiniProgram,PRD0049,82d8ce5ef51b03,0.951
EVT0001942,CUST00273,2026-02-15 19:10:00,store_visit,MiniProgram,PRD0012,a7c8dbac276c92,0.948
EVT0001943,CUST00273,2026-04-13 10:11:00,add_to_cart,Tmall,PRD0057,bdd7d4a242e5e5,0.973
EVT0001944,CUST00273,2026-05-04 21:11:00,live_stream_view,POS,PRD0065,e9fff9eb930ef9,0.825
EVT0001945,CUST00273,2026-04-17 13:41:00,product_view,Tmall,PRD0022,c5367c90ca78e2,0.296
EVT0001946,CUST00273,2026-04-06 19:46:00,search,App,PRD0065,ee313256a33bc5,0.568
EVT0001947,CUST00273,2026-04-28 15:32:00,page_view,MiniProgram,PRD0028,27eef02fe04e97,0.815
EVT0001948,CUST00273,2026-06-14 17:56:00,product_view,MiniProgram,PRD0031,a9ce084e2047d7,0.888
EVT0001949,CUST00274,2026-06-23 08:58:00,store_visit,WeChat,PRD0031,7ff44d780b3fde,0.12
EVT0001950,CUST00274,2026-04-30 10:40:00,page_view,WeChat,PRD0024,0fad3cef2a9221,0.642
EVT0001951,CUST00274,2026-05-13 10:05:00,coupon_click,POS,PRD0019,bc96b895b834e3,0.238
EVT0001952,CUST00274,2026-05-06 09:52:00,page_view,MiniProgram,PRD0025,b02ccefb74341e,0.966
EVT0001953,CUST00274,2026-02-25 14:54:00,add_to_cart,Tmall,PRD0023,1ea669b2289e85,0.474
EVT0001954,CUST00274,2026-03-04 18:27:00,page_view,MiniProgram,PRD0034,8361d0df3ac61f,0.689
EVT0001955,CUST00274,2026-03-24 08:54:00,page_view,Tmall,PRD0035,18725d41201e8f,0.309
EVT0001956,CUST00275,2026-06-01 20:29:00,search,WeChat,PRD0065,e7e33367eb4533,0.633
EVT0001957,CUST00275,2026-05-30 10:33:00,coupon_click,MiniProgram,PRD0061,3dda88b5990f2d,0.535
EVT0001958,CUST00275,2026-02-27 18:50:00,product_view,WeChat,PRD0068,eafb09b113df5b,0.658
EVT0001959,CUST00275,2026-03-26 17:00:00,coupon_click,Douyin,PRD0060,13d1aece84b608,0.924
EVT0001960,CUST00275,2026-03-17 22:04:00,product_view,WeChat,PRD0067,7a302f62bfd3f3,0.53
EVT0001961,CUST00275,2026-06-01 10:38:00,product_view,Douyin,PRD0056,f1d1acefbfb815,0.197
EVT0001962,CUST00275,2026-03-03 16:37:00,product_view,MiniProgram,PRD0061,e3019eabc03932,0.468
EVT0001963,CUST00275,2026-03-11 10:44:00,wishlist_add,WeChat,PRD0055,a252d5af37c80c,0.222
EVT0001964,CUST00276,2026-04-19 14:59:00,coupon_click,App,PRD0027,568828bd95ef84,0.946
EVT0001965,CUST00276,2026-04-19 09:36:00,add_to_cart,MiniProgram,PRD0028,5023dac6bc9c27,0.21
EVT0001966,CUST00276,2026-02-17 08:15:00,page_view,MiniProgram,PRD0029,5dd6107f790563,0.855
EVT0001967,CUST00277,2026-04-30 21:54:00,live_stream_view,MiniProgram,PRD0056,80def0e7d10c29,0.201
EVT0001968,CUST00277,2026-05-08 16:18:00,add_to_cart,Tmall,PRD0070,c57497e3f0c46f,0.406
EVT0001969,CUST00277,2026-05-03 09:00:00,add_to_cart,Douyin,PRD0056,8ddba2fd7eb36b,0.497
EVT0001970,CUST00277,2026-06-27 09:53:00,page_view,Tmall,PRD0061,9166aa2a89d3c5,0.813
EVT0001971,CUST00277,2026-04-23 18:34:00,coupon_click,WeChat,PRD0062,af38f086781122,0.121
EVT0001972,CUST00277,2026-05-07 17:43:00,page_view,App,PRD0068,458aa5d9ed0d56,0.552
EVT0001973,CUST00278,2026-01-21 14:40:00,page_view,Tmall,PRD0046,9764a70b1cae45,0.781
EVT0001974,CUST00278,2026-02-12 15:08:00,page_view,MiniProgram,PRD0046,36f47c7e8a59f6,0.212
EVT0001975,CUST00278,2026-02-25 19:09:00,page_view,POS,PRD0038,33d825ec21facf,0.526
EVT0001976,CUST00278,2026-01-17 14:22:00,product_view,Tmall,PRD0046,41fb00d1db8222,0.197
EVT0001977,CUST00278,2026-04-30 20:34:00,add_to_cart,App,PRD0041,94404c7843465b,0.712
EVT0001978,CUST00279,2026-03-19 15:31:00,coupon_click,WeChat,PRD0004,2a80b66f814216,0.365
EVT0001979,CUST00279,2026-02-25 10:24:00,store_visit,App,PRD0012,b84cb37412fc7f,0.736
EVT0001980,CUST00279,2026-01-02 17:25:00,product_view,MiniProgram,PRD0004,f01a9660389ea0,0.9
EVT0001981,CUST00279,2026-03-23 21:43:00,coupon_click,WeChat,PRD0007,f88d3f7dda32c5,0.984
EVT0001982,CUST00279,2026-06-12 22:57:00,wishlist_add,MiniProgram,PRD0016,7cbda70f0de7ee,0.551
EVT0001983,CUST00279,2026-04-29 16:21:00,store_visit,POS,PRD0009,f154ae941dcaa9,0.334
EVT0001984,CUST00279,2026-02-18 14:35:00,page_view,Douyin,PRD0004,f143a6cd72fd2d,0.443
EVT0001985,CUST00279,2026-06-27 12:46:00,search,MiniProgram,PRD0015,49b6bfa428f420,0.589
EVT0001986,CUST00279,2026-01-23 12:10:00,product_view,Tmall,PRD0008,5040fd770bbf14,0.478
EVT0001987,CUST00279,2026-02-06 13:58:00,product_view,MiniProgram,PRD0003,1fda83ed00f0bf,0.356
EVT0001988,CUST00279,2026-06-03 11:19:00,page_view,Tmall,PRD0015,997b07db83287e,0.536
EVT0001989,CUST00279,2026-06-27 21:42:00,add_to_cart,Douyin,PRD0013,475cadcc7d9943,0.86
EVT0001990,CUST00280,2026-06-27 09:45:00,product_view,Tmall,PRD0042,d6ed197a5e75e7,0.7
EVT0001991,CUST00280,2026-01-16 19:14:00,search,App,PRD0048,706c89c762032b,0.228
EVT0001992,CUST00280,2026-04-15 18:38:00,search,POS,PRD0037,b24fecdc60b305,0.129
EVT0001993,CUST00280,2026-04-26 09:55:00,product_view,WeChat,PRD0039,6c9c69b630505a,0.202
EVT0001994,CUST00280,2026-05-07 09:06:00,live_stream_view,WeChat,PRD0051,37002265c53c65,0.465
EVT0001995,CUST00280,2026-02-08 21:51:00,product_view,WeChat,PRD0040,ec0b89d3cd26b5,0.59
EVT0001996,CUST00280,2026-03-09 10:18:00,add_to_cart,POS,PRD0044,8334303e587499,0.909
EVT0001997,CUST00280,2026-05-20 18:03:00,search,Tmall,PRD0046,7d0678cb85c420,0.842
EVT0001998,CUST00280,2026-02-13 12:08:00,page_view,POS,PRD0038,0b02efab91e180,0.388
EVT0001999,CUST00280,2026-01-08 14:55:00,product_view,MiniProgram,PRD0052,6fe0265191c8bf,0.549
EVT0002000,CUST00280,2026-01-23 09:08:00,add_to_cart,Douyin,PRD0045,a7dd7727cf5f29,0.526
EVT0002001,CUST00280,2026-01-17 15:11:00,page_view,WeChat,PRD0042,5541e776c65a26,0.227
EVT0002002,CUST00281,2025-10-31 19:43:00,product_view,WeChat,PRD0068,a9f854a0709e3c,0.322
EVT0002003,CUST00281,2026-04-26 11:30:00,page_view,WeChat,PRD0061,8eaf156dd8e1bb,0.104
EVT0002004,CUST00281,2025-12-19 15:18:00,add_to_cart,MiniProgram,PRD0069,ccfeae3318ec85,0.539
EVT0002005,CUST00281,2025-09-20 10:29:00,wishlist_add,WeChat,PRD0055,71e1751c29db26,0.301
EVT0002006,CUST00281,2026-03-10 15:25:00,search,Tmall,PRD0065,310938f22499a1,0.716
EVT0002007,CUST00282,2026-02-01 09:41:00,product_view,WeChat,PRD0039,6ee2036b16b49f,0.685
EVT0002008,CUST00282,2026-06-07 10:52:00,page_view,POS,PRD0043,ba2d04f5b195a6,0.527
EVT0002009,CUST00282,2026-03-13 15:06:00,add_to_cart,Tmall,PRD0043,01cef4aadaf281,0.124
EVT0002010,CUST00282,2026-06-14 11:28:00,page_view,App,PRD0039,6f5ca02cb90fdb,0.778
EVT0002011,CUST00282,2026-06-22 17:32:00,wishlist_add,Douyin,PRD0052,029010a9f94b09,0.57
EVT0002012,CUST00282,2026-04-30 13:31:00,product_view,POS,PRD0041,cba2082fcdac73,0.607
EVT0002013,CUST00282,2026-05-21 19:53:00,product_view,Tmall,PRD0045,572b6acc8731bf,0.313
EVT0002014,CUST00282,2026-01-16 12:29:00,product_view,Douyin,PRD0052,86c173c233a0b9,0.161
EVT0002015,CUST00282,2026-04-30 20:00:00,search,Douyin,PRD0046,adfac34c8a008b,0.286
EVT0002016,CUST00283,2026-01-03 08:01:00,store_visit,Tmall,PRD0038,102c25c32bc089,0.38
EVT0002017,CUST00283,2026-06-20 20:43:00,live_stream_view,POS,PRD0041,21e79580311d06,0.909
EVT0002018,CUST00283,2026-04-01 15:58:00,product_view,POS,PRD0042,3688a3887edc70,0.273
EVT0002019,CUST00283,2026-01-18 11:59:00,page_view,Tmall,PRD0045,3d88a5bbdebf7f,0.225
EVT0002020,CUST00284,2026-03-10 18:08:00,live_stream_view,WeChat,PRD0013,8fc12f3e5fdd64,0.78
EVT0002021,CUST00284,2026-06-22 20:33:00,store_visit,MiniProgram,PRD0009,85be619c95ae2d,0.832
EVT0002022,CUST00284,2026-05-23 18:40:00,search,App,PRD0067,74e501450272ea,0.358
EVT0002023,CUST00284,2026-05-17 11:58:00,coupon_click,WeChat,PRD0005,df3c82750ebc19,0.411
EVT0002024,CUST00284,2026-02-03 09:40:00,product_view,POS,PRD0051,9ea5bbcfeea78e,0.263
EVT0002025,CUST00284,2026-03-22 13:18:00,product_view,Tmall,PRD0068,fed0956acfc806,0.879
EVT0002026,CUST00284,2026-06-12 12:18:00,add_to_cart,WeChat,PRD0071,79ffcbf2cb28ae,0.16
EVT0002027,CUST00284,2026-03-16 08:16:00,page_view,Tmall,PRD0016,c17b4fd53616f9,0.933
EVT0002028,CUST00285,2026-04-24 18:27:00,add_to_cart,App,PRD0013,8dff16dc80df53,0.304
EVT0002029,CUST00285,2026-02-23 18:04:00,page_view,MiniProgram,PRD0014,c68c786f542ba7,0.233
EVT0002030,CUST00285,2026-02-10 09:51:00,add_to_cart,Tmall,PRD0007,3379f064a7d3ab,0.803
EVT0002031,CUST00285,2026-05-11 11:06:00,page_view,POS,PRD0004,851732fa881ed0,0.593
EVT0002032,CUST00285,2026-01-04 11:36:00,add_to_cart,Douyin,PRD0012,0026dbc9f7225d,0.542
EVT0002033,CUST00285,2026-04-27 17:52:00,live_stream_view,WeChat,PRD0007,d2af26914687ef,0.204
EVT0002034,CUST00285,2026-06-29 21:59:00,page_view,Tmall,PRD0006,1f8aaee6833bf8,0.369
EVT0002035,CUST00285,2026-05-21 17:07:00,live_stream_view,Douyin,PRD0010,adbfc29aba21d2,0.83
EVT0002036,CUST00285,2026-06-01 18:51:00,product_view,App,PRD0017,a40ac3d66c3928,0.214
EVT0002037,CUST00286,2025-08-13 10:40:00,wishlist_add,POS,PRD0068,1a2275e7338ea8,0.217
EVT0002038,CUST00286,2025-12-09 14:18:00,page_view,WeChat,PRD0071,698bfbd6d222b0,0.981
EVT0002039,CUST00286,2025-10-03 13:38:00,add_to_cart,Tmall,PRD0065,d81012e41f8c5a,0.989
EVT0002040,CUST00287,2026-01-10 21:59:00,search,WeChat,PRD0033,afba7423b08c1b,0.8
EVT0002041,CUST00287,2025-08-13 18:16:00,store_visit,Tmall,PRD0031,3a93cf8c825a6c,0.143
EVT0002042,CUST00287,2026-03-03 17:05:00,add_to_cart,Douyin,PRD0025,92ccd371fcc9c3,0.894
EVT0002043,CUST00287,2026-01-25 18:56:00,page_view,App,PRD0024,65bbc49b567cb0,0.244
EVT0002044,CUST00287,2026-04-09 21:23:00,wishlist_add,POS,PRD0035,3483c9718c2e75,0.964
EVT0002045,CUST00288,2025-10-13 22:19:00,store_visit,Tmall,PRD0034,db3da9267e0ee9,0.881
EVT0002046,CUST00288,2026-05-13 22:22:00,page_view,App,PRD0033,323cf2642b879f,0.846
EVT0002047,CUST00288,2026-03-14 22:20:00,product_view,MiniProgram,PRD0034,b4a86c0925fc49,0.371
EVT0002048,CUST00289,2026-02-03 08:55:00,wishlist_add,MiniProgram,PRD0023,3303b4228dc4f6,0.871
EVT0002049,CUST00289,2026-05-24 19:26:00,coupon_click,App,PRD0051,24aef283777ac2,0.538
EVT0002050,CUST00289,2026-05-12 12:52:00,product_view,App,PRD0030,7016f2946eaded,0.355
EVT0002051,CUST00290,2026-03-15 11:31:00,store_visit,WeChat,PRD0020,404c6ddd3fb007,0.205
EVT0002052,CUST00290,2026-04-23 10:03:00,add_to_cart,Douyin,PRD0024,9759c760a73019,0.558
EVT0002053,CUST00290,2026-04-05 12:03:00,product_view,POS,PRD0034,d6fb10684e89cf,0.365
EVT0002054,CUST00290,2026-04-11 10:11:00,store_visit,POS,PRD0020,76b947fd517c57,0.262
EVT0002055,CUST00290,2026-05-02 21:59:00,coupon_click,App,PRD0022,97661f73c46426,0.727
EVT0002056,CUST00290,2026-02-08 19:03:00,store_visit,Tmall,PRD0020,780d678a3a4f63,0.759
EVT0002057,CUST00290,2026-02-21 10:03:00,coupon_click,Douyin,PRD0020,ca6495833f0f00,0.816
EVT0002058,CUST00290,2026-03-01 18:38:00,product_view,Tmall,PRD0024,6ffefead8c8795,0.397
EVT0002059,CUST00290,2026-04-06 09:17:00,page_view,MiniProgram,PRD0029,d1be0c57851e6a,0.953
EVT0002060,CUST00290,2026-01-30 15:33:00,coupon_click,POS,PRD0033,26228e0409d8ed,0.187
EVT0002061,CUST00290,2026-02-13 17:03:00,page_view,App,PRD0025,19b7c63c05dd3f,0.515
EVT0002062,CUST00291,2026-01-06 10:25:00,live_stream_view,Douyin,PRD0037,b036c6e1530935,0.697
EVT0002063,CUST00291,2026-01-23 11:30:00,page_view,WeChat,PRD0054,36e92b5b174ac7,0.569
EVT0002064,CUST00291,2026-02-18 10:34:00,store_visit,POS,PRD0046,a3332729db0ceb,0.532
EVT0002065,CUST00291,2026-04-29 12:22:00,product_view,POS,PRD0045,33c147377db7b2,0.173
EVT0002066,CUST00291,2026-02-12 09:33:00,product_view,POS,PRD0049,4963a323232bbd,0.335
EVT0002067,CUST00291,2026-01-23 18:08:00,wishlist_add,Douyin,PRD0037,93ad219f7bcb2f,0.309
EVT0002068,CUST00291,2026-02-28 20:53:00,product_view,MiniProgram,PRD0044,8404c253c65c58,0.98
EVT0002069,CUST00291,2026-04-29 21:29:00,page_view,App,PRD0046,2330deb1346e0c,0.588
EVT0002070,CUST00291,2026-01-02 22:09:00,product_view,App,PRD0050,fa2c20129045f9,0.865
EVT0002071,CUST00292,2026-05-27 08:08:00,coupon_click,WeChat,PRD0006,26487a45dfeed0,0.879
EVT0002072,CUST00292,2026-04-27 12:11:00,product_view,App,PRD0016,d226c6809e3830,0.63
EVT0002073,CUST00292,2026-04-13 09:22:00,page_view,WeChat,PRD0018,c740155eb251bd,0.161
EVT0002074,CUST00292,2026-01-14 17:10:00,coupon_click,MiniProgram,PRD0018,a0d861fb0e995b,0.509
EVT0002075,CUST00292,2026-02-07 19:19:00,product_view,WeChat,PRD0016,f3948ae44a7914,0.767
EVT0002076,CUST00292,2026-03-04 16:19:00,page_view,App,PRD0003,da1258b0088e9b,0.612
EVT0002077,CUST00292,2026-02-05 19:34:00,store_visit,Tmall,PRD0012,8ad213709da33d,0.637
EVT0002078,CUST00292,2026-06-15 19:55:00,coupon_click,WeChat,PRD0018,acbb2c7139d9c8,0.574
EVT0002079,CUST00292,2026-06-14 22:51:00,product_view,Tmall,PRD0004,f456300e8f3d95,0.435
EVT0002080,CUST00292,2026-06-03 14:26:00,store_visit,POS,PRD0006,df470a3311a637,0.352
EVT0002081,CUST00292,2026-02-16 22:55:00,add_to_cart,Douyin,PRD0012,9bffa71d11b6b3,0.651
EVT0002082,CUST00293,2026-01-08 22:49:00,page_view,WeChat,PRD0036,e05b9e48b52086,0.836
EVT0002083,CUST00293,2026-02-21 14:38:00,search,POS,PRD0028,8b41c80060b13b,0.928
EVT0002084,CUST00293,2026-03-30 15:42:00,product_view,WeChat,PRD0033,539dbfead39481,0.647
EVT0002085,CUST00293,2026-05-29 18:59:00,page_view,Tmall,PRD0023,ef4be1a0f0df2a,0.873
EVT0002086,CUST00293,2026-01-03 12:39:00,store_visit,MiniProgram,PRD0028,82b06d296c1d93,0.552
EVT0002087,CUST00293,2026-01-27 09:21:00,search,Douyin,PRD0025,e2654cd302d2fe,0.207
EVT0002088,CUST00293,2026-07-01 08:21:00,product_view,App,PRD0026,f61f6a65c0b698,0.254
EVT0002089,CUST00293,2026-03-20 09:46:00,wishlist_add,POS,PRD0021,a7afa278dc1e58,0.331
EVT0002090,CUST00293,2026-01-22 16:44:00,live_stream_view,Tmall,PRD0035,c65ed2332341bb,0.293
EVT0002091,CUST00293,2026-03-10 14:37:00,live_stream_view,POS,PRD0026,0041b9a9362e33,0.431
EVT0002092,CUST00294,2026-01-14 13:40:00,product_view,MiniProgram,PRD0024,02e9a644940b6a,0.41
EVT0002093,CUST00294,2026-03-02 13:50:00,store_visit,MiniProgram,PRD0033,9382cd71738d7c,0.369
EVT0002094,CUST00294,2026-03-31 10:19:00,product_view,App,PRD0020,bcfe34afef231b,0.793
EVT0002095,CUST00294,2026-03-06 13:33:00,wishlist_add,App,PRD0019,a4af0580ab320e,0.496
EVT0002096,CUST00294,2026-06-05 19:56:00,store_visit,App,PRD0024,dde306486716d9,0.946
EVT0002097,CUST00294,2026-03-15 08:38:00,page_view,MiniProgram,PRD0025,c58cd65a1baaea,0.91
EVT0002098,CUST00294,2026-03-20 14:49:00,wishlist_add,App,PRD0024,865c4e9b3e7675,0.732
EVT0002099,CUST00294,2026-06-12 15:24:00,store_visit,Douyin,PRD0030,a9dacdf038e9e1,0.914
EVT0002100,CUST00295,2026-03-07 09:42:00,page_view,Tmall,PRD0067,942bf114cd75da,0.73
EVT0002101,CUST00295,2026-02-13 13:14:00,search,Douyin,PRD0059,e356d8d8e24ce4,0.737
EVT0002102,CUST00295,2026-05-05 10:47:00,product_view,POS,PRD0067,fdd2bfa8647d4c,0.205
EVT0002103,CUST00295,2026-03-06 13:41:00,search,MiniProgram,PRD0068,29af0599c44f80,0.444
EVT0002104,CUST00295,2026-06-27 15:19:00,store_visit,POS,PRD0056,fcaed6afd31d37,0.974
EVT0002105,CUST00295,2026-06-28 20:20:00,wishlist_add,MiniProgram,PRD0068,d6676c17435ab9,0.854
EVT0002106,CUST00295,2026-06-01 15:33:00,page_view,MiniProgram,PRD0064,acac306aa81cc0,0.634
EVT0002107,CUST00296,2026-05-23 11:25:00,page_view,Douyin,PRD0055,e4dd5ff76750f3,0.492
EVT0002108,CUST00296,2026-01-23 10:34:00,coupon_click,MiniProgram,PRD0068,6c34c4ebe2226c,0.654
EVT0002109,CUST00296,2026-04-28 09:37:00,page_view,Tmall,PRD0064,8ea08db2b4e766,0.166
EVT0002110,CUST00296,2026-04-16 21:00:00,page_view,App,PRD0071,59b0b557cbb6b6,0.784
EVT0002111,CUST00296,2026-04-15 09:41:00,live_stream_view,Tmall,PRD0059,ca2a099d10f834,0.942
EVT0002112,CUST00297,2026-02-22 12:28:00,product_view,WeChat,PRD0071,e9b1fed9d45af3,0.213
EVT0002113,CUST00297,2026-01-12 10:12:00,product_view,POS,PRD0061,cff5f0a6119ea3,0.707
EVT0002114,CUST00297,2026-05-10 21:29:00,page_view,MiniProgram,PRD0066,f98af1302729d7,0.925
EVT0002115,CUST00297,2026-03-02 08:40:00,live_stream_view,WeChat,PRD0064,5c4aecb2f2ce9f,0.5
EVT0002116,CUST00297,2026-02-06 09:47:00,page_view,MiniProgram,PRD0070,7bf49bb254a8d9,0.839
EVT0002117,CUST00297,2026-04-09 13:49:00,page_view,WeChat,PRD0070,ef20c5b52536af,0.59
EVT0002118,CUST00297,2026-03-17 21:29:00,product_view,Tmall,PRD0062,5bbd131c42fa01,0.794
EVT0002119,CUST00297,2026-01-04 22:46:00,search,Douyin,PRD0067,b3530972656ea6,0.12
EVT0002120,CUST00297,2026-02-14 15:19:00,page_view,WeChat,PRD0056,8e4f31f20f8ecd,0.267
EVT0002121,CUST00297,2026-02-17 15:47:00,live_stream_view,POS,PRD0055,93b11aaa807f70,0.246
EVT0002122,CUST00298,2026-02-07 09:49:00,live_stream_view,Tmall,PRD0009,3c74213606e12a,0.153
EVT0002123,CUST00298,2026-06-01 14:09:00,search,WeChat,PRD0011,dee51e99ac52f3,0.485
EVT0002124,CUST00298,2026-04-21 10:04:00,product_view,App,PRD0007,e8f6ce4bb66bb1,0.135
EVT0002125,CUST00299,2026-03-19 19:05:00,product_view,POS,PRD0053,ea98f6e011558f,0.842
EVT0002126,CUST00299,2026-05-14 21:55:00,search,WeChat,PRD0038,6cac5bd7786efc,0.617
EVT0002127,CUST00299,2026-01-03 15:55:00,product_view,Tmall,PRD0054,3fbd02f1031bd3,0.771
EVT0002128,CUST00299,2026-05-07 10:00:00,page_view,Tmall,PRD0054,42ef0df5e38d0e,0.525
EVT0002129,CUST00299,2026-01-06 09:12:00,product_view,POS,PRD0038,0e804505b7d8f5,0.272
EVT0002130,CUST00300,2026-05-30 19:21:00,add_to_cart,Tmall,PRD0068,7829e2c113f113,0.718
EVT0002131,CUST00300,2026-01-14 18:38:00,coupon_click,POS,PRD0059,46c6b6be089435,0.148
EVT0002132,CUST00300,2026-02-25 11:10:00,page_view,MiniProgram,PRD0059,ced0f4d846164a,0.914
EVT0002133,CUST00301,2026-01-22 20:44:00,store_visit,MiniProgram,PRD0063,c926f88c6d9d1c,0.429
EVT0002134,CUST00301,2026-02-26 17:58:00,wishlist_add,MiniProgram,PRD0064,1f95fae120a95b,0.459
EVT0002135,CUST00301,2026-04-10 09:14:00,coupon_click,MiniProgram,PRD0056,207a9880a55ece,0.641
EVT0002136,CUST00301,2026-03-03 10:45:00,search,MiniProgram,PRD0042,4c87aa622ae5c3,0.534
EVT0002137,CUST00301,2026-03-22 15:45:00,live_stream_view,MiniProgram,PRD0040,93816b10fee8e3,0.894
EVT0002138,CUST00301,2026-05-30 13:19:00,coupon_click,MiniProgram,PRD0010,84b02c87b9c976,0.624
EVT0002139,CUST00301,2026-06-20 14:12:00,search,POS,PRD0008,76827fbaebf81b,0.136
EVT0002140,CUST00301,2026-03-13 08:58:00,page_view,WeChat,PRD0062,87fde9ff7090bd,0.367
EVT0002141,CUST00301,2026-05-23 10:55:00,live_stream_view,MiniProgram,PRD0024,0a22a362594683,0.911
EVT0002142,CUST00301,2026-04-18 11:41:00,wishlist_add,Tmall,PRD0040,04f0df868b1601,0.685
EVT0002143,CUST00302,2026-01-23 16:25:00,add_to_cart,Douyin,PRD0018,52e42c30f2fece,0.945
EVT0002144,CUST00302,2026-01-31 12:49:00,page_view,Tmall,PRD0003,7b4257e3635ab5,0.112
EVT0002145,CUST00302,2026-06-29 21:36:00,product_view,POS,PRD0002,542b98a92a1529,0.104
EVT0002146,CUST00302,2026-04-19 11:34:00,page_view,POS,PRD0012,39afb6a0f12b8b,0.111
EVT0002147,CUST00303,2026-03-06 22:04:00,page_view,Tmall,PRD0016,c767660ad1a306,0.313
EVT0002148,CUST00303,2026-06-03 13:41:00,search,MiniProgram,PRD0070,1ac5c37325a7fe,0.316
EVT0002149,CUST00303,2026-06-29 09:00:00,store_visit,POS,PRD0003,7ab8e3a1aea044,0.657
EVT0002150,CUST00303,2026-02-07 08:47:00,search,POS,PRD0020,168937595d6120,0.511
EVT0002151,CUST00303,2026-04-08 12:39:00,page_view,Tmall,PRD0035,0305c533829bd4,0.898
EVT0002152,CUST00304,2026-01-10 16:45:00,live_stream_view,Douyin,PRD0017,6a0cc50f75a4ec,0.158
EVT0002153,CUST00304,2026-04-30 14:48:00,product_view,MiniProgram,PRD0016,ae3c27936f9a88,0.875
EVT0002154,CUST00304,2026-06-24 17:00:00,product_view,Tmall,PRD0005,29f10ead03b7db,0.45
EVT0002155,CUST00304,2026-02-21 10:05:00,page_view,MiniProgram,PRD0016,39670260d7e684,0.832
EVT0002156,CUST00304,2026-06-19 12:23:00,product_view,POS,PRD0018,87b1ca3b3d7565,0.359
EVT0002157,CUST00304,2026-06-05 15:20:00,search,App,PRD0002,74cfad49305481,0.134
EVT0002158,CUST00304,2026-03-18 20:26:00,page_view,Douyin,PRD0003,62d7a5f2b82094,0.238
EVT0002159,CUST00304,2026-02-28 11:13:00,store_visit,Tmall,PRD0007,2d79682ea54ff3,0.111
EVT0002160,CUST00304,2026-01-05 22:38:00,coupon_click,App,PRD0009,7d9f6855fbc70c,0.685
EVT0002161,CUST00304,2026-04-28 09:49:00,product_view,App,PRD0002,f77cba7cdf44cc,0.277
EVT0002162,CUST00305,2025-09-14 16:10:00,product_view,App,PRD0068,5defbdb3ce93b5,0.533
EVT0002163,CUST00306,2026-02-27 17:30:00,page_view,App,PRD0051,eb9b4da787881d,0.443
EVT0002164,CUST00306,2026-02-14 13:08:00,page_view,Tmall,PRD0045,30fe93159b04bb,0.152
EVT0002165,CUST00306,2026-05-17 13:50:00,product_view,Douyin,PRD0054,2875a16a21b41e,0.828
EVT0002166,CUST00306,2026-03-05 08:18:00,product_view,WeChat,PRD0045,c48822e63a269e,0.721
EVT0002167,CUST00306,2026-01-16 20:21:00,add_to_cart,Tmall,PRD0050,a7a15b46b32621,0.702
EVT0002168,CUST00306,2026-02-14 20:45:00,page_view,Douyin,PRD0054,8f80afc793f3db,0.638
EVT0002169,CUST00306,2026-06-16 08:09:00,page_view,Tmall,PRD0049,c3d5be8a4fdc2a,0.804
EVT0002170,CUST00306,2026-04-21 12:10:00,product_view,POS,PRD0046,5cce66998d8634,0.813
EVT0002171,CUST00307,2026-05-17 11:32:00,store_visit,POS,PRD0060,951f2e582caed7,0.643
EVT0002172,CUST00307,2026-03-17 13:40:00,add_to_cart,Douyin,PRD0068,a3f9187758c669,0.382
EVT0002173,CUST00307,2026-02-25 18:57:00,coupon_click,MiniProgram,PRD0066,155187201c65f8,0.793
EVT0002174,CUST00307,2026-03-03 09:36:00,search,WeChat,PRD0063,14a1b642de8dd8,0.452
EVT0002175,CUST00307,2026-01-27 13:43:00,product_view,App,PRD0070,940b01e7a39f52,0.568
EVT0002176,CUST00307,2026-07-01 21:13:00,live_stream_view,App,PRD0057,feffb8beda1fad,0.691
EVT0002177,CUST00307,2026-03-20 19:54:00,page_view,POS,PRD0068,281fbb6ca6ddaa,0.738
EVT0002178,CUST00307,2026-02-15 22:09:00,product_view,App,PRD0072,b3091831af0985,0.476
EVT0002179,CUST00307,2026-01-06 21:03:00,live_stream_view,App,PRD0056,58ef61d43839a7,0.418
EVT0002180,CUST00307,2026-02-14 09:07:00,live_stream_view,Tmall,PRD0060,6066734ef4d9bc,0.16
EVT0002181,CUST00307,2026-05-11 21:09:00,search,App,PRD0063,5c45775617baeb,0.721
EVT0002182,CUST00308,2026-05-13 16:05:00,product_view,Douyin,PRD0046,2ff5ae921f1b3a,0.965
EVT0002183,CUST00308,2026-06-20 11:21:00,store_visit,MiniProgram,PRD0048,5bdd7628728d38,0.83
EVT0002184,CUST00308,2026-06-23 17:47:00,product_view,Douyin,PRD0053,e55397f312db42,0.626
EVT0002185,CUST00308,2026-06-30 15:49:00,product_view,POS,PRD0040,917a1cda74d381,0.132
EVT0002186,CUST00309,2026-03-21 17:27:00,page_view,Tmall,PRD0016,b7188019121683,0.569
EVT0002187,CUST00309,2026-04-25 12:11:00,add_to_cart,MiniProgram,PRD0007,1dd917febe29df,0.756
EVT0002188,CUST00309,2026-04-24 11:48:00,page_view,Tmall,PRD0001,a51677076974a6,0.659
EVT0002189,CUST00309,2026-06-14 20:47:00,add_to_cart,Douyin,PRD0014,11002962ed645e,0.916
EVT0002190,CUST00309,2026-03-23 18:30:00,wishlist_add,Douyin,PRD0006,9ed2401ea2adda,0.417
EVT0002191,CUST00309,2026-03-15 16:42:00,wishlist_add,App,PRD0004,1b3443bacdde4c,0.963
EVT0002192,CUST00309,2026-01-17 09:44:00,product_view,Tmall,PRD0009,e11e9dad75761d,0.323
EVT0002193,CUST00309,2026-05-22 14:36:00,page_view,App,PRD0013,22bf7e4d954d72,0.197
EVT0002194,CUST00309,2026-06-30 12:46:00,product_view,App,PRD0001,fddb55145983c2,0.95
EVT0002195,CUST00309,2026-02-25 18:51:00,coupon_click,WeChat,PRD0004,dec123ed0e3246,0.969
EVT0002196,CUST00310,2026-05-19 21:29:00,product_view,Douyin,PRD0016,c27de6186414f1,0.787
EVT0002197,CUST00310,2026-02-07 21:44:00,product_view,Douyin,PRD0010,9dc57c7a8e131e,0.912
EVT0002198,CUST00310,2026-01-22 21:26:00,add_to_cart,MiniProgram,PRD0012,5f978957096879,0.758
EVT0002199,CUST00310,2026-01-16 16:05:00,coupon_click,WeChat,PRD0002,dedc2d4f5f3b07,0.108
EVT0002200,CUST00310,2026-06-02 19:54:00,page_view,App,PRD0003,aa840d2d94942d,0.606
EVT0002201,CUST00310,2026-03-15 11:15:00,product_view,Douyin,PRD0013,f2e0bf5a792fce,0.508
EVT0002202,CUST00310,2026-02-09 14:23:00,page_view,MiniProgram,PRD0011,68afab411df132,0.693
EVT0002203,CUST00310,2026-06-05 22:09:00,coupon_click,POS,PRD0001,08e49f4189a258,0.999
EVT0002204,CUST00310,2026-06-28 10:39:00,page_view,MiniProgram,PRD0007,7159ef0f4bb856,0.693
EVT0002205,CUST00311,2026-01-21 11:32:00,product_view,MiniProgram,PRD0069,2de2c064cfe90e,0.395
EVT0002206,CUST00311,2026-01-04 13:28:00,wishlist_add,WeChat,PRD0069,1232434a4e3297,0.971
EVT0002207,CUST00311,2026-05-20 14:56:00,page_view,App,PRD0059,32291beeca78b9,0.702
EVT0002208,CUST00311,2026-01-08 09:37:00,product_view,POS,PRD0060,3e2c1ef9a535b1,0.445
EVT0002209,CUST00311,2026-07-01 19:53:00,product_view,Douyin,PRD0057,f9055d0ad54418,0.549
EVT0002210,CUST00311,2026-03-28 12:51:00,page_view,Tmall,PRD0058,d6cab91a53f165,0.377
EVT0002211,CUST00311,2026-03-05 18:32:00,product_view,Tmall,PRD0067,ec50e11e63c4d2,0.942
EVT0002212,CUST00311,2026-05-30 19:15:00,page_view,App,PRD0063,975138bf078354,0.586
EVT0002213,CUST00312,2026-03-25 22:58:00,coupon_click,Douyin,PRD0033,c0487fb7413ced,0.856
EVT0002214,CUST00312,2026-05-14 15:45:00,store_visit,App,PRD0018,5bdf372ec8198c,0.803
EVT0002215,CUST00312,2026-03-12 20:23:00,page_view,App,PRD0041,7de4060bfd442f,0.203
EVT0002216,CUST00312,2026-05-19 15:59:00,page_view,App,PRD0021,1960cffcaf43a2,0.821
EVT0002217,CUST00313,2026-06-17 20:31:00,add_to_cart,App,PRD0065,bd1f604f4a2aac,0.95
EVT0002218,CUST00313,2026-06-10 17:58:00,coupon_click,POS,PRD0064,45af756497417d,0.59
EVT0002219,CUST00313,2026-06-16 13:30:00,live_stream_view,Tmall,PRD0056,a9c33da75057fd,0.725
EVT0002220,CUST00313,2026-02-11 17:03:00,product_view,App,PRD0067,e65dff198977a2,0.828
EVT0002221,CUST00313,2026-03-15 17:02:00,page_view,App,PRD0071,042800b496de7c,0.115
EVT0002222,CUST00314,2026-02-24 13:07:00,product_view,Tmall,PRD0029,99316672b8111a,0.297
EVT0002223,CUST00314,2026-04-15 16:50:00,product_view,POS,PRD0024,f6ee3c99244e66,0.997
EVT0002224,CUST00314,2026-03-03 12:37:00,live_stream_view,POS,PRD0023,79348e0d712b72,0.139
EVT0002225,CUST00314,2026-06-04 20:58:00,search,WeChat,PRD0028,4f48ac4cf6030b,0.404
EVT0002226,CUST00314,2026-06-18 13:23:00,live_stream_view,POS,PRD0032,4bbc08a0c5b7fd,0.981
EVT0002227,CUST00314,2026-04-06 21:39:00,page_view,WeChat,PRD0034,ea4bb081a75121,0.299
EVT0002228,CUST00314,2026-05-21 10:49:00,page_view,Douyin,PRD0032,dac2556e0678a3,0.458
EVT0002229,CUST00314,2026-06-28 10:45:00,product_view,MiniProgram,PRD0026,7aca5b10487992,0.691
EVT0002230,CUST00314,2026-05-01 13:43:00,product_view,Tmall,PRD0034,269aed2316f717,0.443
EVT0002231,CUST00315,2026-02-26 09:48:00,page_view,POS,PRD0033,13fdd6239fd875,0.364
EVT0002232,CUST00315,2026-03-01 14:27:00,page_view,POS,PRD0033,830e183f6eebcb,0.712
EVT0002233,CUST00315,2026-04-19 22:43:00,search,WeChat,PRD0027,6991fec298db3c,0.31
EVT0002234,CUST00315,2026-03-13 11:04:00,live_stream_view,POS,PRD0031,7ae1aac4e44d6d,0.69
EVT0002235,CUST00315,2026-02-17 19:06:00,page_view,App,PRD0027,f46ee407eee576,0.268
EVT0002236,CUST00315,2026-06-21 11:09:00,coupon_click,WeChat,PRD0028,108495eb418e77,0.87
EVT0002237,CUST00315,2026-06-24 15:46:00,product_view,App,PRD0029,4b56239c2ccf56,0.992
EVT0002238,CUST00315,2026-02-22 09:39:00,add_to_cart,WeChat,PRD0024,a76277b863807e,0.262
EVT0002239,CUST00315,2026-03-13 20:17:00,add_to_cart,POS,PRD0035,32e20706e21361,0.513
EVT0002240,CUST00315,2026-04-13 09:11:00,wishlist_add,WeChat,PRD0036,795a42539d371a,0.671
EVT0002241,CUST00315,2026-02-08 10:37:00,page_view,Tmall,PRD0022,9b3d17236ed2f8,0.167
EVT0002242,CUST00315,2026-02-20 10:12:00,product_view,Douyin,PRD0028,47367a18c9e7c5,0.981
EVT0002243,CUST00315,2026-01-17 12:42:00,live_stream_view,Douyin,PRD0033,5b0c25af563137,0.342
EVT0002244,CUST00316,2026-07-01 14:14:00,wishlist_add,MiniProgram,PRD0039,2c0092664523f8,0.599
EVT0002245,CUST00316,2026-04-23 17:48:00,product_view,WeChat,PRD0049,061b42468a07bf,0.431
EVT0002246,CUST00316,2026-04-15 20:13:00,search,MiniProgram,PRD0043,ed5206bbdf9a12,0.928
EVT0002247,CUST00316,2026-03-19 20:50:00,page_view,POS,PRD0042,1296506e051717,0.76
EVT0002248,CUST00316,2026-06-20 19:54:00,page_view,WeChat,PRD0043,1d44764f1dcbae,0.344
EVT0002249,CUST00316,2026-03-17 10:40:00,page_view,MiniProgram,PRD0052,69399e23a4a4c1,0.26
EVT0002250,CUST00316,2026-02-18 13:57:00,wishlist_add,Tmall,PRD0046,8265a11bc2c9b1,0.858
EVT0002251,CUST00316,2026-03-07 18:51:00,product_view,Tmall,PRD0039,dba34c5d978bd6,0.48
EVT0002252,CUST00316,2026-02-17 14:47:00,page_view,App,PRD0053,03476c4d147a9a,0.681
EVT0002253,CUST00316,2026-01-29 09:31:00,product_view,Douyin,PRD0040,6b1e51ee826573,0.415
EVT0002254,CUST00316,2026-05-28 17:05:00,product_view,Tmall,PRD0051,875662a32b3334,0.293
EVT0002255,CUST00317,2026-03-09 13:36:00,coupon_click,App,PRD0002,cbd452c892d7fd,0.227
EVT0002256,CUST00317,2026-06-05 11:47:00,page_view,Douyin,PRD0008,14d293cdcf04d3,0.161
EVT0002257,CUST00317,2026-02-09 09:16:00,page_view,Tmall,PRD0002,1e0c3a5ed96351,0.295
EVT0002258,CUST00317,2026-05-13 21:07:00,wishlist_add,WeChat,PRD0018,22e50c73594e3d,0.777
EVT0002259,CUST00317,2026-03-03 18:53:00,product_view,App,PRD0017,4ca598d45d26bb,0.628
EVT0002260,CUST00318,2026-05-11 08:13:00,product_view,MiniProgram,PRD0029,85ef9e86e28c65,0.753
EVT0002261,CUST00318,2026-05-18 19:50:00,product_view,MiniProgram,PRD0031,b3cc4e40cef5f5,0.493
EVT0002262,CUST00318,2026-02-14 21:36:00,add_to_cart,POS,PRD0019,c943a6143b734f,0.493
EVT0002263,CUST00318,2026-02-24 20:56:00,search,POS,PRD0024,3d0ae0b610b516,0.6
EVT0002264,CUST00318,2026-03-31 10:06:00,add_to_cart,MiniProgram,PRD0025,09db451a8ec7e1,0.245
EVT0002265,CUST00318,2026-02-27 12:01:00,search,Tmall,PRD0031,3c537228e4960f,0.898
EVT0002266,CUST00318,2026-06-11 14:54:00,live_stream_view,Tmall,PRD0031,77ef0adbbfd8b5,0.611
EVT0002267,CUST00318,2026-05-24 12:01:00,wishlist_add,Tmall,PRD0026,ccc4e067a0b665,0.772
EVT0002268,CUST00318,2026-06-26 13:32:00,coupon_click,Tmall,PRD0036,323fbfda7c9510,0.565
EVT0002269,CUST00318,2026-02-20 20:15:00,coupon_click,WeChat,PRD0026,a09c6d76df24b2,0.169
EVT0002270,CUST00319,2026-03-08 20:13:00,store_visit,MiniProgram,PRD0012,09cf4070eeaf89,0.927
EVT0002271,CUST00319,2026-05-28 17:10:00,wishlist_add,POS,PRD0010,fd8206405c9437,0.369
EVT0002272,CUST00319,2026-06-25 22:05:00,product_view,App,PRD0011,2a67f819adbcff,0.427
EVT0002273,CUST00319,2026-06-08 13:53:00,search,WeChat,PRD0018,fef50f69b8a5bc,0.265
EVT0002274,CUST00319,2026-03-30 16:13:00,coupon_click,App,PRD0005,1c7a36d254eeb7,0.953
EVT0002275,CUST00320,2026-02-11 08:16:00,wishlist_add,Tmall,PRD0047,0d6dbda1f065f8,0.495
EVT0002276,CUST00320,2025-07-10 08:50:00,wishlist_add,Tmall,PRD0039,4234f8e6bc10d0,0.631
EVT0002277,CUST00320,2025-08-03 21:19:00,product_view,WeChat,PRD0038,b6724b465160b5,0.325
EVT0002278,CUST00321,2025-09-15 19:32:00,store_visit,MiniProgram,PRD0002,839291584b3d10,0.185
EVT0002279,CUST00321,2025-10-12 12:13:00,search,Tmall,PRD0002,ff4d5728a78d80,0.316
EVT0002280,CUST00321,2025-07-19 16:09:00,product_view,Tmall,PRD0014,b6f948ea81c5ea,0.929
EVT0002281,CUST00321,2025-09-02 22:02:00,search,WeChat,PRD0004,8ebf20828d3ce4,0.111
EVT0002282,CUST00322,2026-06-27 15:48:00,add_to_cart,POS,PRD0006,29d099c674bb96,0.127
EVT0002283,CUST00322,2025-11-13 14:32:00,coupon_click,WeChat,PRD0010,2c5890cc939022,0.152
EVT0002284,CUST00322,2026-03-10 08:52:00,product_view,Tmall,PRD0012,d91c5c00f0e15c,0.835
EVT0002285,CUST00322,2026-04-14 21:27:00,page_view,Douyin,PRD0015,06c2b68a5e9442,0.624
EVT0002286,CUST00322,2025-09-01 17:52:00,page_view,MiniProgram,PRD0007,e67354254a80a2,0.677
EVT0002287,CUST00323,2026-06-24 10:05:00,product_view,MiniProgram,PRD0015,b6eda5383b324d,0.871
EVT0002288,CUST00323,2026-02-22 18:11:00,page_view,WeChat,PRD0009,e92af8f2908dfa,0.721
EVT0002289,CUST00323,2026-03-30 09:31:00,add_to_cart,Tmall,PRD0015,9fb66f829c9848,0.693
EVT0002290,CUST00323,2026-03-29 10:47:00,product_view,Tmall,PRD0012,e5cfb45c3b2487,0.666
EVT0002291,CUST00324,2026-02-23 11:58:00,store_visit,MiniProgram,PRD0017,ba1b2f787f15d0,0.928
EVT0002292,CUST00324,2026-04-30 10:53:00,wishlist_add,App,PRD0017,35d8b99820f237,0.607
EVT0002293,CUST00324,2026-06-01 08:43:00,add_to_cart,Tmall,PRD0002,cff04fdc61e951,0.779
EVT0002294,CUST00324,2026-05-25 16:35:00,store_visit,App,PRD0009,22849bbea04019,0.865
EVT0002295,CUST00324,2026-01-05 16:03:00,product_view,Tmall,PRD0006,95c83309fde505,0.636
EVT0002296,CUST00324,2026-04-02 16:42:00,page_view,MiniProgram,PRD0004,55a6bc96303778,0.203
EVT0002297,CUST00324,2026-03-08 20:23:00,page_view,Douyin,PRD0015,ecd9454b03dd55,0.612
EVT0002298,CUST00324,2026-01-25 10:58:00,page_view,Tmall,PRD0012,4aa04cd0d792d0,0.83
EVT0002299,CUST00324,2026-06-04 18:34:00,store_visit,POS,PRD0017,8aa1fac01f057b,0.462
EVT0002300,CUST00324,2026-05-11 22:41:00,live_stream_view,MiniProgram,PRD0005,096c2b083fde82,0.832
EVT0002301,CUST00325,2026-01-07 22:23:00,live_stream_view,WeChat,PRD0024,2b215856b3ebea,0.287
EVT0002302,CUST00325,2026-04-28 17:25:00,page_view,Tmall,PRD0031,d901b595009b95,0.385
EVT0002303,CUST00325,2026-02-07 14:44:00,page_view,Tmall,PRD0036,be52589b1d5d2c,0.14
EVT0002304,CUST00325,2026-04-02 21:36:00,search,POS,PRD0035,fa5b0c599f8315,0.117
EVT0002305,CUST00325,2026-04-21 09:51:00,product_view,Douyin,PRD0021,fba2f43fc34bb4,0.145
EVT0002306,CUST00326,2026-04-24 20:53:00,product_view,Douyin,PRD0040,e04889c853b7df,0.624
EVT0002307,CUST00326,2026-06-03 16:41:00,product_view,MiniProgram,PRD0051,8479c4ea52e476,0.222
EVT0002308,CUST00326,2026-01-03 09:00:00,product_view,WeChat,PRD0040,138067bef85093,0.799
EVT0002309,CUST00326,2026-06-08 13:13:00,page_view,Tmall,PRD0051,89b5c51aa94fe5,0.401
EVT0002310,CUST00326,2026-06-18 15:31:00,coupon_click,App,PRD0046,bdf104ff5ac685,0.357
EVT0002311,CUST00327,2026-03-02 21:06:00,coupon_click,WeChat,PRD0070,20798d616a08d6,0.412
EVT0002312,CUST00327,2026-05-21 12:23:00,coupon_click,POS,PRD0063,71665fbdea0639,0.851
EVT0002313,CUST00327,2026-04-18 09:11:00,product_view,WeChat,PRD0060,6ecc67c3dfe5e9,0.587
EVT0002314,CUST00327,2026-06-30 20:18:00,add_to_cart,WeChat,PRD0072,6211d362ec852d,0.67
EVT0002315,CUST00328,2025-07-24 08:37:00,wishlist_add,POS,PRD0011,65af2297302d8a,0.37
EVT0002316,CUST00328,2026-06-14 20:41:00,search,Douyin,PRD0014,5084f54f48e7a9,0.141
EVT0002317,CUST00329,2026-02-04 17:38:00,search,Tmall,PRD0033,fda405368e4a83,0.943
EVT0002318,CUST00329,2026-02-22 20:19:00,page_view,POS,PRD0024,29ed990e04081f,0.293
EVT0002319,CUST00329,2026-03-03 13:51:00,wishlist_add,POS,PRD0028,f6af91595d95c6,0.758
EVT0002320,CUST00329,2026-04-13 21:57:00,product_view,Douyin,PRD0032,7a2b1f1193f52e,0.281
EVT0002321,CUST00329,2026-04-10 13:05:00,page_view,App,PRD0033,92ed60dbd45fb8,0.609
EVT0002322,CUST00329,2026-04-06 11:05:00,search,WeChat,PRD0036,a5500ae13f2fbf,0.417
EVT0002323,CUST00329,2026-01-16 11:01:00,search,WeChat,PRD0023,9c2db70a14d15d,0.816
EVT0002324,CUST00329,2026-06-23 11:07:00,live_stream_view,Douyin,PRD0030,eb555010ce3052,0.819
EVT0002325,CUST00329,2026-04-28 15:24:00,live_stream_view,Douyin,PRD0027,6cd593acd368f2,0.78
EVT0002326,CUST00330,2026-01-08 19:35:00,coupon_click,POS,PRD0014,d5fada034d18ec,0.909
EVT0002327,CUST00330,2026-03-20 14:44:00,add_to_cart,POS,PRD0006,a1637d91b0ce69,0.849
EVT0002328,CUST00330,2026-02-03 15:35:00,add_to_cart,POS,PRD0007,e630fa5ad362f7,0.242
EVT0002329,CUST00330,2026-05-22 22:09:00,page_view,POS,PRD0004,73be96d81f85a8,0.748
EVT0002330,CUST00330,2026-02-13 14:45:00,coupon_click,POS,PRD0008,ecfa3af69647b5,0.253
EVT0002331,CUST00330,2026-06-27 11:17:00,add_to_cart,App,PRD0013,3f23c511d21a2a,0.824
EVT0002332,CUST00330,2026-06-14 11:34:00,search,Tmall,PRD0009,8f7701461134e6,0.827
EVT0002333,CUST00330,2026-02-10 16:08:00,store_visit,MiniProgram,PRD0016,b909ab5700a0b4,0.28
EVT0002334,CUST00330,2026-03-20 13:15:00,wishlist_add,App,PRD0003,d1b782f04c022a,0.654
EVT0002335,CUST00330,2026-01-13 18:11:00,page_view,App,PRD0003,9ef5dfcc5b11ad,0.549
EVT0002336,CUST00331,2026-01-29 21:19:00,page_view,WeChat,PRD0036,c69b7d9b72463f,0.47
EVT0002337,CUST00331,2026-04-29 08:45:00,store_visit,Douyin,PRD0031,64369549072336,0.856
EVT0002338,CUST00331,2026-06-12 12:00:00,product_view,Tmall,PRD0029,83996433731019,0.345
EVT0002339,CUST00331,2026-05-23 22:42:00,add_to_cart,WeChat,PRD0032,027952ff106056,0.344
EVT0002340,CUST00331,2026-02-10 13:36:00,wishlist_add,App,PRD0021,ad7415aee09179,0.67
EVT0002341,CUST00331,2026-03-01 19:36:00,add_to_cart,MiniProgram,PRD0036,0a82c2c3e02ae1,0.942
EVT0002342,CUST00331,2026-06-14 18:18:00,page_view,MiniProgram,PRD0034,b6a0b59c72fcad,0.881
EVT0002343,CUST00331,2026-05-19 14:14:00,add_to_cart,POS,PRD0031,10e296db74e600,0.612
EVT0002344,CUST00331,2026-04-09 21:12:00,coupon_click,POS,PRD0022,94c68763ab4412,0.499
EVT0002345,CUST00331,2026-03-12 18:48:00,page_view,WeChat,PRD0028,4d087c8f927e71,0.854
EVT0002346,CUST00331,2026-06-09 08:52:00,store_visit,WeChat,PRD0028,5c542624d7485a,0.687
EVT0002347,CUST00331,2026-05-30 18:50:00,store_visit,Tmall,PRD0035,3ec32549ce0d12,0.788
EVT0002348,CUST00331,2026-02-17 09:41:00,search,Douyin,PRD0022,67304c18106ae6,0.625
EVT0002349,CUST00332,2026-01-24 13:26:00,product_view,MiniProgram,PRD0002,d558c136015df0,0.762
EVT0002350,CUST00332,2026-05-23 13:00:00,coupon_click,Douyin,PRD0004,1a903cf11db49a,0.249
EVT0002351,CUST00332,2026-05-16 10:44:00,product_view,App,PRD0003,c5b35148ef7d0c,0.766
EVT0002352,CUST00332,2026-04-10 08:39:00,add_to_cart,MiniProgram,PRD0018,a81986ffbdfd22,0.218
EVT0002353,CUST00333,2026-03-11 14:32:00,page_view,POS,PRD0013,a644c0e516ad86,0.287
EVT0002354,CUST00333,2026-04-27 20:10:00,page_view,Tmall,PRD0014,7cf3e832037096,0.267
EVT0002355,CUST00333,2026-01-08 09:22:00,wishlist_add,POS,PRD0013,19939f3f01ab37,0.866
EVT0002356,CUST00333,2026-04-26 22:34:00,store_visit,POS,PRD0014,c211a179f4f422,0.816
EVT0002357,CUST00333,2026-03-01 20:27:00,add_to_cart,MiniProgram,PRD0002,2623083f1b6c77,0.707
EVT0002358,CUST00333,2026-06-11 16:33:00,store_visit,Douyin,PRD0005,68089707a2a053,0.709
EVT0002359,CUST00333,2026-04-19 20:00:00,page_view,App,PRD0012,a3b53087013172,0.365
EVT0002360,CUST00334,2026-06-10 17:08:00,product_view,App,PRD0057,9f8f075d0c2182,0.815
EVT0002361,CUST00334,2026-04-20 21:32:00,add_to_cart,App,PRD0049,25635196884815,0.13
EVT0002362,CUST00334,2026-01-15 20:46:00,store_visit,App,PRD0053,ba6ce1aca3f8fb,0.549
EVT0002363,CUST00334,2026-06-08 16:38:00,add_to_cart,MiniProgram,PRD0064,ea83b5f0b2cdf7,0.827
EVT0002364,CUST00334,2026-02-20 20:52:00,search,WeChat,PRD0004,e5e86444a8d597,0.19
EVT0002365,CUST00335,2026-06-10 21:29:00,store_visit,Tmall,PRD0003,47d2a9ee0036f2,0.551
EVT0002366,CUST00335,2026-05-01 21:37:00,wishlist_add,Tmall,PRD0013,aab90db2b2f632,0.887
EVT0002367,CUST00335,2026-05-31 08:06:00,product_view,WeChat,PRD0010,b661fd8a2dcf42,0.649
EVT0002368,CUST00335,2026-04-29 12:13:00,add_to_cart,POS,PRD0004,3bea094c699de8,0.477
EVT0002369,CUST00335,2026-03-17 08:52:00,product_view,Douyin,PRD0002,9bac867d097758,0.625
EVT0002370,CUST00335,2026-02-05 19:48:00,search,MiniProgram,PRD0015,c0ed50227f70f3,0.686
EVT0002371,CUST00335,2026-02-28 14:54:00,product_view,Tmall,PRD0011,ecfa98c25ccff0,0.685
EVT0002372,CUST00335,2026-06-12 13:44:00,page_view,WeChat,PRD0009,0ec794a912501c,0.181
EVT0002373,CUST00335,2026-03-19 17:24:00,live_stream_view,POS,PRD0013,04685c91a8a3d4,0.684
EVT0002374,CUST00335,2026-02-14 14:31:00,product_view,POS,PRD0004,f65ce6fc0a67d3,0.423
EVT0002375,CUST00336,2026-06-18 14:58:00,product_view,MiniProgram,PRD0066,f53b7c8e16a922,0.5
EVT0002376,CUST00336,2026-02-07 22:46:00,page_view,POS,PRD0066,6a3360c7ff86a0,0.146
EVT0002377,CUST00336,2026-05-01 22:47:00,add_to_cart,Douyin,PRD0065,dfbd508fb9f44a,0.349
EVT0002378,CUST00337,2025-11-05 09:31:00,page_view,POS,PRD0041,ecf05e51157eb7,0.34
EVT0002379,CUST00337,2025-11-21 13:59:00,add_to_cart,WeChat,PRD0037,13a0e1531672ca,0.49
EVT0002380,CUST00337,2025-11-01 08:03:00,coupon_click,POS,PRD0040,417d1747df8464,0.705
EVT0002381,CUST00337,2025-10-15 09:39:00,search,MiniProgram,PRD0047,ce7dd9fd37bb42,0.736
EVT0002382,CUST00337,2025-11-23 20:13:00,wishlist_add,Douyin,PRD0040,d2704349a92ee4,0.741
EVT0002383,CUST00338,2026-06-29 09:12:00,add_to_cart,Douyin,PRD0021,a9f4ff57997771,0.453
EVT0002384,CUST00338,2026-01-29 19:26:00,wishlist_add,Tmall,PRD0027,07e4bbecfbec6e,0.236
EVT0002385,CUST00338,2026-04-22 18:24:00,page_view,App,PRD0028,1f850992d3e573,0.712
EVT0002386,CUST00338,2026-02-25 13:24:00,live_stream_view,POS,PRD0034,5738a2f299f6d1,0.138
EVT0002387,CUST00338,2026-05-01 13:30:00,add_to_cart,POS,PRD0029,776d58d0d6a3bb,0.708
EVT0002388,CUST00338,2026-03-15 11:05:00,product_view,Tmall,PRD0035,a9f111ba847775,0.292
EVT0002389,CUST00338,2026-03-27 14:31:00,coupon_click,MiniProgram,PRD0023,629eb5905f889c,0.546
EVT0002390,CUST00338,2026-02-26 19:49:00,search,POS,PRD0019,44f996f012f6b9,0.383
EVT0002391,CUST00338,2026-02-02 14:09:00,wishlist_add,MiniProgram,PRD0033,f82c35b865dae2,0.945
EVT0002392,CUST00338,2026-01-30 17:09:00,store_visit,App,PRD0027,29cf656f09df94,0.99
EVT0002393,CUST00338,2026-03-25 13:52:00,add_to_cart,MiniProgram,PRD0019,fb681d7454ad08,0.8
EVT0002394,CUST00338,2026-03-01 22:53:00,add_to_cart,App,PRD0032,7294b66fa0b20a,0.337
EVT0002395,CUST00338,2026-06-06 21:55:00,product_view,WeChat,PRD0024,a357fbce87f174,0.893
EVT0002396,CUST00339,2026-02-04 11:03:00,live_stream_view,MiniProgram,PRD0066,4adea00cdec30d,0.791
EVT0002397,CUST00339,2026-02-19 09:09:00,live_stream_view,Tmall,PRD0069,4aa858b3dd0c55,0.582
EVT0002398,CUST00339,2026-06-29 08:15:00,wishlist_add,App,PRD0068,37fb9f160d83da,0.485
EVT0002399,CUST00339,2026-03-13 17:21:00,wishlist_add,Tmall,PRD0069,c8ebf507be2848,0.406
EVT0002400,CUST00339,2026-06-20 21:44:00,live_stream_view,App,PRD0069,6ec9e795ae10d6,0.65
EVT0002401,CUST00339,2026-06-01 11:56:00,live_stream_view,Tmall,PRD0068,6a4123315a4ca6,0.402
EVT0002402,CUST00339,2026-05-08 14:46:00,product_view,POS,PRD0062,4c7389d4314d03,0.101
EVT0002403,CUST00340,2026-06-20 19:10:00,add_to_cart,Tmall,PRD0052,c63a0390302bcf,0.6
EVT0002404,CUST00340,2026-05-16 10:06:00,coupon_click,App,PRD0047,1047c693f8c564,0.709
EVT0002405,CUST00340,2026-04-11 21:34:00,store_visit,WeChat,PRD0026,889c9a6fab2f58,0.518
EVT0002406,CUST00340,2026-05-16 14:36:00,page_view,MiniProgram,PRD0066,e201a7c2238a1d,0.149
EVT0002407,CUST00340,2026-06-30 13:48:00,coupon_click,MiniProgram,PRD0024,7cf10aa7b26b34,0.455
EVT0002408,CUST00340,2026-06-13 18:11:00,wishlist_add,Douyin,PRD0067,656365b34b5566,0.465
EVT0002409,CUST00340,2026-05-23 13:11:00,product_view,POS,PRD0067,3cf2e67f1747a5,0.703
EVT0002410,CUST00340,2026-05-16 22:16:00,store_visit,Tmall,PRD0050,d6b2711a5f0c68,0.763
EVT0002411,CUST00340,2026-06-24 16:25:00,product_view,MiniProgram,PRD0071,080b1975a61e2b,0.202
EVT0002412,CUST00340,2026-06-12 08:54:00,product_view,Tmall,PRD0028,7a54f951b8d17c,0.205
EVT0002413,CUST00340,2026-01-28 15:07:00,page_view,Tmall,PRD0028,236143663dd077,0.534
EVT0002414,CUST00341,2026-03-22 18:46:00,store_visit,App,PRD0034,bada06e4014d1a,0.793
EVT0002415,CUST00341,2026-05-18 11:18:00,product_view,App,PRD0032,ad7011ff4d85b6,0.177
EVT0002416,CUST00341,2026-02-22 18:23:00,wishlist_add,Tmall,PRD0024,4fd126be209c75,0.373
EVT0002417,CUST00341,2026-03-10 10:10:00,add_to_cart,MiniProgram,PRD0029,c7053df1603bef,0.961
EVT0002418,CUST00341,2026-01-22 17:18:00,add_to_cart,WeChat,PRD0036,d33a739c253e47,0.186
EVT0002419,CUST00341,2026-02-14 15:47:00,page_view,MiniProgram,PRD0034,3a9f447c832753,0.601
EVT0002420,CUST00341,2026-03-05 08:55:00,page_view,App,PRD0023,e801d41c2dbedf,0.896
EVT0002421,CUST00341,2026-04-06 09:47:00,page_view,App,PRD0023,8963ea5ae981d8,0.371
EVT0002422,CUST00341,2026-05-05 22:35:00,page_view,WeChat,PRD0033,632d8b33a684c1,0.963
EVT0002423,CUST00341,2026-03-26 15:52:00,live_stream_view,POS,PRD0030,b3471e071bbc10,0.302
EVT0002424,CUST00341,2026-03-18 15:57:00,page_view,Douyin,PRD0030,ef20833106a829,0.725
EVT0002425,CUST00342,2026-04-07 10:29:00,coupon_click,WeChat,PRD0065,17344a57be791f,0.869
EVT0002426,CUST00342,2026-06-14 20:23:00,search,Douyin,PRD0063,4c6ebe646f42da,0.846
EVT0002427,CUST00342,2026-03-09 19:23:00,wishlist_add,Tmall,PRD0061,7c730245810d8f,0.922
EVT0002428,CUST00342,2026-05-04 10:08:00,page_view,MiniProgram,PRD0072,823ae35399380b,0.669
EVT0002429,CUST00342,2026-03-30 15:00:00,coupon_click,WeChat,PRD0069,8f315ba3aa98d1,0.375
EVT0002430,CUST00342,2026-01-23 16:50:00,page_view,Douyin,PRD0061,6ae50d6624e589,0.318
EVT0002431,CUST00342,2026-04-28 17:16:00,wishlist_add,WeChat,PRD0056,709760d8109f4d,0.157
EVT0002432,CUST00343,2026-04-30 11:53:00,page_view,MiniProgram,PRD0024,91d63d8591588b,0.943
EVT0002433,CUST00343,2026-04-21 16:11:00,search,WeChat,PRD0029,e2b086deba813b,0.64
EVT0002434,CUST00343,2026-04-11 20:27:00,page_view,App,PRD0034,54d474532e02dd,0.412
EVT0002435,CUST00343,2026-03-30 22:07:00,store_visit,WeChat,PRD0021,711a21f2269821,0.702
EVT0002436,CUST00343,2026-04-19 10:37:00,product_view,POS,PRD0031,c90a76ff025ed1,0.427
EVT0002437,CUST00343,2026-05-13 20:33:00,page_view,Douyin,PRD0032,d43f685161d0bc,0.689
EVT0002438,CUST00343,2026-01-19 08:49:00,page_view,MiniProgram,PRD0028,63327d2013a886,0.381
EVT0002439,CUST00344,2026-03-18 08:43:00,store_visit,Douyin,PRD0026,b052df1b23977d,0.59
EVT0002440,CUST00344,2026-04-29 14:08:00,add_to_cart,WeChat,PRD0024,2d15fa6355b8bd,0.784
EVT0002441,CUST00344,2026-02-08 10:02:00,add_to_cart,Tmall,PRD0021,cb5bb2f1ab78c6,0.497
EVT0002442,CUST00344,2026-06-05 22:23:00,product_view,Douyin,PRD0019,5babcbeb371311,0.501
EVT0002443,CUST00345,2026-02-11 10:07:00,search,POS,PRD0007,170a8260b6d7cf,0.253
EVT0002444,CUST00345,2026-04-15 19:49:00,add_to_cart,POS,PRD0005,145e7977108044,0.543
EVT0002445,CUST00345,2026-05-02 20:29:00,live_stream_view,POS,PRD0009,746e7937c55bf7,0.465
EVT0002446,CUST00345,2026-02-26 18:13:00,product_view,POS,PRD0015,6abe44529f4f11,0.264
EVT0002447,CUST00345,2026-06-13 11:00:00,add_to_cart,MiniProgram,PRD0017,e3b08fe016dc64,0.791
EVT0002448,CUST00345,2026-02-12 16:49:00,store_visit,Douyin,PRD0001,2d2547ab03d900,0.579
EVT0002449,CUST00345,2026-06-17 15:19:00,coupon_click,Tmall,PRD0016,39997420b808f7,0.936
EVT0002450,CUST00345,2026-04-23 17:26:00,add_to_cart,Douyin,PRD0013,dabb92e5efd63c,0.816
EVT0002451,CUST00345,2026-03-31 21:30:00,wishlist_add,MiniProgram,PRD0005,30905fe4c6fbb7,0.585
EVT0002452,CUST00345,2026-06-08 10:53:00,wishlist_add,Douyin,PRD0012,1e49d551f9a972,0.986
EVT0002453,CUST00345,2026-03-31 15:20:00,add_to_cart,WeChat,PRD0004,cf0e92aa672f6f,0.971
EVT0002454,CUST00345,2026-01-31 22:36:00,wishlist_add,Tmall,PRD0015,7682073b36739a,0.577
EVT0002455,CUST00345,2026-01-07 10:44:00,page_view,MiniProgram,PRD0013,8786ebb1c5b550,0.827
EVT0002456,CUST00346,2026-06-27 18:18:00,store_visit,App,PRD0008,64e300f323d9c3,0.137
EVT0002457,CUST00346,2026-04-27 10:39:00,product_view,App,PRD0015,ca519f379ced42,0.433
EVT0002458,CUST00346,2026-06-24 08:34:00,store_visit,App,PRD0002,5624419398e54c,0.513
EVT0002459,CUST00346,2026-02-13 12:04:00,product_view,POS,PRD0008,ea501afc0fbf6b,0.452
EVT0002460,CUST00346,2026-06-03 08:00:00,add_to_cart,WeChat,PRD0001,ce3f1298d322f3,0.372
EVT0002461,CUST00346,2026-01-26 12:30:00,add_to_cart,Tmall,PRD0008,9742d68231ab2b,0.497
EVT0002462,CUST00346,2026-03-21 08:12:00,product_view,Douyin,PRD0006,637d682d130cd5,0.497
EVT0002463,CUST00346,2026-05-09 08:33:00,coupon_click,WeChat,PRD0012,f2bbe9b86cf29c,0.247
EVT0002464,CUST00346,2026-06-21 13:24:00,product_view,Douyin,PRD0003,860b24fe376ed1,0.17
EVT0002465,CUST00346,2026-02-12 12:03:00,page_view,Douyin,PRD0013,2a5dd95d50b358,0.774
EVT0002466,CUST00347,2026-03-08 09:25:00,search,Douyin,PRD0072,4fccce7b998261,0.313
EVT0002467,CUST00347,2026-01-25 09:51:00,page_view,Douyin,PRD0068,22887181519707,0.302
EVT0002468,CUST00347,2026-05-26 15:15:00,page_view,WeChat,PRD0033,c3cab354995183,0.165
EVT0002469,CUST00347,2026-06-18 17:02:00,product_view,Tmall,PRD0036,fc62e6157ff4cf,0.356
EVT0002470,CUST00347,2026-05-26 12:36:00,product_view,Tmall,PRD0029,bb99c5b4377893,0.224
EVT0002471,CUST00347,2026-06-05 12:20:00,page_view,MiniProgram,PRD0010,709c6fedb60ab1,0.101
EVT0002472,CUST00347,2026-03-23 22:04:00,wishlist_add,App,PRD0024,24b5ec6a3d070d,0.72
EVT0002473,CUST00347,2026-03-26 14:02:00,wishlist_add,MiniProgram,PRD0054,c8bce04f9a5bd0,0.237
EVT0002474,CUST00347,2026-01-09 19:21:00,search,POS,PRD0064,7c9cad822da9df,0.317
EVT0002475,CUST00347,2026-02-03 18:59:00,coupon_click,App,PRD0067,115b62d74b6090,0.898
EVT0002476,CUST00348,2026-05-02 15:45:00,page_view,App,PRD0057,910037b2e32bb3,0.467
EVT0002477,CUST00348,2026-05-12 22:43:00,product_view,POS,PRD0065,c869c16576e63c,0.399
EVT0002478,CUST00348,2026-03-16 18:33:00,product_view,Douyin,PRD0071,b076f86688da73,0.382
EVT0002479,CUST00348,2026-06-30 15:25:00,add_to_cart,MiniProgram,PRD0055,d8e390c8b5c0ed,0.119
EVT0002480,CUST00348,2026-05-12 19:27:00,product_view,Tmall,PRD0072,c84d5660044668,0.537
EVT0002481,CUST00348,2026-06-07 21:02:00,page_view,POS,PRD0065,5862b330bb4a7e,0.519
EVT0002482,CUST00348,2026-03-27 19:09:00,add_to_cart,App,PRD0068,560a0ee9e1c004,0.804
EVT0002483,CUST00348,2026-01-21 19:02:00,product_view,MiniProgram,PRD0059,bd944a10f9356c,0.52
EVT0002484,CUST00349,2026-06-02 08:21:00,store_visit,Tmall,PRD0035,5dc2a01eb1c5a5,0.943
EVT0002485,CUST00349,2026-02-11 11:15:00,search,WeChat,PRD0031,d43e681bdb5ec6,0.389
EVT0002486,CUST00349,2026-03-20 09:48:00,coupon_click,MiniProgram,PRD0033,cd817c9dc66e37,0.707
EVT0002487,CUST00349,2026-05-06 10:34:00,search,Douyin,PRD0032,17ac577ec2e397,0.749
EVT0002488,CUST00349,2026-03-07 10:32:00,product_view,WeChat,PRD0029,29b9f3c6ea07c1,0.396
EVT0002489,CUST00349,2026-06-27 15:20:00,product_view,App,PRD0025,bda0b784e877f6,0.632
EVT0002490,CUST00349,2026-04-22 21:11:00,page_view,MiniProgram,PRD0028,ba183cbb1e5d04,0.195
EVT0002491,CUST00349,2026-02-11 16:38:00,add_to_cart,Tmall,PRD0029,114dcb76943a34,0.766
EVT0002492,CUST00349,2026-06-15 20:22:00,page_view,Douyin,PRD0027,5fc4bf1bbb0246,0.299
EVT0002493,CUST00349,2026-04-29 13:41:00,product_view,MiniProgram,PRD0030,7edf4eba1649e7,0.251
EVT0002494,CUST00349,2026-03-04 08:27:00,product_view,Tmall,PRD0027,e244483f5153dc,0.843
EVT0002495,CUST00350,2026-03-01 21:21:00,wishlist_add,Douyin,PRD0036,4dc84fe391882e,0.411
EVT0002496,CUST00350,2026-01-22 08:11:00,page_view,WeChat,PRD0031,40ddafa476ebae,0.553
EVT0002497,CUST00350,2026-05-07 12:04:00,page_view,POS,PRD0034,cd6c8c4cf958b8,0.918
EVT0002498,CUST00350,2026-04-10 21:03:00,page_view,Douyin,PRD0033,103a5f0a0f1441,0.367
EVT0002499,CUST00350,2026-06-08 15:44:00,page_view,Douyin,PRD0022,7f6c12dff0081d,0.325
EVT0002500,CUST00350,2026-03-04 18:20:00,add_to_cart,WeChat,PRD0030,8b5a1b69ca0aa0,0.595
EVT0002501,CUST00350,2026-02-28 13:09:00,product_view,POS,PRD0036,aa0a49d579c0ce,0.851
EVT0002502,CUST00350,2026-01-03 20:18:00,page_view,App,PRD0027,27ae138a714ae7,0.856
EVT0002503,CUST00351,2026-03-06 12:33:00,search,POS,PRD0021,023d3d8919d4e3,0.133
EVT0002504,CUST00351,2026-04-21 08:05:00,product_view,Douyin,PRD0024,bcabccd7b567a3,0.892
EVT0002505,CUST00351,2026-03-01 16:01:00,add_to_cart,POS,PRD0027,b70796684cbfe9,0.141
EVT0002506,CUST00351,2026-02-19 09:16:00,page_view,App,PRD0025,f92f61b49bf8d5,0.331
EVT0002507,CUST00351,2026-05-21 09:15:00,page_view,POS,PRD0021,0869db509f0133,0.582
EVT0002508,CUST00351,2026-06-18 12:00:00,coupon_click,Tmall,PRD0022,3342a2c983c164,0.813
EVT0002509,CUST00352,2026-01-21 21:59:00,live_stream_view,App,PRD0063,4680def9975185,0.173
EVT0002510,CUST00352,2026-05-25 18:51:00,wishlist_add,WeChat,PRD0059,383ecd5b8f8f93,0.926
EVT0002511,CUST00352,2026-01-30 13:47:00,page_view,WeChat,PRD0056,ec3911b6d78889,0.673
EVT0002512,CUST00352,2026-03-16 21:19:00,search,App,PRD0067,c670547e6db0a5,0.936
EVT0002513,CUST00352,2026-03-08 13:36:00,product_view,Tmall,PRD0063,0fe8ecfc489c50,0.503
EVT0002514,CUST00352,2026-04-21 18:44:00,product_view,App,PRD0071,2440b91bc4474b,0.39
EVT0002515,CUST00352,2026-02-27 19:47:00,store_visit,App,PRD0062,6300e05bff1ff8,0.143
EVT0002516,CUST00352,2026-05-23 08:54:00,add_to_cart,POS,PRD0055,531896c8f1eb38,0.895
EVT0002517,CUST00352,2026-03-29 19:00:00,live_stream_view,App,PRD0061,eb723445029967,0.565
EVT0002518,CUST00352,2026-06-02 19:06:00,page_view,WeChat,PRD0060,a3de00752d7688,0.377
EVT0002519,CUST00352,2026-05-25 20:21:00,wishlist_add,WeChat,PRD0059,0fc7a60e1e4987,0.303
EVT0002520,CUST00352,2026-03-02 18:21:00,page_view,Douyin,PRD0068,0ad0ba0bfb2110,0.432
EVT0002521,CUST00353,2026-05-26 16:56:00,wishlist_add,MiniProgram,PRD0048,afb9495631a8e8,0.944
EVT0002522,CUST00353,2026-01-17 14:08:00,wishlist_add,POS,PRD0045,f43df289693a8e,0.959
EVT0002523,CUST00353,2026-06-14 21:08:00,product_view,WeChat,PRD0040,265c2dab99be9c,0.828
EVT0002524,CUST00353,2026-06-12 12:54:00,product_view,MiniProgram,PRD0038,916af22630aa4f,0.239
EVT0002525,CUST00353,2026-02-12 09:17:00,live_stream_view,WeChat,PRD0044,bbdfb3e093977c,0.174
EVT0002526,CUST00353,2026-01-08 13:41:00,add_to_cart,App,PRD0046,5a656147811a31,0.449
EVT0002527,CUST00353,2026-05-30 12:01:00,page_view,WeChat,PRD0043,acece349c9edcf,0.446
EVT0002528,CUST00353,2026-01-12 13:50:00,search,App,PRD0039,5a242b88a6bff6,0.678
EVT0002529,CUST00353,2026-01-12 14:17:00,product_view,WeChat,PRD0046,77e770b4fc5c20,0.235
EVT0002530,CUST00353,2026-03-11 16:53:00,page_view,App,PRD0040,1461e3ad16e81d,0.49
EVT0002531,CUST00353,2026-03-17 17:50:00,product_view,Tmall,PRD0041,fe33ef37978492,0.859
EVT0002532,CUST00354,2026-01-15 20:28:00,wishlist_add,App,PRD0055,bf45fa8a147e0d,0.669
EVT0002533,CUST00354,2026-04-10 08:27:00,add_to_cart,MiniProgram,PRD0064,d158fa34997b2e,0.386
EVT0002534,CUST00354,2026-05-07 16:27:00,product_view,MiniProgram,PRD0018,2b59b3c296606a,0.815
EVT0002535,CUST00355,2026-01-21 12:35:00,page_view,Tmall,PRD0034,94fd53ae9c7613,0.325
EVT0002536,CUST00355,2026-02-17 12:52:00,product_view,Douyin,PRD0032,c4ca2aa11c71f1,0.229
EVT0002537,CUST00355,2026-06-06 14:32:00,add_to_cart,Douyin,PRD0031,ef3b77c27dc6f2,0.915
EVT0002538,CUST00355,2026-05-17 18:11:00,product_view,App,PRD0019,2cfd0aa90034dc,0.31
EVT0002539,CUST00355,2026-04-21 20:21:00,product_view,MiniProgram,PRD0022,1a10ec48452b5e,0.946
EVT0002540,CUST00355,2026-05-19 10:46:00,add_to_cart,Douyin,PRD0022,f651a97cd09a21,0.551
EVT0002541,CUST00356,2025-08-17 15:10:00,page_view,Douyin,PRD0032,412564d381dc6d,0.88
EVT0002542,CUST00356,2025-11-16 17:42:00,live_stream_view,MiniProgram,PRD0003,02c0a808fea95f,0.791
EVT0002543,CUST00356,2026-03-14 08:23:00,search,App,PRD0030,b0affab4ba213e,0.973
EVT0002544,CUST00356,2026-05-27 09:29:00,page_view,Douyin,PRD0069,7a02d0089d01f1,0.221
EVT0002545,CUST00356,2025-09-26 15:55:00,product_view,Douyin,PRD0016,996f44480a5f32,0.746
EVT0002546,CUST00357,2026-04-10 10:26:00,add_to_cart,Tmall,PRD0012,af47e34571fc2a,0.663
EVT0002547,CUST00357,2026-03-06 16:34:00,search,Tmall,PRD0015,5fe99766b1f125,0.613
EVT0002548,CUST00357,2026-01-21 20:47:00,product_view,Tmall,PRD0010,60c2e8bfc32292,0.656
EVT0002549,CUST00357,2026-02-05 08:11:00,product_view,MiniProgram,PRD0018,b1d471b5aafc03,0.306
EVT0002550,CUST00357,2026-06-19 21:46:00,live_stream_view,Tmall,PRD0016,244a8f7e1fcb60,0.587
EVT0002551,CUST00357,2026-02-25 21:14:00,page_view,MiniProgram,PRD0016,395646e5788a75,0.826
EVT0002552,CUST00357,2026-06-30 15:54:00,add_to_cart,POS,PRD0017,739829daafeeb5,0.949
EVT0002553,CUST00357,2026-06-13 19:11:00,add_to_cart,Douyin,PRD0005,efb6ea1eddaed0,0.856
EVT0002554,CUST00357,2026-06-29 08:03:00,product_view,MiniProgram,PRD0003,5a29e11acaa928,0.792
EVT0002555,CUST00357,2026-01-15 12:34:00,page_view,App,PRD0006,324f8e289efb9d,0.443
EVT0002556,CUST00357,2026-03-12 17:48:00,page_view,WeChat,PRD0010,28e8e9771b311b,0.395
EVT0002557,CUST00357,2026-05-26 10:22:00,product_view,App,PRD0012,1000719a627cab,0.704
EVT0002558,CUST00358,2026-06-17 18:17:00,page_view,App,PRD0011,3f1138d06ffcb1,0.215
EVT0002559,CUST00358,2026-05-13 16:58:00,add_to_cart,WeChat,PRD0006,c58174d8f1dd66,0.805
EVT0002560,CUST00358,2026-01-29 12:57:00,page_view,MiniProgram,PRD0017,378b712dbc1c2b,0.49
EVT0002561,CUST00358,2026-04-30 13:50:00,store_visit,MiniProgram,PRD0005,bbca49b495b0ca,0.191
EVT0002562,CUST00358,2026-04-25 11:29:00,coupon_click,POS,PRD0005,b1c96ff6075592,0.451
EVT0002563,CUST00359,2026-01-15 19:10:00,search,WeChat,PRD0035,e48d53615adbd8,0.99
EVT0002564,CUST00359,2026-06-14 12:55:00,product_view,MiniProgram,PRD0036,0d08f71990e2d4,0.59
EVT0002565,CUST00359,2026-04-22 14:25:00,search,App,PRD0034,d68738acb857c4,0.402
EVT0002566,CUST00359,2026-01-05 10:17:00,product_view,WeChat,PRD0033,8ee7f70a45ddcc,0.146
EVT0002567,CUST00359,2026-06-25 21:49:00,product_view,POS,PRD0035,3f733d9c953a6b,0.833
EVT0002568,CUST00359,2026-01-04 17:36:00,coupon_click,App,PRD0035,9a93956d739d42,0.823
EVT0002569,CUST00359,2026-04-01 15:53:00,product_view,WeChat,PRD0022,198e9d20b66d04,0.608
EVT0002570,CUST00359,2026-03-13 17:52:00,add_to_cart,POS,PRD0023,4342f4027ab6cf,0.898
EVT0002571,CUST00360,2025-10-01 10:28:00,search,Douyin,PRD0067,aa2a7a9b5d2a2e,0.691
EVT0002572,CUST00361,2026-02-08 20:23:00,add_to_cart,App,PRD0021,c204de5ea43a72,0.239
EVT0002573,CUST00361,2026-05-11 08:42:00,page_view,App,PRD0026,4dbcc3cf9263b4,0.186
EVT0002574,CUST00361,2026-01-20 21:25:00,page_view,MiniProgram,PRD0036,45085acb6db69f,0.97
EVT0002575,CUST00361,2026-04-11 12:30:00,coupon_click,Douyin,PRD0027,80a88f69b9468d,0.817
EVT0002576,CUST00362,2026-02-04 09:31:00,page_view,POS,PRD0022,22504d93ea4752,0.439
EVT0002577,CUST00362,2025-07-20 20:19:00,product_view,App,PRD0022,d1ddf22fdd8bfb,0.245
EVT0002578,CUST00362,2025-08-04 08:45:00,store_visit,Tmall,PRD0025,99450665a9db22,0.138
EVT0002579,CUST00362,2026-02-20 10:08:00,product_view,POS,PRD0034,08f9a90c6f03d4,0.725
EVT0002580,CUST00363,2026-04-06 19:30:00,coupon_click,POS,PRD0064,5b9239fe40b705,0.156
EVT0002581,CUST00363,2026-05-20 19:53:00,add_to_cart,POS,PRD0069,00a8c1bcb6f461,0.107
EVT0002582,CUST00363,2026-02-09 21:55:00,page_view,Douyin,PRD0059,5ffb776ad042c4,0.984
EVT0002583,CUST00363,2026-04-29 13:47:00,add_to_cart,Douyin,PRD0061,532078700ee4b0,0.894
EVT0002584,CUST00363,2026-05-06 17:55:00,page_view,Douyin,PRD0057,7b834516b2cf50,0.241
EVT0002585,CUST00363,2026-05-25 21:42:00,search,App,PRD0065,9e691405bd4fb7,0.707
EVT0002586,CUST00363,2026-06-13 22:40:00,wishlist_add,App,PRD0072,8abd42a0248965,0.925
EVT0002587,CUST00363,2026-05-28 09:27:00,store_visit,App,PRD0061,c529aecabe5865,0.526
EVT0002588,CUST00363,2026-04-04 20:27:00,add_to_cart,Tmall,PRD0072,793c68b9e084dd,0.911
EVT0002589,CUST00364,2026-01-26 14:25:00,search,WeChat,PRD0035,4f89ddd0d123da,0.477
EVT0002590,CUST00364,2026-04-25 12:26:00,live_stream_view,WeChat,PRD0030,9b7a92dbd1e829,0.134
EVT0002591,CUST00364,2026-02-23 16:04:00,add_to_cart,App,PRD0030,3dbfb5151793d3,0.672
EVT0002592,CUST00364,2026-06-26 21:39:00,page_view,Tmall,PRD0020,18f52acdb34261,0.594
EVT0002593,CUST00364,2026-06-22 16:41:00,add_to_cart,Douyin,PRD0031,02c8c6a3a0cb25,0.271
EVT0002594,CUST00364,2026-01-08 11:31:00,product_view,WeChat,PRD0026,e5ae6211f04975,0.647
EVT0002595,CUST00364,2026-04-24 21:02:00,store_visit,WeChat,PRD0032,ba9996e98929ab,0.348
EVT0002596,CUST00364,2026-03-06 13:02:00,product_view,Tmall,PRD0036,5417783a0f53b7,0.519
EVT0002597,CUST00364,2026-05-31 20:26:00,coupon_click,Tmall,PRD0033,baebd14195fe1f,0.928
EVT0002598,CUST00364,2026-02-17 17:53:00,page_view,Douyin,PRD0036,fc8f736b3bf8d2,0.643
EVT0002599,CUST00364,2026-06-11 13:12:00,live_stream_view,MiniProgram,PRD0023,56e84890dad128,0.882
EVT0002600,CUST00364,2026-02-07 09:26:00,wishlist_add,WeChat,PRD0025,8fc2e128c0d8a1,0.19
EVT0002601,CUST00364,2026-05-07 15:40:00,coupon_click,POS,PRD0022,3dbadeeacd87e9,0.359
EVT0002602,CUST00365,2026-05-01 10:28:00,product_view,MiniProgram,PRD0066,47b1979ea7e792,0.899
EVT0002603,CUST00365,2026-05-18 21:05:00,store_visit,App,PRD0057,c9d9e6d5fc7421,0.673
EVT0002604,CUST00365,2026-01-12 10:36:00,product_view,POS,PRD0070,ac7ea4605b3bc0,0.544
EVT0002605,CUST00365,2026-03-08 08:17:00,page_view,App,PRD0055,385d884110067e,0.354
EVT0002606,CUST00365,2026-03-26 12:37:00,add_to_cart,Tmall,PRD0070,d236e88b7bc7fb,0.85
EVT0002607,CUST00365,2026-02-08 17:57:00,page_view,App,PRD0063,95c315701b0e9d,0.759
EVT0002608,CUST00365,2026-05-06 08:21:00,live_stream_view,WeChat,PRD0057,6c5c0daca71bef,0.773
EVT0002609,CUST00365,2026-06-19 13:08:00,live_stream_view,POS,PRD0060,069ec39b0f611d,0.349
EVT0002610,CUST00365,2026-03-08 21:53:00,add_to_cart,Douyin,PRD0063,f979bd635806d2,0.155
EVT0002611,CUST00366,2025-08-01 08:21:00,store_visit,App,PRD0012,05867b9346f6fe,0.607
EVT0002612,CUST00367,2026-01-07 08:50:00,page_view,WeChat,PRD0004,b94689e190ac8a,0.843
EVT0002613,CUST00367,2026-04-16 09:07:00,page_view,POS,PRD0006,cbf49e2dcb1884,0.936
EVT0002614,CUST00367,2026-04-15 09:33:00,product_view,WeChat,PRD0016,b484c99187be3d,0.511
EVT0002615,CUST00367,2026-01-02 12:17:00,page_view,POS,PRD0006,f69af9df923207,0.381
EVT0002616,CUST00367,2026-05-08 22:34:00,add_to_cart,MiniProgram,PRD0003,7ba2c06ffede93,0.899
EVT0002617,CUST00367,2026-04-06 11:57:00,product_view,WeChat,PRD0018,a10443a9d6d132,0.949
EVT0002618,CUST00367,2026-04-01 16:54:00,add_to_cart,Tmall,PRD0003,c4e301e637ec1b,0.379
EVT0002619,CUST00367,2026-06-25 14:14:00,page_view,App,PRD0018,ae18ffca52a4d4,0.845
EVT0002620,CUST00367,2026-02-18 22:36:00,add_to_cart,POS,PRD0017,da366ea15c5828,0.468
EVT0002621,CUST00368,2026-02-08 18:36:00,live_stream_view,Tmall,PRD0032,8449fa9af103bb,0.709
EVT0002622,CUST00368,2026-05-12 21:22:00,store_visit,App,PRD0020,6ccfd3e6232316,0.345
EVT0002623,CUST00368,2026-05-05 12:23:00,live_stream_view,WeChat,PRD0025,235b3cf33bd4af,0.524
EVT0002624,CUST00368,2026-05-02 19:13:00,coupon_click,WeChat,PRD0023,9a7afeedad6a60,0.684
EVT0002625,CUST00368,2026-05-07 22:02:00,wishlist_add,POS,PRD0036,0958587aac7d85,0.174
EVT0002626,CUST00368,2026-01-03 12:02:00,product_view,WeChat,PRD0023,07edb5f9a97744,0.632
EVT0002627,CUST00369,2026-06-26 13:26:00,add_to_cart,Douyin,PRD0002,041f4a0537c6bb,0.157
EVT0002628,CUST00369,2026-06-19 22:30:00,product_view,Douyin,PRD0003,7fcf2f50b126e3,0.93
EVT0002629,CUST00369,2026-03-28 21:18:00,product_view,Tmall,PRD0002,84be10981479b2,0.41
EVT0002630,CUST00369,2026-03-09 16:39:00,search,MiniProgram,PRD0018,a0775fa857e786,0.743
EVT0002631,CUST00369,2026-05-30 09:48:00,search,Douyin,PRD0010,a86c9c2c188290,0.837
EVT0002632,CUST00369,2026-06-25 12:09:00,product_view,POS,PRD0005,d96242eeb37b49,0.214
EVT0002633,CUST00369,2026-05-05 09:00:00,add_to_cart,Tmall,PRD0009,c10d03d1a179f9,0.236
EVT0002634,CUST00369,2026-06-10 21:57:00,page_view,WeChat,PRD0016,fde2cbc9072662,0.88
EVT0002635,CUST00369,2026-05-30 20:01:00,page_view,POS,PRD0004,8ae025f9cf7d21,0.712
EVT0002636,CUST00369,2026-03-10 19:13:00,live_stream_view,WeChat,PRD0001,17339f5dd1a0ac,0.916
EVT0002637,CUST00369,2026-03-05 20:21:00,live_stream_view,POS,PRD0014,16f3428594d7a7,0.718
EVT0002638,CUST00369,2026-02-07 18:01:00,live_stream_view,Tmall,PRD0003,64aaa05f633083,0.936
EVT0002639,CUST00369,2026-03-10 10:04:00,search,Tmall,PRD0006,ebb8803e3c83af,0.282
EVT0002640,CUST00370,2026-03-25 20:54:00,page_view,WeChat,PRD0039,ed033913eb4d05,0.769
EVT0002641,CUST00370,2026-03-11 21:42:00,add_to_cart,Douyin,PRD0044,ed2311e9da7445,0.974
EVT0002642,CUST00370,2026-02-13 18:56:00,add_to_cart,WeChat,PRD0050,4babd6d708a6c9,0.816
EVT0002643,CUST00370,2026-06-13 13:07:00,live_stream_view,Tmall,PRD0039,d2ff7bb57cb71e,0.874
EVT0002644,CUST00370,2026-04-30 20:28:00,live_stream_view,MiniProgram,PRD0038,b08bd62ee6ce9b,0.837
EVT0002645,CUST00370,2026-05-17 18:55:00,product_view,Tmall,PRD0041,d7a843f7608b3f,0.808
EVT0002646,CUST00370,2026-02-07 17:22:00,product_view,Tmall,PRD0053,b97816304d59a4,0.856
EVT0002647,CUST00371,2026-05-30 19:41:00,product_view,Tmall,PRD0024,0bb10ea760052f,0.541
EVT0002648,CUST00371,2026-01-03 15:29:00,product_view,App,PRD0020,0ee28bab846b4b,0.487
EVT0002649,CUST00371,2026-05-26 09:44:00,live_stream_view,POS,PRD0027,d568a542d79c97,0.8
EVT0002650,CUST00371,2026-05-20 11:03:00,page_view,WeChat,PRD0027,9a0cc822bc1f83,0.998
EVT0002651,CUST00371,2026-06-18 20:16:00,live_stream_view,Tmall,PRD0022,272968d2314702,0.793
EVT0002652,CUST00372,2026-02-25 22:45:00,product_view,Douyin,PRD0016,050f66d31073df,0.374
EVT0002653,CUST00372,2026-03-07 13:13:00,wishlist_add,MiniProgram,PRD0002,3d3579f70cd64b,0.178
EVT0002654,CUST00372,2026-06-06 14:49:00,search,App,PRD0017,5d452b6575ebf3,0.44
EVT0002655,CUST00372,2026-03-01 16:41:00,coupon_click,WeChat,PRD0008,ec4a6c291c5dd0,0.319
EVT0002656,CUST00373,2026-01-24 10:54:00,product_view,WeChat,PRD0009,e1d5613d385ce2,0.618
EVT0002657,CUST00373,2026-04-07 17:01:00,product_view,Tmall,PRD0017,5b3a04c1fa181c,0.78
EVT0002658,CUST00373,2026-01-13 21:08:00,add_to_cart,Douyin,PRD0008,8e89fe9d3d2a30,0.801
EVT0002659,CUST00373,2026-03-15 12:12:00,search,App,PRD0012,215312db0aaa00,0.361
EVT0002660,CUST00373,2026-03-20 14:21:00,live_stream_view,WeChat,PRD0012,cbcc6639c92f56,0.752
EVT0002661,CUST00373,2026-05-27 12:56:00,page_view,POS,PRD0018,1f3ef90a33be95,0.887
EVT0002662,CUST00373,2026-06-20 11:15:00,store_visit,Douyin,PRD0010,110394863f8708,0.615
EVT0002663,CUST00373,2026-05-29 13:39:00,product_view,POS,PRD0013,fd459744a7e112,0.827
EVT0002664,CUST00373,2026-04-21 08:59:00,product_view,WeChat,PRD0010,642bfc96b73606,0.827
EVT0002665,CUST00374,2026-01-27 21:33:00,product_view,Tmall,PRD0039,484d366776fe62,0.23
EVT0002666,CUST00374,2026-01-09 20:43:00,product_view,MiniProgram,PRD0053,0128a442f6303f,0.21
EVT0002667,CUST00374,2026-01-20 18:43:00,live_stream_view,App,PRD0040,27a02b0f502b42,0.353
EVT0002668,CUST00374,2026-05-09 15:13:00,product_view,Tmall,PRD0037,774c7076e55303,0.632
EVT0002669,CUST00374,2026-05-11 13:43:00,product_view,WeChat,PRD0044,7b93d0782bd60c,0.275
EVT0002670,CUST00374,2026-05-29 16:44:00,product_view,Douyin,PRD0049,397777782e9afb,0.269
EVT0002671,CUST00374,2026-06-30 14:17:00,page_view,MiniProgram,PRD0052,6c0387106c927d,0.649
EVT0002672,CUST00374,2026-05-06 10:53:00,page_view,WeChat,PRD0049,f6fb764164f518,0.399
EVT0002673,CUST00375,2026-05-10 13:39:00,store_visit,App,PRD0017,fe5c03c48d0ebd,0.812
EVT0002674,CUST00375,2026-03-26 15:08:00,search,WeChat,PRD0012,53f4fb773e3c17,0.818
EVT0002675,CUST00375,2026-05-13 14:19:00,search,Douyin,PRD0002,aecbe9ef28ffaf,0.375
EVT0002676,CUST00375,2026-01-04 08:17:00,store_visit,POS,PRD0005,43ad890ebbb515,0.846
EVT0002677,CUST00375,2026-06-17 21:52:00,wishlist_add,WeChat,PRD0007,a0ea48d11b6c6b,0.617
EVT0002678,CUST00376,2025-12-17 16:59:00,wishlist_add,Tmall,PRD0021,da2ed6956d6a61,0.712
EVT0002679,CUST00377,2026-02-06 17:14:00,store_visit,Douyin,PRD0006,0a7fb4312e4687,0.718
EVT0002680,CUST00377,2026-03-23 13:35:00,product_view,Tmall,PRD0010,9f65b01d7bb1d5,0.198
EVT0002681,CUST00377,2026-01-08 14:47:00,page_view,Tmall,PRD0001,17402dadf0836b,0.375
EVT0002682,CUST00377,2026-06-29 16:03:00,product_view,POS,PRD0018,666d1cf5f76e85,0.536
EVT0002683,CUST00377,2026-04-24 15:52:00,page_view,WeChat,PRD0001,6b789f0ad5150e,0.61
EVT0002684,CUST00377,2026-05-24 14:12:00,product_view,Douyin,PRD0005,b4e770db0bddbc,0.762
EVT0002685,CUST00377,2026-04-05 13:15:00,product_view,MiniProgram,PRD0018,502719cd0ff38d,0.254
EVT0002686,CUST00377,2026-01-15 18:54:00,page_view,POS,PRD0015,9d5fe74759f15f,0.574
EVT0002687,CUST00378,2026-05-13 13:59:00,store_visit,App,PRD0007,76aaa6d8fb77c0,0.396
EVT0002688,CUST00378,2026-03-03 21:24:00,product_view,Tmall,PRD0018,c58c9069986c43,0.689
EVT0002689,CUST00378,2025-08-30 19:43:00,product_view,POS,PRD0005,e2317f98e4b34f,0.615
EVT0002690,CUST00378,2025-11-02 14:49:00,live_stream_view,WeChat,PRD0015,77166fe458b1ef,0.716
EVT0002691,CUST00378,2025-07-29 19:30:00,page_view,MiniProgram,PRD0013,466c618a6a3a38,0.952
EVT0002692,CUST00379,2026-04-14 12:17:00,product_view,App,PRD0046,7f1727f42a3c8d,0.512
EVT0002693,CUST00379,2026-03-08 13:48:00,page_view,Tmall,PRD0051,1e510d57f036e4,0.335
EVT0002694,CUST00379,2026-06-08 11:52:00,page_view,App,PRD0038,de1d71a4a8083e,0.125
EVT0002695,CUST00379,2026-05-25 16:47:00,coupon_click,MiniProgram,PRD0048,e9546b941340a2,0.881
EVT0002696,CUST00379,2026-02-15 22:05:00,product_view,Tmall,PRD0051,25fad0012b43a3,0.134
EVT0002697,CUST00379,2026-03-28 15:16:00,add_to_cart,POS,PRD0045,04c7cf6a2264be,0.548
EVT0002698,CUST00379,2026-06-17 11:05:00,wishlist_add,POS,PRD0054,cfde264a7d0c28,0.543
EVT0002699,CUST00379,2026-02-06 08:15:00,page_view,App,PRD0049,5a632946b0b50f,0.798
EVT0002700,CUST00379,2026-03-19 21:33:00,product_view,MiniProgram,PRD0043,0d94108c55bc6e,0.781
EVT0002701,CUST00380,2026-01-24 08:31:00,store_visit,Douyin,PRD0008,233cf4c77db771,0.442
EVT0002702,CUST00380,2026-05-22 13:26:00,product_view,MiniProgram,PRD0018,de49406297ce77,0.539
EVT0002703,CUST00380,2025-08-02 14:22:00,add_to_cart,MiniProgram,PRD0003,460d5df19ae58b,0.97
EVT0002704,CUST00381,2026-06-07 08:39:00,add_to_cart,Tmall,PRD0017,07a6fcded2d67a,0.263
EVT0002705,CUST00381,2026-02-16 09:49:00,live_stream_view,App,PRD0017,509bcbbb405414,0.459
EVT0002706,CUST00381,2026-03-01 14:44:00,page_view,WeChat,PRD0014,7a381f41bd059f,0.362
EVT0002707,CUST00382,2026-02-02 16:55:00,page_view,MiniProgram,PRD0049,a81e9688af6100,0.104
EVT0002708,CUST00382,2025-11-10 11:42:00,wishlist_add,POS,PRD0049,8531e9d700301e,0.712
EVT0002709,CUST00383,2026-03-11 09:56:00,product_view,MiniProgram,PRD0008,5ee17635e1b3b8,0.376
EVT0002710,CUST00383,2026-06-28 11:51:00,page_view,MiniProgram,PRD0006,3fa92e2464f2e1,0.962
EVT0002711,CUST00383,2026-06-16 10:19:00,add_to_cart,App,PRD0016,e04944b74c2bfa,0.513
EVT0002712,CUST00383,2026-04-17 08:22:00,product_view,MiniProgram,PRD0006,2538c06b973232,0.583
EVT0002713,CUST00383,2026-05-07 08:21:00,store_visit,Tmall,PRD0017,e459386066d3ac,0.882
EVT0002714,CUST00383,2026-04-28 16:51:00,page_view,App,PRD0012,7e7928f82fefa7,0.267
EVT0002715,CUST00383,2026-02-18 16:03:00,page_view,MiniProgram,PRD0006,4f6c711808928b,0.539
EVT0002716,CUST00384,2026-02-05 14:33:00,page_view,Douyin,PRD0008,73561d870135e3,0.142
EVT0002717,CUST00384,2026-01-04 08:23:00,store_visit,App,PRD0003,601775847d3f8e,0.684
EVT0002718,CUST00384,2026-06-01 17:48:00,wishlist_add,POS,PRD0011,4dd9cd1efcc37c,0.243
EVT0002719,CUST00384,2026-04-02 12:19:00,page_view,POS,PRD0017,869d9470ebd015,0.986
EVT0002720,CUST00384,2026-06-17 14:13:00,page_view,WeChat,PRD0001,0b08df4e505bd8,0.592
EVT0002721,CUST00384,2026-06-02 19:30:00,page_view,WeChat,PRD0014,69994193ecd4c5,0.699
EVT0002722,CUST00384,2026-01-03 09:34:00,page_view,Tmall,PRD0018,16873a152600a7,0.354
EVT0002723,CUST00384,2026-01-16 22:14:00,product_view,Tmall,PRD0004,15d85dfa2251dd,0.409
EVT0002724,CUST00384,2026-04-28 19:08:00,coupon_click,WeChat,PRD0002,5baa3f95fd826b,0.877
EVT0002725,CUST00385,2026-02-25 20:35:00,product_view,POS,PRD0058,7d7a7a75b2b6c5,0.375
EVT0002726,CUST00385,2026-03-10 22:06:00,product_view,MiniProgram,PRD0059,5cbfeece913979,0.957
EVT0002727,CUST00385,2026-04-12 13:10:00,product_view,WeChat,PRD0064,2e92b7d60ca527,0.372
EVT0002728,CUST00385,2026-02-24 18:47:00,coupon_click,MiniProgram,PRD0066,c0054ee368a4e1,0.22
EVT0002729,CUST00385,2026-02-18 13:13:00,page_view,WeChat,PRD0072,bd23ba6c4bc09a,0.772
EVT0002730,CUST00385,2026-04-03 14:45:00,wishlist_add,App,PRD0061,94f642990fd289,0.613
EVT0002731,CUST00385,2026-06-03 14:35:00,product_view,WeChat,PRD0055,8fc87d00b41ced,0.385
EVT0002732,CUST00385,2026-01-02 17:48:00,page_view,WeChat,PRD0067,35885b818f483e,0.599
EVT0002733,CUST00386,2026-02-21 10:42:00,store_visit,App,PRD0023,20d311c81ab916,0.665
EVT0002734,CUST00386,2026-06-04 14:02:00,search,MiniProgram,PRD0025,7434785c718bfd,0.138
EVT0002735,CUST00386,2026-04-12 15:19:00,coupon_click,App,PRD0035,a632b0fdc35eeb,0.132
EVT0002736,CUST00386,2026-04-18 20:04:00,page_view,POS,PRD0025,a8a8f3f734f509,0.306
EVT0002737,CUST00386,2026-01-25 20:00:00,search,Douyin,PRD0035,b9b4d686d47be0,0.262
EVT0002738,CUST00386,2026-03-21 13:51:00,page_view,WeChat,PRD0036,82e2d47cc39350,0.912
EVT0002739,CUST00386,2026-03-01 18:27:00,product_view,Tmall,PRD0035,705355884ea0e4,0.991
EVT0002740,CUST00386,2026-03-16 20:14:00,product_view,Douyin,PRD0027,ce17d489276359,0.598
EVT0002741,CUST00386,2026-05-19 20:07:00,coupon_click,WeChat,PRD0036,583a4c3faaf50b,0.454
EVT0002742,CUST00386,2026-05-25 12:30:00,coupon_click,Douyin,PRD0034,c8949a94064e7a,0.217
EVT0002743,CUST00386,2026-01-17 15:43:00,add_to_cart,Douyin,PRD0029,630d143ce68609,0.438
EVT0002744,CUST00387,2026-05-31 16:59:00,product_view,App,PRD0023,e6b84f11c49129,0.721
EVT0002745,CUST00387,2026-01-10 17:48:00,wishlist_add,App,PRD0027,75559155f7bf66,0.702
EVT0002746,CUST00387,2026-04-12 14:41:00,add_to_cart,MiniProgram,PRD0033,f0b5d5e84f50cd,0.637
EVT0002747,CUST00387,2026-03-06 15:32:00,coupon_click,Douyin,PRD0031,8a4bce31681385,0.4
EVT0002748,CUST00387,2026-02-27 17:30:00,search,POS,PRD0031,d25267ae799c32,0.238
EVT0002749,CUST00387,2026-04-04 20:06:00,product_view,POS,PRD0021,bc0de4366b8825,0.787
EVT0002750,CUST00387,2026-01-19 13:45:00,search,Tmall,PRD0025,5435ad1b973d83,0.188
EVT0002751,CUST00387,2026-04-18 10:33:00,page_view,Douyin,PRD0031,db250703807cf2,0.126
EVT0002752,CUST00387,2026-02-13 08:24:00,search,Tmall,PRD0021,b61f7a4813d64c,0.456
EVT0002753,CUST00387,2026-05-20 14:52:00,wishlist_add,App,PRD0023,5a3da4f6def05b,0.39
EVT0002754,CUST00387,2026-04-20 13:08:00,search,POS,PRD0026,5adfa2076afcd2,0.552
EVT0002755,CUST00387,2026-02-16 18:10:00,search,Tmall,PRD0023,11262091c5b57c,0.82
EVT0002756,CUST00387,2026-06-20 10:36:00,search,WeChat,PRD0031,75505fa738097e,0.412
EVT0002757,CUST00388,2026-06-15 20:52:00,page_view,WeChat,PRD0011,2f3dbf0836523a,0.444
EVT0002758,CUST00388,2026-03-28 22:15:00,live_stream_view,App,PRD0013,b798083757e4b3,0.101
EVT0002759,CUST00388,2026-03-20 14:48:00,product_view,WeChat,PRD0009,db0921a69c0c7b,0.371
EVT0002760,CUST00388,2026-04-17 09:56:00,page_view,App,PRD0003,f9bb45ffd500ab,0.648
EVT0002761,CUST00388,2026-03-11 11:15:00,page_view,App,PRD0011,2953bf9068f66d,0.777
EVT0002762,CUST00388,2026-05-31 14:13:00,page_view,POS,PRD0013,10860c007c1359,0.269
EVT0002763,CUST00388,2026-03-19 19:38:00,live_stream_view,MiniProgram,PRD0002,59b2a1749d06a7,0.711
EVT0002764,CUST00388,2026-05-14 08:02:00,add_to_cart,App,PRD0017,75d0cccd8776a0,0.262
EVT0002765,CUST00388,2026-03-07 17:17:00,page_view,App,PRD0003,9166e1c0567840,0.631
EVT0002766,CUST00388,2026-05-07 15:47:00,product_view,POS,PRD0005,eea7831ff25773,0.375
EVT0002767,CUST00388,2026-04-30 15:39:00,product_view,WeChat,PRD0015,9a68c396c101ca,0.594
EVT0002768,CUST00389,2026-04-30 18:39:00,page_view,MiniProgram,PRD0033,7adba99ea4d4f4,0.193
EVT0002769,CUST00389,2026-06-19 21:12:00,search,MiniProgram,PRD0025,14f3550d709662,0.197
EVT0002770,CUST00389,2026-03-13 17:09:00,coupon_click,POS,PRD0026,5275aaf2370651,0.313
EVT0002771,CUST00389,2026-06-22 19:30:00,page_view,WeChat,PRD0036,8c26103dce8d45,0.818
EVT0002772,CUST00390,2026-03-28 21:38:00,wishlist_add,WeChat,PRD0047,81d6adcd172a97,0.459
EVT0002773,CUST00390,2026-03-17 11:43:00,wishlist_add,MiniProgram,PRD0037,fefea111cb8e67,0.905
EVT0002774,CUST00390,2026-01-19 13:08:00,product_view,App,PRD0049,130ad3ae324a8e,0.105
EVT0002775,CUST00391,2026-02-12 21:32:00,coupon_click,App,PRD0035,9be2ae050338e7,0.637
EVT0002776,CUST00391,2026-05-31 11:55:00,product_view,MiniProgram,PRD0020,8028ed517a9c8f,0.185
EVT0002777,CUST00391,2026-01-15 20:08:00,search,POS,PRD0021,1c34cc78f17e5a,0.617
EVT0002778,CUST00391,2026-04-20 13:38:00,add_to_cart,MiniProgram,PRD0029,e0aea94259e99c,0.737
EVT0002779,CUST00391,2026-04-03 19:27:00,coupon_click,Tmall,PRD0025,c2ee361ec86c4e,0.475
EVT0002780,CUST00391,2026-05-31 16:42:00,product_view,Tmall,PRD0022,8be24f597252ac,0.311
EVT0002781,CUST00392,2026-05-10 12:20:00,live_stream_view,POS,PRD0029,ab5098c7b399f0,0.303
EVT0002782,CUST00392,2026-02-21 13:53:00,product_view,MiniProgram,PRD0034,09b022427a3d30,0.712
EVT0002783,CUST00392,2026-05-29 08:55:00,product_view,MiniProgram,PRD0023,406a81e526bc1f,0.314
EVT0002784,CUST00392,2026-04-07 12:15:00,page_view,WeChat,PRD0019,4da45949e80987,0.848
EVT0002785,CUST00392,2026-02-09 19:19:00,search,MiniProgram,PRD0032,e3f0d41e166904,0.15
EVT0002786,CUST00392,2026-05-11 17:09:00,coupon_click,MiniProgram,PRD0035,1282689cb7a9ed,0.111
EVT0002787,CUST00392,2026-05-14 21:13:00,product_view,WeChat,PRD0026,1a509860bd5972,0.851
EVT0002788,CUST00392,2026-02-18 16:04:00,product_view,WeChat,PRD0023,3dadf06eee382f,0.792
EVT0002789,CUST00392,2026-05-07 17:29:00,add_to_cart,POS,PRD0035,9cee9ff3cb05e6,0.381
EVT0002790,CUST00392,2026-01-24 20:49:00,wishlist_add,POS,PRD0036,0b064c2076f139,0.783
EVT0002791,CUST00392,2026-01-03 14:48:00,add_to_cart,WeChat,PRD0019,5a7fbf612fbe72,0.811
EVT0002792,CUST00392,2026-04-12 17:18:00,store_visit,MiniProgram,PRD0023,888353e4b7ee41,0.939
EVT0002793,CUST00393,2026-01-16 12:57:00,page_view,Tmall,PRD0029,9a7e7dafcc86c1,0.927
EVT0002794,CUST00393,2025-08-10 10:27:00,product_view,WeChat,PRD0034,d0ab11c6881a65,0.681
EVT0002795,CUST00394,2026-06-23 10:45:00,wishlist_add,Tmall,PRD0021,bb54ebbcc35439,0.39
EVT0002796,CUST00394,2026-02-27 13:24:00,search,WeChat,PRD0033,e0dc79cd464a58,0.695
EVT0002797,CUST00394,2026-06-30 19:22:00,coupon_click,App,PRD0025,0837b0c3676ac3,0.527
EVT0002798,CUST00394,2026-05-11 14:18:00,live_stream_view,Douyin,PRD0029,04a8816068e3ca,0.243
EVT0002799,CUST00394,2026-02-18 10:33:00,store_visit,POS,PRD0030,04cef3b7f758e2,0.542
EVT0002800,CUST00394,2026-05-26 21:05:00,store_visit,Douyin,PRD0023,2477e6be35785e,0.561
EVT0002801,CUST00394,2026-04-08 09:12:00,search,POS,PRD0036,392a5171b73114,0.458
EVT0002802,CUST00394,2026-06-23 16:16:00,product_view,MiniProgram,PRD0024,08459745490cde,0.286
EVT0002803,CUST00394,2026-06-07 10:37:00,add_to_cart,MiniProgram,PRD0022,d9f2de0ec31c81,0.391
EVT0002804,CUST00394,2026-01-21 14:12:00,product_view,Douyin,PRD0025,322f24508fb6d7,0.892
EVT0002805,CUST00395,2026-01-07 16:45:00,store_visit,App,PRD0068,c57dc0815c95c4,0.371
EVT0002806,CUST00395,2026-03-06 17:33:00,page_view,Douyin,PRD0057,b740ddd686fe59,0.587
EVT0002807,CUST00395,2026-04-22 11:54:00,page_view,App,PRD0069,7a6b78c1f3f867,0.959
EVT0002808,CUST00395,2026-02-25 08:51:00,store_visit,Douyin,PRD0066,b6e6a2bea40ed2,0.259
EVT0002809,CUST00395,2026-06-10 11:06:00,page_view,WeChat,PRD0061,6fe045ca2e0734,0.866
EVT0002810,CUST00395,2026-03-17 18:39:00,store_visit,Douyin,PRD0060,723f994249caa4,0.107
EVT0002811,CUST00395,2026-04-12 13:18:00,product_view,App,PRD0071,81612933b42ca4,0.24
EVT0002812,CUST00395,2026-01-27 10:17:00,product_view,MiniProgram,PRD0071,c1d53d969b6bc5,0.263
EVT0002813,CUST00395,2026-03-27 16:59:00,page_view,App,PRD0068,5e9ecf0625053f,0.312
EVT0002814,CUST00395,2026-03-10 17:58:00,add_to_cart,Tmall,PRD0056,984c68f75951ec,0.604
EVT0002815,CUST00395,2026-04-07 21:59:00,live_stream_view,App,PRD0059,120cbfb0b59525,0.695
EVT0002816,CUST00396,2026-03-09 12:30:00,product_view,Tmall,PRD0015,9c966451ff357a,0.999
EVT0002817,CUST00396,2026-03-02 13:22:00,store_visit,WeChat,PRD0012,2397e97bee512d,0.675
EVT0002818,CUST00396,2026-01-29 18:34:00,page_view,Tmall,PRD0006,7cbc8fd81dee5c,0.998
EVT0002819,CUST00396,2026-03-16 19:14:00,page_view,App,PRD0017,69133bcb6006e5,0.305
EVT0002820,CUST00396,2026-01-11 18:51:00,product_view,Douyin,PRD0008,d245586ea449e1,0.272
EVT0002821,CUST00396,2026-03-29 17:59:00,store_visit,WeChat,PRD0002,96d91784735ad6,0.924
EVT0002822,CUST00396,2026-02-25 22:19:00,store_visit,MiniProgram,PRD0018,680e198da8f57e,0.903
EVT0002823,CUST00396,2026-05-29 16:53:00,live_stream_view,App,PRD0016,7373cf0e2f2fa7,0.788
EVT0002824,CUST00396,2026-01-13 13:45:00,wishlist_add,App,PRD0014,942df3cba41767,0.606
EVT0002825,CUST00396,2026-03-16 19:12:00,store_visit,Douyin,PRD0010,ced30f78b48677,0.882
EVT0002826,CUST00396,2026-06-11 17:56:00,product_view,App,PRD0006,a05bd5333e3906,0.487
EVT0002827,CUST00397,2025-08-14 18:22:00,search,POS,PRD0011,879649551021e6,0.336
EVT0002828,CUST00397,2026-03-16 15:57:00,product_view,Douyin,PRD0018,326caeba470d6b,0.451
EVT0002829,CUST00397,2025-10-05 08:51:00,page_view,Tmall,PRD0013,d96f172074281c,0.309
EVT0002830,CUST00398,2026-06-24 20:46:00,live_stream_view,POS,PRD0025,13debb9adc264b,0.919
EVT0002831,CUST00398,2026-06-09 22:23:00,product_view,Douyin,PRD0024,61f6875a33388d,0.456
EVT0002832,CUST00398,2026-01-26 10:30:00,add_to_cart,MiniProgram,PRD0020,6f569657a02c29,0.686
EVT0002833,CUST00398,2026-04-09 19:36:00,coupon_click,Tmall,PRD0030,7e23462540263c,0.434
EVT0002834,CUST00398,2026-04-24 12:13:00,store_visit,Douyin,PRD0021,199f2569abe577,0.225
EVT0002835,CUST00398,2026-01-14 12:05:00,coupon_click,Douyin,PRD0022,b4c8df3b2904de,0.997
EVT0002836,CUST00398,2026-03-22 08:12:00,store_visit,POS,PRD0019,fce5fcbacd79c0,0.749
EVT0002837,CUST00398,2026-05-20 08:04:00,product_view,Douyin,PRD0023,2fc24d795d8fdf,0.637
EVT0002838,CUST00398,2026-01-06 22:50:00,product_view,POS,PRD0030,9e384f041cbdc2,0.536
EVT0002839,CUST00398,2026-05-09 16:10:00,page_view,App,PRD0036,1787742cf1037d,0.343
EVT0002840,CUST00398,2026-02-19 16:57:00,page_view,Tmall,PRD0019,4f7aca57cee72f,0.845
EVT0002841,CUST00398,2026-01-11 11:30:00,page_view,POS,PRD0035,2008a71365310a,0.276
EVT0002842,CUST00398,2026-06-28 17:49:00,page_view,WeChat,PRD0034,b4fb5ef1b0fb2b,0.177
EVT0002843,CUST00399,2026-01-22 14:46:00,page_view,Douyin,PRD0043,47bfa49ff20a62,0.734
EVT0002844,CUST00399,2026-06-11 22:41:00,search,POS,PRD0050,83d5dbe0cbb3d8,0.178
EVT0002845,CUST00399,2026-07-01 08:07:00,page_view,WeChat,PRD0039,51bf20a84306eb,0.608
EVT0002846,CUST00399,2026-02-12 15:23:00,wishlist_add,App,PRD0037,5dde1314f43d17,0.308
EVT0002847,CUST00399,2026-04-03 10:50:00,product_view,App,PRD0048,e82d71a934cb41,0.55
EVT0002848,CUST00400,2026-02-15 17:56:00,search,POS,PRD0008,054b38358285c8,0.549
EVT0002849,CUST00400,2026-02-11 15:17:00,search,MiniProgram,PRD0012,0b80a8dd22836b,0.83
EVT0002850,CUST00400,2026-01-06 15:38:00,live_stream_view,POS,PRD0005,9d54058694f06a,0.262
EVT0002851,CUST00400,2026-04-16 19:09:00,product_view,POS,PRD0005,ba3ea3dd44cff8,0.687
EVT0002852,CUST00400,2026-01-21 18:26:00,page_view,MiniProgram,PRD0014,2b713a3b94144e,0.632
EVT0002853,CUST00400,2026-05-13 19:44:00,product_view,Douyin,PRD0001,b97715758a8a7c,0.325
EVT0002854,CUST00400,2026-01-30 21:06:00,coupon_click,Tmall,PRD0001,96ef8440c80bc4,0.873
EVT0002855,CUST00401,2025-09-21 12:56:00,search,POS,PRD0055,e992f2e1b3ccfd,0.462
EVT0002856,CUST00401,2025-11-01 14:13:00,add_to_cart,WeChat,PRD0069,110a2a3ad4196a,0.335
EVT0002857,CUST00402,2025-12-26 13:20:00,store_visit,MiniProgram,PRD0019,4298d1848c5a4f,0.412
EVT0002858,CUST00402,2025-10-23 21:03:00,coupon_click,Tmall,PRD0036,9fe502b55d263a,0.958
EVT0002859,CUST00402,2025-12-16 10:48:00,search,Douyin,PRD0036,83db5a95a5a338,0.323
EVT0002860,CUST00402,2025-08-15 10:39:00,add_to_cart,Tmall,PRD0033,425b7c9d139a93,0.308
EVT0002861,CUST00402,2026-06-06 16:36:00,wishlist_add,App,PRD0028,99c86636fd7033,0.142
EVT0002862,CUST00403,2026-01-23 22:58:00,add_to_cart,MiniProgram,PRD0052,d0baa81d844740,0.142
EVT0002863,CUST00403,2026-03-19 19:08:00,search,WeChat,PRD0045,df62f71eaa0b68,0.566
EVT0002864,CUST00403,2026-03-27 12:16:00,product_view,App,PRD0043,dab07abe212963,0.611
EVT0002865,CUST00403,2026-04-25 14:48:00,page_view,App,PRD0047,599d5782c35f8b,0.713
EVT0002866,CUST00403,2026-04-03 09:52:00,coupon_click,Tmall,PRD0038,2eacdbd3e106cf,0.29
EVT0002867,CUST00403,2026-06-14 22:41:00,wishlist_add,POS,PRD0040,4a7adf58408563,0.569
EVT0002868,CUST00403,2026-04-28 15:13:00,coupon_click,POS,PRD0048,3d97a6c472c9aa,0.748
EVT0002869,CUST00403,2026-06-20 08:26:00,page_view,Douyin,PRD0041,d48c488edbe938,0.65
EVT0002870,CUST00403,2026-02-22 12:00:00,page_view,Tmall,PRD0044,3cd1b95620d97b,0.385
EVT0002871,CUST00403,2026-02-01 14:51:00,search,WeChat,PRD0052,8376ce1d6c11a4,0.954
EVT0002872,CUST00403,2026-06-16 10:12:00,page_view,Tmall,PRD0041,c93d50f3cb4d61,0.417
EVT0002873,CUST00404,2026-01-30 09:28:00,product_view,POS,PRD0026,f10ad98048a128,0.114
EVT0002874,CUST00404,2026-06-02 08:34:00,page_view,Douyin,PRD0029,a340db473b46e4,0.686
EVT0002875,CUST00404,2026-01-04 18:03:00,product_view,Tmall,PRD0020,84b6915a5ce6f0,0.242
EVT0002876,CUST00404,2026-02-12 13:59:00,product_view,Tmall,PRD0029,1362d33b5bae7a,0.525
EVT0002877,CUST00404,2026-06-07 14:25:00,page_view,App,PRD0022,e0d75feaa3b68f,0.888
EVT0002878,CUST00404,2026-02-12 21:25:00,coupon_click,Douyin,PRD0035,0c9dca9e615231,0.978
EVT0002879,CUST00405,2026-02-05 11:05:00,store_visit,MiniProgram,PRD0059,2e4a4aec9bf565,0.455
EVT0002880,CUST00405,2026-06-29 09:55:00,add_to_cart,Tmall,PRD0057,0491ea3e30c6d5,0.822
EVT0002881,CUST00405,2026-05-22 12:34:00,search,App,PRD0059,051ff639c1de5b,0.249
EVT0002882,CUST00405,2026-04-11 11:00:00,wishlist_add,POS,PRD0057,dbac15a6f6fb6b,0.355
EVT0002883,CUST00405,2026-01-04 21:45:00,page_view,App,PRD0062,633f88db5e2fda,0.542
EVT0002884,CUST00405,2026-05-01 12:55:00,live_stream_view,Douyin,PRD0064,db32a9cd82b0be,0.762
EVT0002885,CUST00405,2026-05-06 17:13:00,live_stream_view,WeChat,PRD0064,596ab020827806,0.948
EVT0002886,CUST00405,2026-06-18 18:22:00,add_to_cart,WeChat,PRD0065,4146334b919d8f,0.589
EVT0002887,CUST00405,2026-04-23 17:54:00,product_view,Tmall,PRD0068,136acd983181e0,0.723
EVT0002888,CUST00405,2026-04-01 14:50:00,page_view,POS,PRD0062,0040c9c9bc8138,0.75
EVT0002889,CUST00405,2026-04-18 08:32:00,wishlist_add,POS,PRD0070,64f5c90d5d3a76,0.116
EVT0002890,CUST00405,2026-02-03 16:12:00,add_to_cart,MiniProgram,PRD0061,fd7581887ba0b3,0.311
EVT0002891,CUST00406,2026-04-18 18:39:00,add_to_cart,POS,PRD0072,2952fe808d2da1,0.953
EVT0002892,CUST00406,2026-03-14 14:09:00,page_view,Tmall,PRD0063,1803e2640936d6,0.135
EVT0002893,CUST00406,2026-03-23 21:08:00,product_view,MiniProgram,PRD0069,d888dd36dfc008,0.229
EVT0002894,CUST00406,2026-01-12 14:22:00,product_view,POS,PRD0065,349737f2f1533a,0.61
EVT0002895,CUST00406,2026-01-28 11:27:00,product_view,App,PRD0059,71810393020f98,0.395
EVT0002896,CUST00406,2026-03-12 11:46:00,add_to_cart,MiniProgram,PRD0069,f387bccceb64ce,0.429
EVT0002897,CUST00406,2026-04-11 13:27:00,page_view,MiniProgram,PRD0061,239b194d3aa0a4,0.761
EVT0002898,CUST00407,2026-05-20 16:48:00,store_visit,Tmall,PRD0028,180c94310640a7,0.234
EVT0002899,CUST00407,2026-01-09 20:26:00,wishlist_add,Tmall,PRD0027,4912b146e84d80,0.611
EVT0002900,CUST00407,2025-11-11 15:48:00,store_visit,Tmall,PRD0023,be7ecb61a25dde,0.71
EVT0002901,CUST00407,2025-10-05 14:59:00,store_visit,App,PRD0021,ed1daabae5d66b,0.293
EVT0002902,CUST00408,2026-05-23 08:11:00,add_to_cart,Tmall,PRD0003,cd64a2750401aa,0.586
EVT0002903,CUST00408,2026-02-06 08:14:00,coupon_click,Douyin,PRD0011,391cf46f01c68a,0.209
EVT0002904,CUST00408,2026-03-03 22:55:00,page_view,App,PRD0012,358b4a462b3157,0.725
EVT0002905,CUST00408,2026-04-20 22:44:00,live_stream_view,MiniProgram,PRD0012,757c8a9ccfe3c8,0.195
EVT0002906,CUST00408,2026-06-08 12:45:00,product_view,POS,PRD0012,f79eff22672ad9,0.123
EVT0002907,CUST00408,2026-02-14 11:31:00,add_to_cart,WeChat,PRD0006,e6b60a15a63414,0.648
EVT0002908,CUST00408,2026-04-15 21:13:00,store_visit,POS,PRD0011,99dd978a274d56,0.18
EVT0002909,CUST00409,2026-05-13 17:13:00,live_stream_view,Douyin,PRD0065,ca62729d9813d4,0.822
EVT0002910,CUST00409,2026-06-19 11:07:00,page_view,Tmall,PRD0063,9b62e5fd83ba6f,0.236
EVT0002911,CUST00409,2026-06-06 20:25:00,product_view,POS,PRD0058,bf6de2b23ebad2,0.225
EVT0002912,CUST00409,2026-04-23 09:45:00,live_stream_view,Tmall,PRD0063,2bb87ede5130c9,0.642
EVT0002913,CUST00409,2026-01-11 16:21:00,product_view,Tmall,PRD0063,b92101d76360ff,0.771
EVT0002914,CUST00409,2026-01-18 12:51:00,wishlist_add,Douyin,PRD0067,ab1f4b4fb5641a,0.746
EVT0002915,CUST00410,2026-01-15 12:23:00,store_visit,WeChat,PRD0026,e23642dac3c839,0.342
EVT0002916,CUST00410,2026-03-27 21:38:00,page_view,MiniProgram,PRD0033,a74bd6e8373bf0,0.41
EVT0002917,CUST00410,2026-02-18 16:13:00,product_view,App,PRD0032,aa8559ec504e75,0.769
EVT0002918,CUST00410,2026-01-11 22:59:00,store_visit,Tmall,PRD0023,6a52436506b19c,0.116
EVT0002919,CUST00410,2026-04-19 19:43:00,add_to_cart,MiniProgram,PRD0020,8136f1c3272ab8,0.764
EVT0002920,CUST00410,2026-01-23 21:05:00,store_visit,WeChat,PRD0032,de0e8191918876,0.775
EVT0002921,CUST00410,2026-01-06 15:37:00,page_view,WeChat,PRD0023,4af0cb8b00373f,0.657
EVT0002922,CUST00410,2026-03-01 11:52:00,product_view,MiniProgram,PRD0031,50fd9df0abba25,0.798
EVT0002923,CUST00410,2026-03-15 19:35:00,add_to_cart,POS,PRD0023,1f5668993ac4de,0.405
EVT0002924,CUST00410,2026-05-28 10:38:00,store_visit,Tmall,PRD0032,277f9fc296a739,0.941
EVT0002925,CUST00410,2026-04-24 19:58:00,product_view,Douyin,PRD0025,370e33e4000dc0,0.792
EVT0002926,CUST00410,2026-06-02 09:03:00,store_visit,MiniProgram,PRD0019,89019389bcbc28,0.22
EVT0002927,CUST00410,2026-05-11 10:08:00,coupon_click,Douyin,PRD0024,3936954ffce034,0.499
EVT0002928,CUST00411,2026-01-27 21:15:00,search,App,PRD0018,5c9a7df4043bcc,0.49
EVT0002929,CUST00411,2026-06-02 11:20:00,live_stream_view,WeChat,PRD0018,0ed5a59656d604,0.405
EVT0002930,CUST00411,2026-06-29 19:15:00,page_view,Douyin,PRD0013,f82e8940f7a779,0.559
EVT0002931,CUST00411,2026-05-27 16:05:00,page_view,App,PRD0006,a0d658751c3adb,0.184
EVT0002932,CUST00411,2026-03-21 12:03:00,product_view,Tmall,PRD0007,829811d367712d,0.369
EVT0002933,CUST00411,2026-03-29 09:34:00,product_view,MiniProgram,PRD0008,0e9bf5cdb7dbb2,0.496
EVT0002934,CUST00411,2026-05-29 18:07:00,product_view,App,PRD0001,7a01a3d1ec5232,0.757
EVT0002935,CUST00411,2026-02-24 20:52:00,live_stream_view,WeChat,PRD0017,d16fafaaabbaac,0.41
EVT0002936,CUST00411,2026-05-04 21:26:00,product_view,Douyin,PRD0002,64faa2b024fab7,0.106
EVT0002937,CUST00411,2026-06-30 11:29:00,add_to_cart,App,PRD0013,32d46acc6f739e,0.104
EVT0002938,CUST00411,2026-05-23 18:51:00,add_to_cart,App,PRD0013,63cc9586f0c7c7,0.663
EVT0002939,CUST00411,2026-02-02 09:34:00,store_visit,WeChat,PRD0010,1f702978b6f9da,0.91
EVT0002940,CUST00411,2026-04-08 20:33:00,wishlist_add,App,PRD0001,509abb188b87a8,0.173
EVT0002941,CUST00412,2025-08-12 21:29:00,page_view,Tmall,PRD0050,3e3f4b69e6dfdf,0.288
EVT0002942,CUST00412,2025-08-06 20:44:00,page_view,WeChat,PRD0042,f7df3c56873d1e,0.21
EVT0002943,CUST00412,2025-10-24 10:42:00,page_view,WeChat,PRD0053,741f5f4110f65a,0.751
EVT0002944,CUST00413,2026-02-07 09:42:00,add_to_cart,POS,PRD0021,4086a1978cb604,0.207
EVT0002945,CUST00413,2026-04-05 17:27:00,product_view,Tmall,PRD0030,85ce8fe94b8697,0.531
EVT0002946,CUST00413,2026-02-01 10:04:00,page_view,POS,PRD0036,76f6644eebafca,0.718
EVT0002947,CUST00413,2026-01-17 09:45:00,product_view,MiniProgram,PRD0021,841867fceddea0,0.888
EVT0002948,CUST00413,2026-06-10 21:57:00,add_to_cart,POS,PRD0034,d39a8d5a0f3dda,0.683
EVT0002949,CUST00413,2026-01-29 10:10:00,search,Douyin,PRD0025,106de8bff190dd,0.826
EVT0002950,CUST00413,2026-03-02 13:27:00,store_visit,MiniProgram,PRD0033,4b138cbe56c7e1,0.795
EVT0002951,CUST00413,2026-03-15 18:56:00,add_to_cart,App,PRD0028,5785dd48a19db5,0.125
EVT0002952,CUST00413,2026-06-19 13:47:00,page_view,Douyin,PRD0028,8fff0ad580712c,0.348
EVT0002953,CUST00413,2026-01-03 13:51:00,wishlist_add,Tmall,PRD0023,25b52c4e25b9a0,0.342
EVT0002954,CUST00413,2026-01-07 21:55:00,live_stream_view,App,PRD0025,acf4725faec552,0.446
EVT0002955,CUST00414,2026-03-09 18:03:00,page_view,App,PRD0053,6f34e7d14934b9,0.792
EVT0002956,CUST00414,2026-06-01 11:27:00,live_stream_view,Tmall,PRD0043,9006cabe88abb0,0.937
EVT0002957,CUST00414,2026-05-10 08:48:00,page_view,WeChat,PRD0038,9324f14809c18f,0.201
EVT0002958,CUST00414,2026-01-18 12:54:00,store_visit,Tmall,PRD0054,d3e1bc5840d21a,0.266
EVT0002959,CUST00414,2026-06-05 09:26:00,product_view,App,PRD0039,5e41f82906c817,0.789
EVT0002960,CUST00414,2026-06-11 20:32:00,product_view,MiniProgram,PRD0048,e419bfbfc889fe,0.409
EVT0002961,CUST00414,2026-04-15 20:44:00,search,MiniProgram,PRD0037,8855ff774cd186,0.232
EVT0002962,CUST00415,2026-05-31 14:38:00,page_view,WeChat,PRD0012,ff95a96e3c47b7,0.985
EVT0002963,CUST00415,2026-06-30 17:27:00,live_stream_view,POS,PRD0011,22891cde9563c7,0.367
EVT0002964,CUST00415,2026-04-15 09:56:00,live_stream_view,POS,PRD0011,2c3485d9e5c1f0,0.236
EVT0002965,CUST00415,2026-04-20 21:11:00,page_view,Tmall,PRD0011,c4518969ccb933,0.154
EVT0002966,CUST00416,2026-01-13 12:41:00,add_to_cart,MiniProgram,PRD0026,ac20272762ae42,0.205
EVT0002967,CUST00416,2026-01-13 12:40:00,live_stream_view,POS,PRD0023,fadb74fe14ac68,0.197
EVT0002968,CUST00416,2026-04-14 20:21:00,coupon_click,App,PRD0035,2c081f0279e999,0.139
EVT0002969,CUST00416,2026-01-13 09:46:00,live_stream_view,App,PRD0024,81b0b73e938ec2,0.853
EVT0002970,CUST00416,2026-03-08 11:23:00,page_view,MiniProgram,PRD0032,9f8d26ae787d8d,0.556
EVT0002971,CUST00416,2026-06-19 16:20:00,wishlist_add,App,PRD0035,e3c050fab9c780,0.584
EVT0002972,CUST00416,2026-02-13 19:44:00,add_to_cart,Tmall,PRD0031,0ef4b47ef769b8,0.777
EVT0002973,CUST00416,2026-02-01 16:31:00,store_visit,POS,PRD0026,41b53d97372d1a,0.529
EVT0002974,CUST00417,2026-06-29 08:20:00,page_view,App,PRD0027,ae358befc6c464,0.428
EVT0002975,CUST00417,2026-03-03 09:47:00,product_view,Tmall,PRD0026,88e25c8bf2dbb3,0.184
EVT0002976,CUST00417,2026-01-25 14:03:00,product_view,WeChat,PRD0030,a663c2f233cb1c,0.219
EVT0002977,CUST00417,2026-01-05 19:45:00,search,App,PRD0028,9a3c70c6fa91fb,0.624
EVT0002978,CUST00417,2026-03-31 11:44:00,coupon_click,WeChat,PRD0019,13f722ddf0d945,0.371
EVT0002979,CUST00417,2026-06-21 10:05:00,live_stream_view,App,PRD0023,712d4d8c162e37,0.732
EVT0002980,CUST00417,2026-04-25 12:27:00,page_view,Douyin,PRD0032,52bf048a9fbc66,0.991
EVT0002981,CUST00417,2026-03-30 17:04:00,add_to_cart,App,PRD0032,c02244f28b97be,0.165
EVT0002982,CUST00417,2026-04-16 10:32:00,store_visit,Douyin,PRD0034,d9fea1b4b4bea7,0.888
EVT0002983,CUST00417,2026-01-03 15:27:00,add_to_cart,WeChat,PRD0035,779afd0b871427,0.127
EVT0002984,CUST00417,2026-06-02 22:42:00,product_view,Tmall,PRD0032,49d048bf0a8a02,0.415
EVT0002985,CUST00417,2026-03-21 22:35:00,store_visit,WeChat,PRD0027,4e64c9b117711d,0.907
EVT0002986,CUST00417,2026-06-24 09:05:00,live_stream_view,Douyin,PRD0026,add033c5f17083,0.552
EVT0002987,CUST00418,2026-03-27 21:51:00,search,MiniProgram,PRD0021,975949887939f9,0.99
EVT0002988,CUST00418,2026-01-11 17:43:00,product_view,POS,PRD0021,4c3fabed1a1ea7,0.579
EVT0002989,CUST00418,2026-06-23 12:47:00,product_view,MiniProgram,PRD0031,a7fc6747c20902,0.51
EVT0002990,CUST00418,2026-03-20 08:57:00,search,App,PRD0030,1c2d9cb3357e2f,0.698
EVT0002991,CUST00419,2026-01-04 14:06:00,wishlist_add,WeChat,PRD0041,582a1074ae1652,0.221
EVT0002992,CUST00419,2026-04-01 11:48:00,product_view,WeChat,PRD0048,36c33d93b39e41,0.709
EVT0002993,CUST00419,2026-03-12 11:23:00,product_view,MiniProgram,PRD0043,0154ac7d016cde,0.759
EVT0002994,CUST00419,2026-05-19 09:07:00,page_view,WeChat,PRD0039,ae90456fee85c1,0.49
EVT0002995,CUST00419,2026-02-06 22:47:00,page_view,WeChat,PRD0045,626d266d42e582,0.987
EVT0002996,CUST00419,2026-01-24 09:45:00,page_view,Tmall,PRD0037,04498dbb149c61,0.316
EVT0002997,CUST00420,2026-05-04 10:30:00,page_view,Tmall,PRD0063,1ff6089a006429,0.355
EVT0002998,CUST00420,2026-01-18 10:56:00,product_view,Tmall,PRD0071,78107a2afc1731,0.944
EVT0002999,CUST00420,2026-02-15 13:24:00,search,POS,PRD0062,6e39b64d571464,0.432
EVT0003000,CUST00420,2026-05-14 20:18:00,wishlist_add,MiniProgram,PRD0060,9c5f8c6c1bfbb6,0.961
EVT0003001,CUST00420,2026-06-24 18:54:00,wishlist_add,Douyin,PRD0058,23f28ec2f484ed,0.243
EVT0003002,CUST00420,2026-04-03 17:17:00,wishlist_add,Tmall,PRD0059,7d20519963f9fc,0.863
EVT0003003,CUST00420,2026-05-24 14:56:00,product_view,MiniProgram,PRD0056,2651ac4536c79f,0.732
