customer_id,name,gender,age,city,province,region,city_tier,join_date,member_level,lifecycle_stage,preferred_channel,home_store_id,category_affinity,size_profile,price_sensitivity,discount_affinity,private_domain_status,acquisition_channel,mobile_hash,email_hash,wechat_openid_hash,consent_marketing,consent_sms,consent_wechat,consent_email,last_purchase_date,days_since_purchase,orders_365,total_spend_365,avg_order_value,rfm_segment,churn_risk_score,replenishment_due_score,vip_score,return_rate,complaint_count,created_at
CUST00001,褚铭轩,Male,31,广州,广东,华南,一线,2026-03-09,Silver,Active,POS,ST003,Footwear,S,High,High,In WeCom,WeChat Referral,fd7a34ac62b97cd31d,00f6a5aae0beb1dba8,3b318d93eb8631f24a,Y,N,Y,Y,2026-05-24,38,3,3025.88,1008.63,Potential Loyalist,0.196,0.2,0.327,0.0,0,2026-07-01 09:00:00
CUST00002,俞梓轩,Female,24,西安,陕西,西北,新一线,2024-09-30,Silver,Dormant,WeChat,ST009,Footwear,41,Low,Medium,In WeChat Group,Tmall,2bffbfa34b41d55c04,f48edb3fee918592a7,c21413123a6dd04cb8,Y,Y,Y,N,2025-07-29,337,1,547.04,547.04,Hibernating,0.688,0.99,0.06,0.0,0,2026-07-01 09:00:00
CUST00003,朱铭轩,Male,39,杭州,浙江,华东,新一线,2024-12-26,Silver,Active,MiniProgram,ST005,Footwear,40,Low,Low,Not Joined,Xiaohongshu,67a7966f20c6bfb4d9,e2e7205c30e912c911,2e746a21d3cafa0d28,Y,Y,Y,Y,2026-06-06,25,1,1760.01,1760.01,New/Low Frequency,0.192,0.131,0.232,0.0,0,2026-07-01 09:00:00
CUST00004,马晨曦,Female,51,深圳,广东,华南,一线,2026-06-09,Silver,New,Tmall,ST004,Mixed,39,Medium,High,In WeCom,Brand Event,0f65985d663496adb9,9e2d8ace201f084e2a,752d488dd983307b14,Y,N,Y,N,2026-06-15,16,1,1220.57,1220.57,New/Low Frequency,0.177,0.1,0.22,0.0,0,2026-07-01 09:00:00
CUST00005,唐欣怡,Male,28,西安,陕西,西北,新一线,2026-04-02,Silver,New,MiniProgram,ST009,Accessories,38,High,High,Opted Out,Xiaohongshu,f2898a52414f225d65,4eb24ce386b215d5a2,da5b55156fde2f813e,Y,Y,Y,Y,2026-06-28,3,1,76.76,76.76,New/Low Frequency,0.237,0.008,0.193,0.0,1,2026-07-01 09:00:00
CUST00006,薛嘉豪,Female,19,成都,四川,西南,新一线,2024-05-06,Silver,Active,MiniProgram,ST006,Accessories,XL,High,Low,In WeChat Group,Tmall,48689633f48f8bcd4b,7edff838f278099c26,d5fcff60d6d81e56e6,Y,N,Y,N,2026-06-13,18,2,254.26,127.13,Potential Loyalist,0.173,0.049,0.223,0.0,0,2026-07-01 09:00:00
CUST00007,秦若曦,Male,47,苏州,江苏,华东,二线,2023-12-17,Gold,VIP,SMS,ST011,Mixed,36,High,High,Not Joined,Brand Event,8536b83f7c3804dc2a,b92e8ef641d4783de8,f727f7a8d55b1d09ac,Y,Y,Y,N,2026-05-14,48,9,7181.28,797.92,Loyal,0.164,0.3,0.634,0.0,0,2026-07-01 09:00:00
CUST00008,马梓轩,Female,36,武汉,湖北,华中,新一线,2026-03-02,Gold,Growth,POS,ST007,Accessories,38,Low,Low,Not Joined,Brand Event,360c3042c992d60bd5,7cf4c9b23907239f08,8eead0bea8b59237c2,Y,N,Y,Y,2026-05-13,49,7,4279.45,611.35,Potential Loyalist,0.182,0.134,0.486,0.0,0,2026-07-01 09:00:00
CUST00009,苗子涵,Female,21,成都,四川,西南,新一线,2025-10-13,Silver,At_Risk,MiniProgram,ST006,Apparel,M,Medium,Low,In WeChat Group,Xiaohongshu,e85c2c5cd7804074cc,4634a0734d82a85c40,2da4a873128f481e05,Y,Y,Y,Y,2026-03-01,122,2,1543.48,771.74,Hibernating,0.338,0.449,0.215,0.0,0,2026-07-01 09:00:00
CUST00010,朱可欣,Male,44,上海,上海,华东,一线,2025-05-07,Gold,Active,WeChat,ST001,Footwear,37,Low,Medium,In WeChat Group,WeChat Referral,d80b9f8da69dc34bab,9e4fb209f9c9dfce77,161ace3c4f57e246b8,Y,Y,N,Y,2026-06-28,3,2,3897.31,1948.66,Potential Loyalist,0.149,0.016,0.335,0.0,0,2026-07-01 09:00:00
CUST00011,水睿泽,Male,26,北京,北京,华北,一线,2025-12-06,Gold,Growth,WeChat,ST002,Footwear,36,Medium,High,Not Joined,Store Walk-in,2f3c099c1fc485609c,b27dd8912f1685746c,2fa51df2dd475b6616,Y,Y,Y,Y,2026-05-08,54,6,5393.81,898.97,Loyal,0.198,0.284,0.484,0.167,0,2026-07-01 09:00:00
CUST00012,倪可欣,Male,49,成都,四川,西南,新一线,2026-04-17,Gold,Active,MiniProgram,ST006,Apparel,36,High,High,In WeCom,Brand Event,03424eb0d450c11d05,ca056f0bd3451348f3,69dc11b26a963a747b,Y,N,Y,N,2026-05-17,45,6,5698.7,949.78,Loyal,0.184,0.165,0.497,0.0,0,2026-07-01 09:00:00
CUST00013,赵宇航,Male,39,深圳,广东,华南,一线,2026-04-16,Silver,New,AppPush,ST004,Footwear,XL,High,High,In WeChat Group,Douyin Ads,af501a94de363699be,dde4f9d97fafce6331,ade21dae7807b3b4fc,Y,Y,Y,N,2026-06-17,14,2,1696.17,848.09,Potential Loyalist,0.166,0.074,0.267,0.0,0,2026-07-01 09:00:00
CUST00014,华铭轩,Female,29,成都,四川,西南,新一线,2026-03-01,Silver,Growth,WeChat,ST006,Accessories,38,Low,Low,Not Joined,Store Walk-in,9e057e9ab9b903500d,7bb1eac50c9054c3a4,fb77f91c5b60a6cc38,Y,N,Y,N,2026-04-08,84,8,2530.94,316.37,Potential Loyalist,0.229,0.23,0.452,0.0,0,2026-07-01 09:00:00
CUST00015,褚雨桐,Female,26,杭州,浙江,华东,新一线,2026-06-12,Silver,New,Tmall,ST005,Beauty,M,Medium,High,Opted Out,Douyin Ads,764004b6de76d516a3,dc7c67417f7591f13b,76354b011a9fba4dc5,Y,Y,Y,N,2026-06-14,17,2,2988.47,1494.24,Potential Loyalist,0.171,0.123,0.303,0.0,0,2026-07-01 09:00:00
CUST00016,昌铭轩,Male,40,上海,上海,华东,一线,2024-10-10,Silver,At_Risk,WeChat,ST001,Accessories,S,Medium,Medium,Not Joined,Xiaohongshu,d3e3e37ca9aeea8595,5214121f8b60f7f42e,e16cfc752feefb1af2,Y,N,Y,Y,2026-04-13,79,1,463.22,463.22,New/Low Frequency,0.358,0.217,0.171,0.0,1,2026-07-01 09:00:00
CUST00017,鲁雨桐,Female,36,西安,陕西,西北,新一线,2025-02-16,Silver,Active,POS,ST009,Accessories,L,Low,High,In WeCom,Store Walk-in,924f24c76a0bc27445,2f950ce4f540d35c78,3da6677047ccb6a215,Y,Y,Y,Y,2026-05-11,51,4,2405.46,601.37,Potential Loyalist,0.209,0.14,0.335,0.0,0,2026-07-01 09:00:00
CUST00018,许宇航,Male,31,广州,广东,华南,一线,2023-11-18,Silver,Dormant,POS,ST003,Accessories,XS,Medium,High,In WeCom,Brand Event,29f6c78ec3c9921ecc,ebdc9438b7e3140563,a800748abad3617b2f,Y,N,Y,N,2025-08-19,316,1,140.84,140.84,Hibernating,0.814,0.867,0.058,0.25,2,2026-07-01 09:00:00
CUST00019,贺嘉豪,Female,45,成都,四川,西南,新一线,2026-03-19,Gold,Active,MiniProgram,ST006,Beauty,L,Low,Low,Opted Out,WeChat Referral,219f7baa8373e4170b,6bba1722786a0b334a,e923aad756dd060a9f,Y,N,Y,N,2026-06-09,22,4,3674.78,918.7,Potential Loyalist,0.243,0.159,0.385,0.0,1,2026-07-01 09:00:00
CUST00020,孔依琳,Female,43,杭州,浙江,华东,新一线,2026-04-18,Platinum,Active,WeChat,ST005,Apparel,41,Low,Low,Opted Out,WeChat Referral,5f107e6fd35e6b4de6,7ff12d530dbc01697a,a54928a15a84f0a027,Y,Y,Y,N,2026-06-20,11,6,11875.1,1979.18,Champions,0.129,0.04,0.69,0.0,0,2026-07-01 09:00:00
CUST00021,凤梓轩,Male,28,西安,陕西,西北,新一线,2025-04-16,Diamond,VIP,WeChat,ST009,Apparel,M,High,Low,Not Joined,WeChat Referral,9d1fb965f4ecf2af5b,1fb41e32ece3006e56,fd274f4b39ebd03a86,Y,N,Y,N,2026-05-14,48,11,13203.0,1200.27,Loyal,0.156,0.176,0.84,0.071,0,2026-07-01 09:00:00
CUST00022,彭可欣,Female,28,武汉,湖北,华中,新一线,2024-07-15,Silver,Active,WeChat,ST007,Apparel,M,High,High,Opted Out,Store Walk-in,6baa645cac5655e8c1,082159116cd30e5761,20533207bf9fbc1b67,Y,Y,Y,N,2026-05-29,33,1,305.95,305.95,New/Low Frequency,0.204,0.121,0.186,0.0,0,2026-07-01 09:00:00
CUST00023,金依琳,Female,50,北京,北京,华北,一线,2025-11-15,Silver,Active,MiniProgram,ST002,Accessories,38,High,Low,Not Joined,Store Walk-in,627bd51637fdc71f0a,14a011e67806e9772c,8146d670d1d05c779e,Y,N,Y,Y,2026-06-19,12,2,1636.64,818.32,Potential Loyalist,0.163,0.033,0.266,0.0,0,2026-07-01 09:00:00
CUST00024,邹子涵,Unknown,39,北京,北京,华北,一线,2026-02-14,Silver,Service_Recovery,MiniProgram,ST002,Mixed,L,Low,Medium,In WeCom,Xiaohongshu,cb80c17ea2279001f5,166a31306542a80a17,616ebf02f0534fc87f,Y,Y,N,Y,2026-06-23,8,3,1475.28,491.76,Potential Loyalist,0.229,0.05,0.295,0.333,1,2026-07-01 09:00:00
CUST00025,赵一诺,Female,22,南京,江苏,华东,新一线,2025-12-16,Silver,Growth,AppPush,ST008,Accessories,42,Low,High,In WeCom,Douyin Ads,5a8c2b2492053ce00a,bc39714c3d56a0a5c6,deebbc117a51c701dd,Y,Y,N,Y,2026-05-29,33,3,1643.14,547.71,Potential Loyalist,0.188,0.091,0.289,0.333,0,2026-07-01 09:00:00
CUST00026,郑晨曦,Male,39,北京,北京,华北,一线,2025-09-11,Gold,Active,MiniProgram,ST002,Apparel,L,Low,Low,Not Joined,Douyin Ads,2d0a755da0daf28cf4,0e3db1cbcd92029d24,abadcbf7cc86de650f,Y,N,Y,Y,2026-06-13,18,6,3888.99,648.17,Potential Loyalist,0.141,0.066,0.456,0.333,0,2026-07-01 09:00:00
CUST00027,倪晨曦,Female,22,杭州,浙江,华东,新一线,2024-11-03,Silver,Dormant,WeChat,ST005,Footwear,41,High,High,Opted Out,Douyin Ads,29556bc37795eae708,89c50978086c1a8b7c,a48f2b187ff60953a5,Y,Y,Y,Y,2025-07-27,339,2,1352.54,676.27,Hibernating,0.683,0.99,0.114,0.0,0,2026-07-01 09:00:00
CUST00028,费子涵,Female,27,成都,四川,西南,新一线,2026-03-03,Gold,Growth,WeChat,ST006,Apparel,39,Medium,High,Not Joined,Brand Event,88860b57e898858083,5564ddd633ca31cf2d,d94b851bc5c7a0c018,Y,Y,Y,N,2026-04-08,84,8,8014.24,1001.78,Loyal,0.229,0.309,0.611,0.125,0,2026-07-01 09:00:00
CUST00029,卫佳琪,Female,32,北京,北京,华北,一线,2024-10-04,Silver,Dormant,SMS,ST002,Mixed,S,Low,Medium,In WeChat Group,Store Walk-in,53f3adc1aebe03ac22,772e2e5e305cd393ad,8783d236359913e52f,Y,Y,Y,Y,2025-09-09,295,2,3194.56,1597.28,Hibernating,0.613,0.99,0.187,0.333,0,2026-07-01 09:00:00
CUST00030,王若曦,Male,18,重庆,重庆,西南,新一线,2026-04-24,Gold,Active,MiniProgram,ST010,Beauty,XS,Medium,Medium,In WeCom,WeChat Referral,e5ef208e061d9b8ab5,6cdf073fa27d747e39,553ae7e9995962dc4e,Y,Y,Y,Y,2026-06-02,29,7,8036.67,1148.1,Champions,0.15,0.209,0.603,0.0,0,2026-07-01 09:00:00
CUST00031,谢佳琪,Male,40,广州,广东,华南,一线,2025-11-02,Gold,Growth,WeChat,ST003,Beauty,41,Low,Low,Opted Out,Tmall,35691142336b0a1e19,535b82b473f3101ce9,c0d397644d62e46a63,Y,Y,Y,N,2026-04-18,74,8,6531.63,816.45,Loyal,0.214,0.534,0.572,0.0,0,2026-07-01 09:00:00
CUST00032,孔明远,Female,28,成都,四川,西南,新一线,2025-05-17,Silver,Active,AppPush,ST006,Accessories,XS,High,Low,In WeChat Group,Xiaohongshu,9c3814ba48301d195e,e9b51e3b62d034ae0e,2c83a0aadc9eebfa20,Y,Y,Y,Y,2026-05-18,44,5,2623.99,524.8,Potential Loyalist,0.19,0.121,0.377,0.0,0,2026-07-01 09:00:00
CUST00033,曹宇航,Female,34,深圳,广东,华南,一线,2026-05-24,Silver,Growth,POS,ST004,Beauty,41,Low,Low,In WeCom,Xiaohongshu,0f08586f49fe505cba,8c7336b76378f0cd79,6e20daad4cd012ffa6,Y,Y,Y,Y,2026-06-02,29,3,1673.28,557.76,Potential Loyalist,0.182,0.209,0.292,0.333,0,2026-07-01 09:00:00
CUST00034,李思源,Female,42,西安,陕西,西北,新一线,2025-02-02,Silver,Dormant,Tmall,ST009,Beauty,36,Medium,High,Not Joined,Tmall,9ac92729c5df178600,11fa71aa28b35ed1e6,fd437d7c59e3a18843,Y,Y,Y,N,2026-01-03,179,1,895.9,895.9,Hibernating,0.436,0.99,0.139,0.0,0,2026-07-01 09:00:00
CUST00035,苗晨曦,Male,36,深圳,广东,华南,一线,2025-07-07,Silver,Dormant,MiniProgram,ST004,Beauty,L,Low,High,In WeCom,Brand Event,3d51e7544d8963dcb3,7523c4319123921e45,514f3a97e69ec45d2d,Y,N,Y,Y,2025-12-07,206,4,3360.77,840.19,Hibernating,0.455,0.99,0.295,0.25,0,2026-07-01 09:00:00
CUST00036,赵睿泽,Female,27,长沙,湖南,华中,二线,2026-04-07,Silver,New,WeChat,ST012,Footwear,XS,Medium,High,In WeChat Group,Tmall,f6c78c4d5bbbbe5282,80b25bbecbebf57e5b,71c4ca13f3f3eb9c51,Y,N,Y,N,2026-06-12,19,1,1704.7,1704.7,New/Low Frequency,0.182,0.1,0.233,0.0,0,2026-07-01 09:00:00
CUST00037,苏铭轩,Female,40,武汉,湖北,华中,新一线,2025-09-14,Silver,Active,WeChat,ST007,Footwear,37,Low,Medium,Not Joined,Brand Event,1388122d39c9f4a0e9,7ff4148d0801a10df4,65346e7388d8cd7244,Y,N,Y,N,2026-05-29,33,3,3359.53,1119.84,Potential Loyalist,0.188,0.173,0.339,0.0,0,2026-07-01 09:00:00
CUST00038,倪一诺,Male,44,西安,陕西,西北,新一线,2026-05-27,Silver,New,MiniProgram,ST009,Footwear,S,Low,Low,Not Joined,Douyin Ads,9ee57efc1ff7d2a677,5fa42c2375e57ff719,f98f2587cbcf152610,Y,Y,Y,N,2026-06-20,11,1,986.04,986.04,New/Low Frequency,0.169,0.058,0.216,0.0,0,2026-07-01 09:00:00
CUST00039,章若曦,Male,36,重庆,重庆,西南,新一线,2025-03-31,Gold,Active,WeChat,ST010,Apparel,XL,Low,Low,Opted Out,Tmall,5a51b7f369f066161b,ce7d8ed4101105edb3,a52b064bbd3528f27f,Y,Y,Y,N,2026-05-20,42,5,3675.19,735.04,Potential Loyalist,0.187,0.154,0.408,0.0,0,2026-07-01 09:00:00
CUST00040,奚晨曦,Female,58,深圳,广东,华南,一线,2025-08-30,Silver,Active,SMS,ST004,Footwear,38,High,Low,In WeChat Group,Store Walk-in,f4e67d8cda11f77301,4c69b8e04f419d1df1,5ae0261eb91959c304,Y,Y,Y,N,2026-05-07,55,3,2063.74,687.91,Potential Loyalist,0.223,0.289,0.292,0.0,0,2026-07-01 09:00:00
CUST00041,褚明远,Unknown,36,长沙,湖南,华中,二线,2025-09-14,Silver,Growth,POS,ST012,Accessories,40,Medium,Medium,Opted Out,WeChat Referral,29b71c1e654c5a7967,d92884df3c21037f2a,e91a7dec1987e0216c,N,Y,Y,Y,2026-05-14,48,6,2781.02,463.5,Potential Loyalist,0.238,0.088,0.411,0.0,0,2026-07-01 09:00:00
CUST00042,杨浩然,Female,22,苏州,江苏,华东,二线,2025-11-20,Gold,At_Risk,WeChat,ST011,Footwear,41,Medium,Low,Not Joined,Tmall,4c1a5960131846a473,a1ad59d0c4a86fac81,fb8ccf92bed0482e91,Y,N,Y,N,2026-04-13,79,5,5605.69,1121.14,Loyal,0.246,0.415,0.447,0.0,0,2026-07-01 09:00:00
CUST00043,贺嘉豪,Male,28,西安,陕西,西北,新一线,2025-02-09,Gold,Active,SMS,ST009,Beauty,S,Low,High,Opted Out,Store Walk-in,85309ce2e1deeb3fbf,1b69a6c32b6e597d15,abfdc35ede4ab5b19e,Y,Y,Y,Y,2026-05-28,34,6,4547.22,757.87,Potential Loyalist,0.166,0.245,0.468,0.0,0,2026-07-01 09:00:00
CUST00044,朱子涵,Female,31,西安,陕西,西北,新一线,2026-05-21,Silver,New,MiniProgram,ST009,Accessories,41,Low,Medium,Not Joined,Douyin Ads,09e3bafc4185d380d6,f87a6cfe1fd1241ba0,0c38a29916e8be4780,N,Y,Y,Y,2026-06-05,26,1,1062.9,1062.9,New/Low Frequency,0.403,0.048,0.211,0.0,2,2026-07-01 09:00:00
CUST00045,赵宇航,Female,37,上海,上海,华东,一线,2026-03-12,Gold,At_Risk,MiniProgram,ST001,Footwear,XL,Medium,Low,In WeChat Group,Store Walk-in,aff52b71b971186ad7,168501699a2a5c4172,d3adbc0b319fffafd9,Y,N,Y,Y,2026-03-24,99,4,3531.75,882.94,Potential Loyalist,0.285,0.52,0.347,0.0,0,2026-07-01 09:00:00
CUST00046,昌宇航,Female,27,武汉,湖北,华中,新一线,2024-06-25,Silver,Dormant,POS,ST007,Beauty,L,High,High,In WeCom,WeChat Referral,b95867f7362684a460,63c012650fa7187a8b,705ca8188684f83941,Y,Y,Y,Y,2025-06-13,383,0,0.0,0.0,Hibernating,0.74,0.99,0.0,0.25,0,2026-07-01 09:00:00
CUST00047,葛一诺,Female,35,深圳,广东,华南,一线,2026-03-13,Silver,Active,MiniProgram,ST004,Beauty,38,High,Medium,In WeCom,Douyin Ads,d0cb3b263dca47b7a2,a87bbf13e4006c8cf7,26e35c5178f4d1484b,N,Y,Y,N,2026-06-11,20,2,2011.37,1005.69,Potential Loyalist,0.226,0.096,0.273,0.0,0,2026-07-01 09:00:00
CUST00048,陶可欣,Male,50,南京,江苏,华东,新一线,2024-01-08,Silver,Dormant,MiniProgram,ST008,Beauty,42,Medium,Medium,Opted Out,Brand Event,2e7a69a687debea3b8,151230d40cc0d9a8a7,3325e318ecef9bfdb1,Y,N,Y,N,2025-08-17,318,1,470.7,470.7,Hibernating,0.737,0.99,0.066,0.0,1,2026-07-01 09:00:00
CUST00049,倪依琳,Male,32,上海,上海,华东,一线,2026-04-05,Silver,New,WeChat,ST001,Accessories,L,High,High,Opted Out,Store Walk-in,cf7f9e51abfaab823b,3eb61a984522b9117d,ee32da325648bfb5cf,Y,Y,Y,N,2026-05-31,31,1,284.33,284.33,New/Low Frequency,0.201,0.085,0.187,0.0,0,2026-07-01 09:00:00
CUST00050,窦铭轩,Female,39,上海,上海,华东,一线,2025-06-30,Gold,Active,WeChat,ST001,Apparel,XL,High,Medium,Not Joined,WeChat Referral,2f1825318163db8a41,6776818e68ef190180,376adc3f9f83c25fdb,N,Y,Y,N,2026-05-12,50,6,4182.32,697.05,Potential Loyalist,0.241,0.123,0.451,0.143,0,2026-07-01 09:00:00
CUST00051,苏睿泽,Male,33,广州,广东,华南,一线,2026-04-26,Silver,New,WeChat,ST003,Mixed,XS,Low,High,Not Joined,Xiaohongshu,006b97593d978638d7,2591e7cc1d8a11d903,e6d07ed44cf2d86fdd,Y,Y,Y,N,2026-06-06,25,1,1171.54,1171.54,New/Low Frequency,0.192,0.156,0.215,0.0,0,2026-07-01 09:00:00
CUST00052,苗可欣,Male,21,北京,北京,华北,一线,2026-04-28,Gold,Growth,WeChat,ST002,Apparel,36,Low,Medium,Opted Out,Douyin Ads,f6f4ad99009ec8b1d5,fe24dfd7afd1fcdd03,ac75b890721ca07eb9,Y,Y,Y,N,2026-05-16,46,4,5078.75,1269.69,Loyal,0.201,0.169,0.415,0.0,0,2026-07-01 09:00:00
CUST00053,王欣怡,Female,32,成都,四川,西南,新一线,2026-01-21,Silver,Service_Recovery,SMS,ST006,Beauty,40,High,Medium,Not Joined,Douyin Ads,dc75c8a27658b6fc2e,b6514c235ec50aed5b,737d8b8fce7e16e281,Y,Y,Y,N,2026-04-06,86,5,3269.38,653.88,Potential Loyalist,0.337,0.62,0.377,0.2,1,2026-07-01 09:00:00
CUST00054,薛诗涵,Female,41,北京,北京,华北,一线,2025-05-18,Diamond,VIP,MiniProgram,ST002,Footwear,L,High,High,Not Joined,Xiaohongshu,ecbc54ae48503ba419,5d7b76ee57e7cabf6d,f1cd4a96778ddddc9e,Y,Y,Y,Y,2026-06-19,12,11,11814.48,1074.04,Champions,0.099,0.063,0.816,0.182,0,2026-07-01 09:00:00
CUST00055,冯浩然,Female,18,成都,四川,西南,新一线,2026-05-16,Silver,New,POS,ST006,Beauty,41,Medium,Low,In WeCom,WeChat Referral,1cfcabd4541837c5cb,155fe8174ece8eac84,93af1e5c128419e8a4,Y,Y,Y,Y,2026-06-29,2,2,2159.56,1079.78,Potential Loyalist,0.147,0.014,0.286,0.0,0,2026-07-01 09:00:00
CUST00056,孔子涵,Male,45,成都,四川,西南,新一线,2024-10-14,Silver,At_Risk,WeChat,ST006,Footwear,36,Low,Low,In WeChat Group,WeChat Referral,c43e7eed3ff0bdc1d3,1ad85c76055f595b21,f6854e8ead9fdc2234,Y,Y,Y,Y,2026-04-27,65,1,843.56,843.56,New/Low Frequency,0.255,0.342,0.188,0.0,0,2026-07-01 09:00:00
CUST00057,云睿泽,Male,30,广州,广东,华南,一线,2025-11-02,Gold,Active,AppPush,ST003,Beauty,41,Low,Medium,Not Joined,Brand Event,67c91ba449db08433f,0d43a70923ae07d665,51603cfbf3e98be709,Y,N,Y,Y,2026-05-31,31,7,4806.19,686.6,Potential Loyalist,0.153,0.224,0.509,0.0,0,2026-07-01 09:00:00
CUST00058,葛一诺,Male,38,重庆,重庆,西南,新一线,2026-04-14,Silver,New,WeChat,ST010,Footwear,39,Medium,Low,Not Joined,Store Walk-in,b0732f58ccd953fb86,dfaf76183b2e88bb99,b41296a79e360f08bf,Y,Y,Y,N,2026-06-26,5,1,298.53,298.53,New/Low Frequency,0.16,0.026,0.198,0.0,0,2026-07-01 09:00:00
CUST00059,施依琳,Female,30,武汉,湖北,华中,新一线,2026-01-27,Silver,Active,POS,ST007,Beauty,37,Low,Medium,Not Joined,WeChat Referral,48813a78882dffed19,c0a8fde825457662e2,70dc2973fbf22e511a,Y,Y,Y,N,2026-06-13,18,3,1755.44,585.15,Potential Loyalist,0.165,0.13,0.299,0.333,0,2026-07-01 09:00:00
CUST00060,秦晨曦,Male,34,西安,陕西,西北,新一线,2026-04-10,Silver,VIP,MiniProgram,ST009,Accessories,XL,High,Medium,In WeChat Group,Store Walk-in,ea5195be7889fafc2d,b335f0dd612e04f998,ed2980e1b073f83ea4,Y,Y,Y,Y,2026-05-21,41,8,3450.01,431.25,Potential Loyalist,0.161,0.113,0.498,0.0,0,2026-07-01 09:00:00
CUST00061,倪佳琪,Male,47,广州,广东,华南,一线,2025-06-09,Silver,Dormant,WeChat,ST003,Apparel,40,Medium,Medium,In WeChat Group,WeChat Referral,56e447aaf0a8f817c4,7da1245937ffd20537,9a603d68ec14c0eefe,Y,Y,Y,Y,2025-11-07,236,4,2490.3,622.58,Hibernating,0.503,0.868,0.256,0.25,0,2026-07-01 09:00:00
CUST00062,俞佳琪,Male,38,杭州,浙江,华东,新一线,2025-05-02,Silver,Dormant,Tmall,ST005,Apparel,42,High,High,In WeCom,Store Walk-in,b16edc8047ba23e461,e14f402e5b10ff8792,c7de9c81149da5b2b4,Y,N,Y,N,2026-01-21,161,2,2204.03,1102.02,Hibernating,0.4,0.592,0.217,0.0,0,2026-07-01 09:00:00
CUST00063,郑雨桐,Male,45,重庆,重庆,西南,新一线,2026-02-06,Gold,Active,POS,ST010,Beauty,L,Low,Medium,Opted Out,Douyin Ads,7946bd80c16d7732b7,85bf088ca659bd3aac,dc1c166b8e30c4a0e3,Y,Y,Y,N,2026-06-22,9,7,6988.04,998.29,Loyal,0.198,0.065,0.582,0.0,1,2026-07-01 09:00:00
CUST00064,凤一诺,Male,38,成都,四川,西南,新一线,2026-03-20,Gold,Active,SMS,ST006,Beauty,42,Low,Low,Not Joined,Xiaohongshu,dc9ce30070a7de6d8b,93d28d8683cfec58e3,48d7312e48cb16ef61,Y,N,Y,Y,2026-05-02,60,6,4806.05,801.01,Potential Loyalist,0.207,0.433,0.465,0.167,0,2026-07-01 09:00:00
CUST00065,苏可欣,Female,21,南京,江苏,华东,新一线,2025-11-30,Gold,Growth,MiniProgram,ST008,Accessories,41,High,Medium,In WeCom,Tmall,cac64ff69d21babfa0,0aa363f591b4468720,cfa39f0efba14e24bf,Y,Y,Y,N,2026-04-18,74,8,4104.81,513.1,Potential Loyalist,0.214,0.203,0.502,0.0,0,2026-07-01 09:00:00
CUST00066,贺嘉豪,Female,31,成都,四川,西南,新一线,2026-04-19,Gold,Active,Tmall,ST006,Apparel,37,Low,High,In WeCom,Brand Event,21864f804968bd2355,9cad8e03fac98d5337,503bddbd5da597d450,Y,Y,Y,N,2026-05-09,53,6,4659.24,776.54,Potential Loyalist,0.196,0.195,0.463,0.0,0,2026-07-01 09:00:00
CUST00067,薛欣怡,Male,34,苏州,江苏,华东,二线,2025-12-18,Diamond,VIP,WeChat,ST011,Footwear,M,High,Medium,Opted Out,Brand Event,d6d487fdb7353a1845,f275905ad6a2df2cb1,c5f6a78535309c978d,Y,Y,Y,N,2026-05-18,44,17,21884.02,1287.3,Champions,0.15,0.231,0.981,0.059,0,2026-07-01 09:00:00
CUST00068,昌子涵,Male,26,南京,江苏,华东,新一线,2024-11-18,Silver,Growth,AppPush,ST008,Footwear,XL,Low,Low,Not Joined,Brand Event,ab36ee0a0dfa231634,2f4f630980d1bd478b,8400af88e0ac1cf7ca,Y,N,Y,N,2026-05-17,45,1,2639.68,2639.68,New/Low Frequency,0.224,0.237,0.249,0.0,0,2026-07-01 09:00:00
CUST00069,李可欣,Male,56,上海,上海,华东,一线,2025-08-11,Gold,Active,POS,ST001,Beauty,36,High,High,In WeCom,Xiaohongshu,3b37f0d3a8a38af191,d99c26b1fd2330d306,79c3dc3a2d5157e46b,Y,N,Y,Y,2026-05-10,52,7,5851.34,835.91,Loyal,0.187,0.375,0.53,0.143,0,2026-07-01 09:00:00
CUST00070,卫梓轩,Male,38,长沙,湖南,华中,二线,2025-05-20,Gold,Active,POS,ST012,Apparel,36,High,Medium,In WeCom,Tmall,299fc9d00e12e8e4bc,ccb17f385878b6401c,936f47394d26f7e9e7,Y,Y,Y,N,2026-06-06,25,5,6989.1,1397.82,Loyal,0.16,0.092,0.511,0.0,0,2026-07-01 09:00:00
CUST00071,郑依琳,Male,22,苏州,江苏,华东,二线,2025-03-10,Silver,Active,WeChat,ST011,Apparel,XL,High,Low,Opted Out,Tmall,e08e21092df5b9958d,7e149461b590d883c7,b222937ecfc124e556,Y,Y,Y,Y,2026-05-09,53,2,3109.21,1554.61,Potential Loyalist,0.228,0.195,0.291,0.0,0,2026-07-01 09:00:00
CUST00072,贺诗涵,Female,18,苏州,江苏,华东,二线,2025-11-19,Gold,Growth,POS,ST011,Footwear,42,Low,Medium,Not Joined,Tmall,85f4389e2cd2f1ce33,91b5476d014664e0bc,e401dd24077b71c761,N,N,Y,N,2026-04-09,83,7,7471.22,1067.32,Loyal,0.286,0.291,0.563,0.143,0,2026-07-01 09:00:00
CUST00073,奚佳琪,Female,38,广州,广东,华南,一线,2025-11-18,Gold,Growth,WeChat,ST003,Apparel,41,High,Low,Opted Out,Douyin Ads,34ab0c55d63a79fe73,e85b37464ab8461bfb,17548082bfe65bf1f9,Y,Y,Y,N,2026-06-10,21,4,4493.37,1123.34,Potential Loyalist,0.161,0.077,0.409,0.0,0,2026-07-01 09:00:00
CUST00074,任梓轩,Male,36,武汉,湖北,华中,新一线,2025-09-10,Silver,Service_Recovery,MiniProgram,ST007,Beauty,38,Low,High,Opted Out,Tmall,0b7717537d677a4bfe,0769e1c4fbe0a391aa,ac5ba82a22bf54c59b,Y,Y,Y,N,2026-05-02,60,1,1202.48,1202.48,New/Low Frequency,0.327,0.433,0.2,1.0,1,2026-07-01 09:00:00
CUST00075,奚铭轩,Male,18,杭州,浙江,华东,新一线,2026-03-28,Gold,Active,WeChat,ST005,Apparel,XS,High,Medium,In WeCom,Brand Event,cbe2e6525f271d90af,d39e18156975a706ea,0159387269b3cd9639,Y,Y,Y,Y,2026-06-26,5,7,3801.79,543.11,Potential Loyalist,0.112,0.018,0.492,0.143,0,2026-07-01 09:00:00
CUST00076,姜嘉豪,Female,37,重庆,重庆,西南,新一线,2026-03-24,Gold,Active,WeChat,ST010,Apparel,38,Medium,Low,In WeCom,WeChat Referral,57b2376a28552a250b,67bb033771d38d1c22,93013ec2f142c96df2,Y,N,Y,N,2026-05-17,45,4,6627.21,1656.8,Loyal,0.2,0.165,0.46,0.0,0,2026-07-01 09:00:00
CUST00077,魏明远,Male,31,重庆,重庆,西南,新一线,2026-05-17,Silver,New,WeChat,ST010,Apparel,40,Medium,High,In WeChat Group,Store Walk-in,8e9b5179eeb9a44fc6,8d9238a1a5cf969369,ddc0b4317be42ea8e5,Y,Y,Y,Y,2026-06-17,14,2,1307.28,653.64,Potential Loyalist,0.166,0.051,0.256,0.5,0,2026-07-01 09:00:00
CUST00078,吕子涵,Female,18,上海,上海,华东,一线,2025-11-09,Diamond,VIP,WeChat,ST001,Footwear,XL,Medium,Low,In WeChat Group,Xiaohongshu,1f95b9e75f26f9cff9,5875bda7862327ac49,cccc9a84b02e631472,Y,N,Y,Y,2026-06-16,15,14,17095.28,1221.09,Champions,0.104,0.079,0.967,0.214,0,2026-07-01 09:00:00
CUST00079,史睿泽,Female,36,杭州,浙江,华东,新一线,2025-12-11,Diamond,VIP,POS,ST005,Apparel,M,Low,Medium,In WeChat Group,WeChat Referral,df0976e7154ddd443b,a1d3a2996b4a0a2acf,29336156828d5f7daf,Y,N,N,Y,2026-06-28,3,12,12797.7,1066.48,Champions,0.085,0.011,0.848,0.0,0,2026-07-01 09:00:00
CUST00080,冯思源,Male,18,苏州,江苏,华东,二线,2026-04-22,Gold,Growth,MiniProgram,ST011,Apparel,XS,Low,Medium,Opted Out,Brand Event,7c11079e64c76b1c24,bf7da2bd4f6f6172a0,58c843b53cbd3260be,Y,N,Y,Y,2026-06-01,30,6,5495.24,915.87,Loyal,0.24,0.11,0.498,0.333,1,2026-07-01 09:00:00
CUST00081,云佳琪,Female,28,杭州,浙江,华东,新一线,2026-01-29,Gold,Active,MiniProgram,ST005,Apparel,42,High,High,Not Joined,Store Walk-in,ecc0f41715f5cf2421,13e456c023caad6f20,92ac6c37f872899a9c,Y,Y,Y,N,2026-06-22,9,7,7897.97,1128.28,Loyal,0.118,0.033,0.608,0.0,0,2026-07-01 09:00:00
CUST00082,水佳琪,Female,34,深圳,广东,华南,一线,2026-02-27,Silver,Active,MiniProgram,ST004,Footwear,41,Low,High,Opted Out,Douyin Ads,66e1287c52bb05f754,93076fc60ad29f1251,717f2ed48b19ff64e2,Y,Y,N,Y,2026-06-09,22,4,2327.23,581.81,Potential Loyalist,0.163,0.116,0.346,0.0,0,2026-07-01 09:00:00
CUST00083,水思源,Female,35,北京,北京,华北,一线,2025-04-18,Gold,Growth,WeChat,ST002,Apparel,L,Low,Low,In WeChat Group,Douyin Ads,5267f7c0bd56101c74,0b1d4d7fb5f1fccdf4,8bd79892b988259f51,Y,Y,Y,N,2026-05-24,38,4,6730.93,1682.73,Loyal,0.188,0.14,0.466,0.0,0,2026-07-01 09:00:00
CUST00084,李嘉豪,Female,47,武汉,湖北,华中,新一线,2026-05-17,Diamond,VIP,MiniProgram,ST007,Footwear,XS,Low,Medium,Opted Out,Xiaohongshu,e9e72a572f9f9addb2,e8cbdfc76cfea4e6c9,b038bcef54927f9408,Y,Y,Y,N,2026-06-18,13,12,18577.8,1548.15,Champions,0.101,0.068,0.99,0.083,0,2026-07-01 09:00:00
CUST00085,苏明远,Female,39,苏州,江苏,华东,二线,2024-07-06,Silver,Dormant,MiniProgram,ST011,Apparel,S,Low,High,Not Joined,WeChat Referral,a4ebfc2fb44dfb4fa6,1c381893cef0226bb5,7c4695a3d77931015d,Y,N,Y,N,2025-07-12,354,1,2647.27,2647.27,Hibernating,0.795,0.99,0.113,0.5,1,2026-07-01 09:00:00
CUST00086,金佳琪,Male,42,上海,上海,华东,一线,2026-04-04,Gold,Active,MiniProgram,ST001,Footwear,40,High,Medium,Opted Out,Tmall,5e0e45f2aeca9cda8c,c25f5b385d65522871,0d16afbb5456101c1e,Y,Y,Y,N,2026-06-13,18,4,5443.94,1360.99,Loyal,0.317,0.095,0.437,0.0,2,2026-07-01 09:00:00
CUST00087,水欣怡,Male,44,武汉,湖北,华中,新一线,2025-04-08,Silver,Active,MiniProgram,ST007,Beauty,39,Medium,High,In WeCom,Douyin Ads,075cb1bf5230cf5a56,be2ad192487b3573b2,63f13ac794efe73aff,Y,Y,Y,N,2026-06-07,24,1,80.42,80.42,New/Low Frequency,0.27,0.173,0.184,0.0,1,2026-07-01 09:00:00
CUST00088,秦明远,Male,33,西安,陕西,西北,新一线,2025-03-29,Silver,Dormant,Tmall,ST009,Accessories,38,Medium,Low,Opted Out,Tmall,2c022736755398ecff,07df9ed7d65b9ff3ae,200b946fb1193e3dbd,Y,N,Y,N,2025-11-14,229,1,457.54,457.54,Hibernating,0.516,0.628,0.105,0.0,0,2026-07-01 09:00:00
CUST00089,袁思源,Male,41,上海,上海,华东,一线,2025-02-12,Silver,Active,WeChat,ST001,Beauty,39,High,Low,Opted Out,Douyin Ads,0cc2d8c760441a868c,4ba49f71af4c99fc58,730f7497736737db1c,N,Y,Y,N,2026-05-30,32,3,2168.13,722.71,Potential Loyalist,0.237,0.154,0.305,0.0,0,2026-07-01 09:00:00
CUST00090,邹一诺,Male,38,武汉,湖北,华中,新一线,2025-05-20,Gold,Growth,Tmall,ST007,Footwear,37,High,High,In WeChat Group,Brand Event,da13a2c98638e1926e,fdcf21d4247bd25dce,1ee2db22b1674fa40d,N,Y,Y,N,2026-05-21,41,6,7290.5,1215.08,Loyal,0.227,0.144,0.545,0.167,0,2026-07-01 09:00:00
CUST00091,章梓轩,Female,36,西安,陕西,西北,新一线,2025-05-02,Gold,Active,WeChat,ST009,Footwear,39,Low,Low,Opted Out,Xiaohongshu,1b642a972ef81a1788,fc1dd0fd9deb660aa9,8abfe926676a28d0e6,Y,N,Y,N,2026-06-09,22,5,6563.76,1312.75,Loyal,0.155,0.116,0.5,0.0,0,2026-07-01 09:00:00
CUST00092,施宇航,Male,30,重庆,重庆,西南,新一线,2026-05-04,Diamond,VIP,WeChat,ST010,Footwear,XL,Low,Medium,Not Joined,Tmall,7a8ae81d23ef4a8ddb,9e368d1cb7ee4b72f8,ab289b6d1718de96de,Y,Y,Y,Y,2026-06-13,18,12,14403.4,1200.28,Champions,0.109,0.095,0.888,0.083,0,2026-07-01 09:00:00
CUST00093,任雨桐,Female,33,武汉,湖北,华中,新一线,2025-09-17,Gold,Growth,Tmall,ST007,Apparel,36,Low,Medium,Not Joined,Store Walk-in,c8e351c4a3ba16eb7b,d7354545222f184db7,509cb0bdebafad894e,Y,Y,Y,Y,2026-05-31,31,6,5542.74,923.79,Loyal,0.161,0.114,0.499,0.0,0,2026-07-01 09:00:00
CUST00094,雷铭轩,Female,28,深圳,广东,华南,一线,2026-05-03,Silver,New,Tmall,ST004,Apparel,S,Medium,Low,In WeChat Group,WeChat Referral,062b3f830cc2578fd9,9e65d1411bbf90d54a,eb7b4e187709945e24,Y,N,Y,Y,2026-06-10,21,2,947.34,473.67,Potential Loyalist,0.257,0.077,0.242,0.5,1,2026-07-01 09:00:00
CUST00095,韦依琳,Female,37,长沙,湖南,华中,二线,2026-02-26,Diamond,VIP,Tmall,ST012,Footwear,M,Low,Low,Not Joined,Brand Event,6f7e22742b52ed7bdd,36b02b41ff94e1469f,61f4326571fe30c6ac,Y,N,Y,N,2026-05-30,32,14,21085.94,1506.14,Champions,0.131,0.168,0.986,0.0,0,2026-07-01 09:00:00
CUST00096,潘宇航,Male,18,杭州,浙江,华东,新一线,2025-06-24,Silver,At_Risk,WeChat,ST005,Beauty,40,Medium,Medium,In WeChat Group,Tmall,4e34ab6cde410f60fc,3b97a780888f5b0aca,190b19a7c992d7ae05,Y,Y,Y,Y,2026-03-07,116,5,2899.44,579.89,Potential Loyalist,0.304,0.837,0.353,0.0,0,2026-07-01 09:00:00
CUST00097,苏可欣,Male,37,成都,四川,西南,新一线,2026-05-12,Silver,Active,Tmall,ST006,Beauty,36,High,Low,Not Joined,Douyin Ads,873e8a4bb38cef6bd6,90162512c66377e73c,819edc04b8b481673a,Y,N,Y,Y,2026-06-07,24,3,2927.18,975.73,Potential Loyalist,0.254,0.173,0.33,0.0,1,2026-07-01 09:00:00
CUST00098,郎佳琪,Female,25,苏州,江苏,华东,二线,2025-12-28,Gold,Active,MiniProgram,ST011,Apparel,40,Medium,High,Opted Out,Store Walk-in,fb4e6b07a7afdab5df,6ef17450ed40c8650d,4f97b340bc0bea4e4b,Y,Y,Y,N,2026-06-30,1,4,4664.99,1166.25,Potential Loyalist,0.21,0.004,0.422,0.0,1,2026-07-01 09:00:00
CUST00099,陈浩然,Male,41,成都,四川,西南,新一线,2025-10-31,Gold,Active,WeChat,ST006,Accessories,XS,Medium,Low,Not Joined,Douyin Ads,44b3df3ac99673d53a,9b086b171224479dfe,d16b335f19c348045e,Y,Y,Y,Y,2026-06-10,21,6,4067.6,677.93,Potential Loyalist,0.145,0.058,0.46,0.0,0,2026-07-01 09:00:00
CUST00100,何可欣,Unknown,28,北京,北京,华北,一线,2025-11-16,Silver,Growth,WeChat,ST002,Apparel,40,High,Low,Not Joined,Douyin Ads,8f018003971083cf75,9b7330230b95b215cc,720189319976daf81f,Y,Y,Y,Y,2026-05-25,37,3,1980.23,660.08,Potential Loyalist,0.195,0.136,0.297,0.0,0,2026-07-01 09:00:00
CUST00101,华欣怡,Male,21,杭州,浙江,华东,新一线,2025-03-21,Silver,Active,WeChat,ST005,Apparel,L,Medium,Medium,In WeCom,Tmall,e33a401000e92b7217,6df80c6f2317f9d6af,00c4e0d7c4433a4b67,Y,Y,Y,N,2026-06-25,6,3,1980.63,660.21,Potential Loyalist,0.146,0.022,0.311,0.25,0,2026-07-01 09:00:00
CUST00102,李思源,Male,40,北京,北京,华北,一线,2023-10-12,Gold,At_Risk,Tmall,ST002,Footwear,39,Low,Medium,Opted Out,Douyin Ads,fb6d84c37e43b36ddb,1747c14c0c8d720d5c,5efe66f5199ff3fe86,Y,Y,Y,Y,2026-03-11,112,2,3656.48,1828.24,Potential Loyalist,0.402,0.589,0.281,0.0,1,2026-07-01 09:00:00
CUST00103,任浩然,Female,39,西安,陕西,西北,新一线,2025-05-27,Gold,Active,Tmall,ST009,Footwear,XS,High,Medium,In WeCom,Store Walk-in,c436ca0c677fa96b33,b27e25975628bb0d0a,8eb7606463d6f75e9e,Y,Y,Y,Y,2026-05-18,44,7,8796.63,1256.66,Champions,0.174,0.231,0.619,0.0,0,2026-07-01 09:00:00
CUST00104,彭子涵,Male,35,广州,广东,华南,一线,2026-03-05,Silver,Growth,POS,ST003,Accessories,37,High,Medium,In WeChat Group,Tmall,b10099f80a10bc5c1d,36b7bed38b13609c6c,d0fd15d630754ff380,Y,Y,Y,Y,2026-06-02,29,7,2401.71,343.1,Potential Loyalist,0.15,0.08,0.441,0.143,0,2026-07-01 09:00:00
CUST00105,唐思源,Female,29,杭州,浙江,华东,新一线,2026-03-30,Gold,Active,MiniProgram,ST005,Footwear,40,High,Medium,Opted Out,Tmall,ba25bc4ac7ce7be7cb,94d4b40d98ee03a211,4fef546124db84998e,Y,N,Y,Y,2026-05-31,31,6,8428.6,1404.77,Champions,0.161,0.163,0.582,0.167,0,2026-07-01 09:00:00
CUST00106,张佳琪,Male,48,成都,四川,西南,新一线,2026-06-03,Gold,Active,MiniProgram,ST006,Apparel,M,Medium,Low,Opted Out,Store Walk-in,052be2f96bb72b2182,62b9f7aaad638ad515,34d3f46ee15ae811bd,Y,Y,Y,N,2026-06-14,17,7,8963.42,1280.49,Champions,0.131,0.062,0.635,0.143,0,2026-07-01 09:00:00
CUST00107,苗欣怡,Female,36,西安,陕西,西北,新一线,2025-12-27,Diamond,VIP,WeChat,ST009,Apparel,L,Low,High,In WeChat Group,WeChat Referral,3120688cf53837bb45,ab0584e13f68ce1b61,dcb57154ec3c610de9,Y,Y,Y,N,2026-05-13,49,18,19731.76,1096.21,Loyal,0.158,0.18,0.979,0.056,0,2026-07-01 09:00:00
CUST00108,邹思源,Male,24,广州,广东,华南,一线,2026-03-28,Diamond,VIP,WeChat,ST003,Apparel,XL,High,Medium,In WeCom,WeChat Referral,772701e164c6c10d24,ca055e22947a8af42a,f95d2ef1c89e0db6c7,Y,Y,Y,N,2026-05-11,51,15,14412.18,960.81,Loyal,0.161,0.187,0.874,0.133,0,2026-07-01 09:00:00
CUST00109,曹欣怡,Female,60,成都,四川,西南,新一线,2025-05-07,Silver,Active,WeChat,ST006,Footwear,36,Low,Medium,Not Joined,WeChat Referral,e415179bece5520578,62ed0ee52a27abe196,7000de4005bfaeef0c,Y,Y,Y,Y,2026-06-01,30,3,1000.27,333.42,Potential Loyalist,0.184,0.158,0.272,0.333,0,2026-07-01 09:00:00
CUST00110,陶子涵,Male,26,南京,江苏,华东,新一线,2026-01-27,Gold,At_Risk,Tmall,ST008,Beauty,42,Low,Medium,In WeChat Group,Brand Event,863cee7d74615b9c9c,9faaaa4ab702f91417,ca352ffe32f82cd806,Y,N,Y,N,2026-04-01,91,2,3818.79,1909.4,Potential Loyalist,0.289,0.656,0.294,0.0,0,2026-07-01 09:00:00
CUST00111,曹一诺,Female,24,西安,陕西,西北,新一线,2026-02-19,Gold,Growth,WeChat,ST009,Beauty,M,High,High,In WeChat Group,Douyin Ads,3e5c44eda6937a300d,64f26452cff2497789,ab319e4d88a765c926,Y,N,Y,Y,2026-06-04,27,7,6453.23,921.89,Loyal,0.147,0.195,0.559,0.0,0,2026-07-01 09:00:00
CUST00112,任子涵,Male,40,西安,陕西,西北,新一线,2026-05-31,Silver,New,WeChat,ST009,Apparel,S,High,Low,Not Joined,Xiaohongshu,60bdeabb2dc80e4db6,c9498904f16c681ccd,759049d3a93b4d065f,Y,Y,Y,N,2026-06-07,24,2,1239.0,619.5,Potential Loyalist,0.182,0.088,0.249,0.0,0,2026-07-01 09:00:00
CUST00113,沈可欣,Male,42,南京,江苏,华东,新一线,2024-03-07,Silver,At_Risk,Tmall,ST008,Beauty,39,Medium,Low,In WeChat Group,WeChat Referral,18bfab2ae93cdf8d7c,d45c95a57ceaccef61,ce88e57ae2c9ad9126,Y,Y,Y,Y,2026-02-26,125,1,523.89,523.89,Hibernating,0.351,0.901,0.152,0.5,0,2026-07-01 09:00:00
CUST00114,唐嘉豪,Male,37,广州,广东,华南,一线,2025-04-03,Silver,Dormant,WeChat,ST003,Footwear,36,Low,High,In WeCom,Brand Event,6574188d34e5b398d9,de57966d74342ba7ce,bc399cc653d786418c,Y,N,N,N,2025-12-07,206,2,986.24,493.12,Hibernating,0.631,0.99,0.162,0.333,2,2026-07-01 09:00:00
CUST00115,潘子涵,Female,37,成都,四川,西南,新一线,2025-01-26,Silver,At_Risk,Tmall,ST006,Footwear,L,Low,High,Not Joined,Store Walk-in,e2dbea0f624cd0a750,e691066b13f89da17b,d3096973756b083ee0,Y,Y,Y,N,2026-04-24,68,1,864.11,864.11,New/Low Frequency,0.26,0.357,0.187,0.0,0,2026-07-01 09:00:00
CUST00116,尤明远,Male,30,苏州,江苏,华东,二线,2025-09-03,Silver,Dormant,SMS,ST011,Apparel,36,High,Low,Opted Out,Xiaohongshu,7578fc5efaa4bf618a,7918067e4e32767f05,43580e26206fd6c40d,N,Y,Y,Y,2025-09-25,279,2,2067.22,1033.61,Hibernating,0.637,0.684,0.161,0.5,0,2026-07-01 09:00:00
CUST00117,尤浩然,Female,25,成都,四川,西南,新一线,2025-05-22,Gold,Growth,POS,ST006,Accessories,42,Medium,High,In WeCom,Tmall,e443c1f63eec0a805a,a2c17fd154361376b0,f09003e321d59d6f3b,Y,Y,Y,N,2026-05-28,34,8,6477.82,809.73,Loyal,0.15,0.093,0.588,0.25,0,2026-07-01 09:00:00
CUST00118,褚子涵,Female,32,深圳,广东,华南,一线,2025-10-27,Silver,Growth,MiniProgram,ST004,Beauty,38,High,High,In WeChat Group,Xiaohongshu,d27c2be35c1d0a511a,b0141119a334ee9a89,00a9ee893f418bc2c4,Y,Y,Y,N,2026-05-01,61,4,2283.35,570.84,Potential Loyalist,0.305,0.44,0.327,0.0,1,2026-07-01 09:00:00
CUST00119,窦诗涵,Unknown,44,广州,广东,华南,一线,2026-01-13,Silver,Active,MiniProgram,ST003,Accessories,37,High,Low,In WeCom,Brand Event,a020b25fc0dfc0561b,557b5a6e4e5934f386,c3f1f0b3a539885a3b,Y,Y,Y,N,2026-05-09,53,3,1745.51,581.84,Potential Loyalist,0.22,0.145,0.283,0.0,0,2026-07-01 09:00:00
CUST00120,蒋佳琪,Female,51,上海,上海,华东,一线,2026-05-10,Silver,New,WeChat,ST001,Footwear,M,High,Medium,In WeChat Group,Douyin Ads,2b256221b46f2494b3,0c922b98088d34f891,81a869649b1abd5a20,Y,Y,Y,Y,2026-05-31,31,1,1144.82,1144.82,New/Low Frequency,0.201,0.163,0.211,0.0,0,2026-07-01 09:00:00
CUST00121,韦铭轩,Female,30,上海,上海,华东,一线,2025-04-17,Gold,Dormant,POS,ST001,Beauty,41,Low,Low,Not Joined,Store Walk-in,920aa41189f42635e1,0300d24291a44823e7,556e221663da8cb63f,Y,N,Y,N,2026-01-01,181,4,4653.45,1163.36,Hibernating,0.416,0.99,0.343,0.0,0,2026-07-01 09:00:00
CUST00122,奚思源,Female,35,南京,江苏,华东,新一线,2025-12-27,Silver,Service_Recovery,WeChat,ST008,Beauty,42,Low,Low,In WeCom,Brand Event,72336adddd9fa83e82,1548c52ecacac8f4fe,a19f147a3d6c639726,Y,Y,Y,N,2026-06-22,9,4,2904.97,726.24,Potential Loyalist,0.222,0.065,0.368,0.0,1,2026-07-01 09:00:00
CUST00123,尤依琳,Male,39,西安,陕西,西北,新一线,2024-10-12,Silver,Active,WeChat,ST009,Footwear,39,Low,Low,Not Joined,Brand Event,3918c766cb214c790f,08de59be6481deee72,7e9e6eae55ba92c042,N,N,Y,Y,2026-05-23,39,1,947.13,947.13,New/Low Frequency,0.264,0.137,0.202,0.0,0,2026-07-01 09:00:00
CUST00124,凤一诺,Female,26,北京,北京,华北,一线,2026-04-27,Silver,New,MiniProgram,ST002,Footwear,36,Low,High,In WeChat Group,Tmall,c4f2d13bf8a357aa5a,31a67a8ebae076efbc,12eb57e0ef0ffdf95f,Y,Y,Y,Y,2026-06-26,5,2,2043.98,1021.99,Potential Loyalist,0.152,0.026,0.281,0.0,0,2026-07-01 09:00:00
CUST00125,杨若曦,Male,33,杭州,浙江,华东,新一线,2025-01-31,Gold,Growth,POS,ST005,Apparel,S,Medium,Low,Not Joined,Xiaohongshu,eaf2a50a7db0f01c2b,79815509550de8af88,a2259c3e329c7b0585,Y,Y,Y,N,2026-04-28,64,5,8426.47,1685.29,Loyal,0.302,0.235,0.535,0.0,1,2026-07-01 09:00:00
CUST00126,薛晨曦,Female,34,武汉,湖北,华中,新一线,2025-09-27,Silver,Dormant,WeChat,ST007,Accessories,38,Medium,Medium,Opted Out,Brand Event,fd97c14914625b4e5a,50e19f7becfb34a0b4,d1b070258f2c8d2e94,Y,Y,Y,N,2025-10-27,247,3,1036.38,345.46,Hibernating,0.528,0.678,0.178,0.0,0,2026-07-01 09:00:00
CUST00127,史睿泽,Male,38,北京,北京,华北,一线,2026-04-17,Silver,New,POS,ST002,Accessories,42,Low,High,Not Joined,Tmall,b45529e0f4c7f42771,6cdc04daa014f0637b,469ae888b6b5a30351,Y,N,Y,N,2026-06-12,19,1,79.19,79.19,New/Low Frequency,0.182,0.052,0.186,0.0,0,2026-07-01 09:00:00
CUST00128,范铭轩,Male,28,南京,江苏,华东,新一线,2024-08-20,Silver,Dormant,WeChat,ST008,Accessories,M,Low,High,In WeChat Group,WeChat Referral,e429f68d5c4fdbf05d,943fd7e4aea64c0227,8d72e895c6a2e91274,Y,Y,Y,Y,2025-07-24,342,1,852.82,852.82,Hibernating,0.695,0.938,0.067,0.0,0,2026-07-01 09:00:00
CUST00129,孔思源,Male,52,深圳,广东,华南,一线,2025-04-25,Gold,Growth,MiniProgram,ST004,Footwear,38,Low,High,Opted Out,WeChat Referral,8af9690b4cdaa77704,5c9e015b03a09291a0,3e8bf8ddd5af2b69b9,Y,Y,N,N,2026-06-02,29,6,6634.05,1105.68,Loyal,0.158,0.152,0.531,0.0,0,2026-07-01 09:00:00
CUST00130,袁欣怡,Female,37,成都,四川,西南,新一线,2025-08-03,Platinum,VIP,MiniProgram,ST006,Apparel,36,High,High,Not Joined,Douyin Ads,04bdc0ba3a6cc44001,9117a8ea7c19d7c0af,304f13e4047eb362d5,Y,N,Y,N,2026-05-23,39,8,10840.06,1355.01,Champions,0.158,0.143,0.712,0.0,0,2026-07-01 09:00:00
CUST00131,倪思源,Male,18,深圳,广东,华南,一线,2025-01-23,Silver,Dormant,WeChat,ST004,Apparel,40,Low,Medium,Not Joined,Douyin Ads,cbc6eb6fb363004c8e,4f37e0ef947856d75a,38cd1c3ccf7670fbbf,Y,N,Y,N,2025-07-29,337,2,1133.39,566.7,Hibernating,0.68,0.99,0.109,0.0,0,2026-07-01 09:00:00
CUST00132,范宇航,Female,33,杭州,浙江,华东,新一线,2025-05-08,Silver,Service_Recovery,WeChat,ST005,Beauty,M,High,Low,Not Joined,Tmall,52a4099a32953d3b8a,5f94298ffe63009605,a2677463f44816153b,Y,N,Y,N,2026-03-30,93,5,3317.37,663.47,Potential Loyalist,0.348,0.671,0.375,0.6,1,2026-07-01 09:00:00
CUST00133,吕诗涵,Female,38,北京,北京,华北,一线,2026-03-14,Silver,Growth,WeChat,ST002,Accessories,40,Medium,Low,In WeChat Group,Xiaohongshu,542336b153e124765e,3fe724023430f4a6f0,0b27d8e8bdbdec9f33,Y,N,N,Y,2026-05-27,35,3,1248.48,416.16,Potential Loyalist,0.192,0.096,0.277,0.333,0,2026-07-01 09:00:00
CUST00134,花铭轩,Male,24,西安,陕西,西北,新一线,2025-02-14,Gold,Active,Tmall,ST009,Apparel,37,Low,Low,In WeCom,Store Walk-in,26b466d7a15767d951,dc726d223062f16b73,716fdbbfa0669f3e82,Y,N,Y,N,2026-05-14,48,5,4011.24,802.25,Potential Loyalist,0.196,0.176,0.415,0.0,0,2026-07-01 09:00:00
CUST00135,马佳琪,Female,26,重庆,重庆,西南,新一线,2024-11-21,Silver,Growth,WeChat,ST010,Beauty,39,Medium,Medium,In WeCom,Douyin Ads,e8715de1b0ebd7ec5b,2578d7389c461efd9d,adbf3e4c7d81c782db,Y,Y,Y,Y,2026-06-10,21,3,2674.26,891.42,Potential Loyalist,0.169,0.151,0.324,0.0,0,2026-07-01 09:00:00
CUST00136,薛思源,Male,35,重庆,重庆,西南,新一线,2026-05-14,Gold,Active,POS,ST010,Apparel,42,High,High,Not Joined,Tmall,5189fd9a3195f732f0,3710cdf62a008a6ae2,12cc7e304c4361fe66,Y,Y,Y,N,2026-05-28,34,5,3751.27,750.25,Potential Loyalist,0.174,0.125,0.413,0.0,0,2026-07-01 09:00:00
CUST00137,奚晨曦,Male,44,上海,上海,华东,一线,2026-05-21,Gold,Active,MiniProgram,ST001,Footwear,S,Low,High,Opted Out,Store Walk-in,590c6ceecc598ce5f8,16c46f3b7c1aeb2e44,36709e85d912b7ab05,Y,Y,N,Y,2026-06-04,27,2,3945.6,1972.8,Potential Loyalist,0.187,0.142,0.326,0.0,0,2026-07-01 09:00:00
CUST00138,蒋晨曦,Female,24,广州,广东,华南,一线,2025-10-16,Silver,At_Risk,MiniProgram,ST003,Accessories,M,Medium,Medium,Not Joined,Xiaohongshu,5580ad3a01d0bcdeaf,a23e44a0e253b9d605,f6471860b98c2b7a6f,Y,Y,Y,Y,2026-03-17,106,2,814.43,407.22,Potential Loyalist,0.312,0.291,0.201,0.0,0,2026-07-01 09:00:00
CUST00139,陶晨曦,Male,18,北京,北京,华北,一线,2026-04-02,Gold,Active,MiniProgram,ST002,Apparel,39,Low,Low,In WeCom,Tmall,76ca96a0ca1df0a7a5,92ee23a959365977a1,fc4d2a00683633c17e,Y,N,Y,Y,2026-06-15,16,7,7151.29,1021.61,Loyal,0.129,0.059,0.584,0.0,0,2026-07-01 09:00:00
CUST00140,彭明远,Male,26,苏州,江苏,华东,二线,2024-05-11,Silver,Active,WeChat,ST011,Apparel,41,Medium,Low,In WeChat Group,Tmall,200157887b4ca06acf,afcaaf6c8f71524a11,6bffe8cdcb3741ca3e,Y,Y,Y,Y,2026-06-26,5,1,1749.94,1749.94,New/Low Frequency,0.24,0.018,0.24,0.0,1,2026-07-01 09:00:00
CUST00141,柏晨曦,Female,59,苏州,江苏,华东,二线,2026-04-04,Platinum,Active,MiniProgram,ST011,Apparel,37,Medium,Low,Opted Out,Tmall,9da3c341c517a2694c,31ab65b754c2ad7bc3,a6b493911695402e10,Y,N,Y,N,2026-06-06,25,7,9799.47,1399.92,Champions,0.144,0.092,0.656,0.0,0,2026-07-01 09:00:00
CUST00142,薛明远,Female,25,武汉,湖北,华中,新一线,2025-05-31,Silver,Dormant,Tmall,ST007,Footwear,M,Low,Low,In WeChat Group,Tmall,b604d81c3876613a0a,810e9c513dadf22561,c3f6ee981a902b6d93,Y,N,Y,N,2025-11-23,220,1,1107.82,1107.82,Hibernating,0.502,0.99,0.128,0.0,0,2026-07-01 09:00:00
CUST00143,陈佳琪,Female,34,广州,广东,华南,一线,2026-04-12,Gold,Growth,MiniProgram,ST003,Footwear,38,Low,Low,In WeCom,Douyin Ads,ed1161c875641b2733,41b3ce5db9667f761d,3940ecbda557298d84,Y,N,Y,N,2026-05-23,39,5,5211.78,1042.36,Loyal,0.182,0.205,0.453,0.0,0,2026-07-01 09:00:00
CUST00144,褚可欣,Female,51,西安,陕西,西北,新一线,2025-07-09,Silver,Growth,SMS,ST009,Beauty,S,Low,High,Not Joined,Douyin Ads,216b80200f2b3b90dd,4267b0eaf06ba8765c,66d2d17af28ccd93f6,Y,Y,Y,N,2026-06-03,28,4,1947.86,486.97,Potential Loyalist,0.172,0.202,0.332,0.25,0,2026-07-01 09:00:00
CUST00145,赵思源,Female,36,苏州,江苏,华东,二线,2026-04-13,Diamond,VIP,WeChat,ST011,Apparel,41,Low,Medium,In WeChat Group,Brand Event,39ae5b075bd3ae8556,341642417b47cd8503,025456e77f060a5be7,Y,Y,N,N,2026-05-10,52,16,12876.06,804.75,Loyal,0.163,0.191,0.829,0.062,0,2026-07-01 09:00:00
CUST00146,褚依琳,Female,20,成都,四川,西南,新一线,2025-10-31,Gold,At_Risk,WeChat,ST006,Apparel,S,Medium,Medium,Not Joined,WeChat Referral,16c45d5750599c9dd7,b244c713b6f23fcfec,b42e019f614a9dcd73,Y,Y,Y,N,2026-03-30,93,3,4772.59,1590.86,Potential Loyalist,0.284,0.342,0.353,0.0,0,2026-07-01 09:00:00
CUST00147,邹一诺,Female,25,武汉,湖北,华中,新一线,2024-08-20,Silver,At_Risk,Tmall,ST007,Beauty,38,Medium,Low,In WeChat Group,Xiaohongshu,ec679458c5822aee56,e08e2c5a899c660896,8989256ec1757780a6,Y,Y,Y,N,2026-03-12,111,5,3303.68,660.74,Potential Loyalist,0.296,0.8,0.367,0.0,0,2026-07-01 09:00:00
CUST00148,冯铭轩,Female,18,南京,江苏,华东,新一线,2026-05-30,Silver,New,WeChat,ST008,Apparel,38,Medium,Medium,Opted Out,Xiaohongshu,4ab9a7de499b2abe74,bd32103549628c2abf,24c50658ac920a6f40,Y,Y,Y,N,2026-06-20,11,2,2008.12,1004.06,Potential Loyalist,0.241,0.04,0.277,0.0,1,2026-07-01 09:00:00
CUST00149,范铭轩,Male,26,深圳,广东,华南,一线,2025-10-24,Silver,Active,MiniProgram,ST004,Mixed,39,Low,Low,In WeChat Group,Tmall,202c466a4b38ee7696,4e713a3bc6ba0f1a98,da3a9f8ab2af45a436,Y,Y,Y,N,2026-06-25,6,4,3424.85,856.21,Potential Loyalist,0.138,0.037,0.384,0.0,0,2026-07-01 09:00:00
CUST00150,孙佳琪,Unknown,39,北京,北京,华北,一线,2025-10-13,Gold,Service_Recovery,Tmall,ST002,Apparel,M,Medium,Low,In WeCom,Brand Event,c16497003c954410e8,f42951adf3fb6c941b,7917e86cce5dab8ddc,Y,N,Y,N,2026-04-20,72,4,5832.76,1458.19,Loyal,0.322,0.265,0.425,0.0,1,2026-07-01 09:00:00
CUST00151,彭子涵,Female,35,广州,广东,华南,一线,2025-10-23,Silver,Active,MiniProgram,ST003,Beauty,39,High,Low,In WeChat Group,Xiaohongshu,6c2ccaa126d1840f69,af969dc2104af14a0a,8834499a31e8436add,N,N,Y,Y,2026-06-16,15,5,2272.6,454.52,Potential Loyalist,0.274,0.072,0.379,0.2,1,2026-07-01 09:00:00
CUST00152,冯子涵,Female,43,上海,上海,华东,一线,2024-12-18,Silver,Active,MiniProgram,ST001,Accessories,36,Medium,Medium,In WeCom,Douyin Ads,1a0aae0496c88a9a1f,6b0d0655d1d17a415f,5d678929d41145f11e,Y,N,Y,N,2026-06-01,30,2,524.08,262.04,Potential Loyalist,0.192,0.082,0.226,0.0,0,2026-07-01 09:00:00
CUST00153,许铭轩,Female,50,重庆,重庆,西南,新一线,2025-10-15,Gold,Active,WeChat,ST010,Apparel,40,High,Low,Not Joined,Douyin Ads,4c585b44af2058c70b,cf0a1760f935af9235,ddc357a72fe0c3f3a8,N,Y,Y,N,2026-06-01,30,4,8671.9,2167.98,Champions,0.226,0.074,0.525,0.25,0,2026-07-01 09:00:00
CUST00154,昌明远,Female,30,深圳,广东,华南,一线,2026-05-25,Gold,Active,WeChat,ST004,Apparel,38,Medium,High,Opted Out,Xiaohongshu,46601e92f6caca7c3d,fa7af5d6b29b35c24e,37e7506323fab88a20,N,N,Y,Y,2026-06-13,18,6,5642.86,940.48,Loyal,0.191,0.044,0.507,0.0,0,2026-07-01 09:00:00
CUST00155,严梓轩,Female,40,西安,陕西,西北,新一线,2026-03-29,Silver,Active,WeChat,ST009,Accessories,40,High,High,In WeChat Group,Store Walk-in,b916a54fe3b2969c74,ec3779f095553619e3,75de4a1cfc80f3bd5d,Y,Y,Y,N,2026-05-04,58,5,2496.7,499.34,Potential Loyalist,0.372,0.159,0.367,0.4,2,2026-07-01 09:00:00
CUST00156,秦欣怡,Female,32,深圳,广东,华南,一线,2025-12-20,Gold,Growth,POS,ST004,Apparel,XL,High,Low,In WeCom,Douyin Ads,60123f0ee116978cd8,23efba491d74f5dfe2,da4183cfa90877968c,Y,N,Y,N,2026-04-07,85,5,6567.11,1313.42,Loyal,0.255,0.312,0.472,0.4,0,2026-07-01 09:00:00
CUST00157,吕嘉豪,Female,36,长沙,湖南,华中,二线,2025-09-24,Silver,Active,POS,ST012,Apparel,L,High,Medium,In WeChat Group,Tmall,3a9397f96588cfffed,cc8fbfc60dfcd5f98c,3996989f7408a74340,Y,N,Y,N,2026-05-27,35,3,2137.62,712.54,Potential Loyalist,0.192,0.129,0.302,0.0,0,2026-07-01 09:00:00
CUST00158,金睿泽,Female,39,广州,广东,华南,一线,2026-01-08,Silver,Growth,WeChat,ST003,Mixed,41,High,Low,Not Joined,Xiaohongshu,4003b3883e277ced00,d29ea995f9073ac817,2e0c7a2a5011b7d338,N,Y,Y,N,2026-05-22,40,4,2178.11,544.53,Potential Loyalist,0.322,0.167,0.333,0.0,1,2026-07-01 09:00:00
CUST00159,朱欣怡,Male,24,广州,广东,华南,一线,2026-03-03,Silver,Growth,WeChat,ST003,Beauty,M,Medium,High,Opted Out,WeChat Referral,28dab40f1e1739b709,35f35f6886b01f6750,8c292566c478d0cfb0,Y,Y,Y,N,2026-04-15,77,4,2700.15,675.04,Potential Loyalist,0.25,0.555,0.332,0.0,0,2026-07-01 09:00:00
CUST00160,沈晨曦,Male,40,广州,广东,华南,一线,2024-04-20,Silver,Service_Recovery,WeChat,ST003,Beauty,L,Medium,Low,Opted Out,Brand Event,db9ea911b1ded67892,5aa18fa9fa9d7b4d68,a40f131c568b0673cd,Y,Y,N,Y,2026-04-04,88,2,1924.17,962.09,Potential Loyalist,0.444,0.635,0.241,0.0,2,2026-07-01 09:00:00
CUST00161,方一诺,Female,26,广州,广东,华南,一线,2025-06-20,Platinum,Active,Tmall,ST003,Apparel,M,High,Medium,Not Joined,Store Walk-in,40d0d6ef2b6644b895,9a1b0b2c180aa1f1a2,a1473399c97d655e1d,Y,N,Y,N,2026-05-13,49,7,9121.76,1303.11,Loyal,0.182,0.18,0.626,0.0,0,2026-07-01 09:00:00
CUST00162,苏晨曦,Female,27,北京,北京,华北,一线,2026-03-11,Silver,Active,WeChat,ST002,Apparel,40,Medium,High,Opted Out,Tmall,6a3f08f85494aa4702,4a911773cba83b7733,8b8ffaa5897898f049,Y,Y,Y,N,2026-05-20,42,3,3384.87,1128.29,Potential Loyalist,0.283,0.154,0.335,0.0,1,2026-07-01 09:00:00
CUST00163,花雨桐,Female,48,成都,四川,西南,新一线,2025-09-13,Gold,Active,WeChat,ST006,Apparel,L,Medium,High,In WeCom,Brand Event,66af70153e1ba045ee,cbc6227ea104c38540,ddc07fcdc3cb430f39,N,Y,Y,N,2026-05-13,49,4,3892.65,973.16,Potential Loyalist,0.336,0.12,0.379,0.5,1,2026-07-01 09:00:00
CUST00164,韩一诺,Male,20,杭州,浙江,华东,新一线,2026-04-04,Silver,New,POS,ST005,Mixed,39,Medium,High,Opted Out,Douyin Ads,0656c1f5a1ffd5026a,e83638a599e70264cf,1409f93df4074cc159,Y,Y,Y,Y,2026-06-07,24,2,1322.04,661.02,Potential Loyalist,0.182,0.15,0.252,0.0,0,2026-07-01 09:00:00
CUST00165,柳宇航,Male,28,长沙,湖南,华中,二线,2025-03-13,Silver,Growth,MiniProgram,ST012,Beauty,M,Medium,Low,In WeCom,Xiaohongshu,818d91570cfcb4649f,ca8d13ef91ddbb64d1,5232477543dc5af792,Y,Y,N,N,2026-04-07,85,2,3032.43,1516.22,Potential Loyalist,0.279,0.613,0.274,0.25,0,2026-07-01 09:00:00
CUST00166,沈依琳,Female,34,北京,北京,华北,一线,2024-04-21,Silver,Dormant,POS,ST002,Apparel,40,Low,High,In WeChat Group,Xiaohongshu,da0bc9d316dc0d9ed8,acd866667097146116,6795ace35821105efc,Y,N,Y,N,2025-07-22,344,1,1025.01,1025.01,Hibernating,0.699,0.99,0.071,0.0,0,2026-07-01 09:00:00
CUST00167,云明远,Female,28,杭州,浙江,华东,新一线,2025-08-17,Gold,Growth,Tmall,ST005,Apparel,M,Low,High,Not Joined,Douyin Ads,656a12262f795dcdc5,2efef829104bbd9785,7f85c5a6f78cc44cae,Y,Y,Y,Y,2026-05-15,47,6,4154.82,692.47,Potential Loyalist,0.187,0.173,0.451,0.167,0,2026-07-01 09:00:00
CUST00168,薛可欣,Female,44,广州,广东,华南,一线,2024-12-05,Gold,Active,WeChat,ST003,Apparel,S,Low,Medium,Opted Out,Brand Event,6ad52530af3eba6d98,521ed9110fde5d7337,c2c73d979828f687d7,Y,Y,Y,N,2026-05-13,49,5,5902.08,1180.42,Loyal,0.198,0.18,0.469,0.0,0,2026-07-01 09:00:00
CUST00169,韦子涵,Male,31,武汉,湖北,华中,新一线,2025-12-11,Gold,Growth,POS,ST007,Mixed,36,Low,Medium,Opted Out,Tmall,59390a129383ae0d1e,820dceb6454bf76439,0769cc708e1a847751,Y,Y,N,Y,2026-06-14,17,8,8649.84,1081.23,Champions,0.123,0.106,0.658,0.0,0,2026-07-01 09:00:00
CUST00170,华佳琪,Male,31,广州,广东,华南,一线,2025-04-02,Silver,Service_Recovery,AppPush,ST003,Footwear,L,Low,Medium,In WeCom,Tmall,23f415836433e25d5b,ef18da5d18c9b5dd6a,dc08eb62662bfafb88,Y,N,Y,N,2026-05-21,41,1,1329.95,1329.95,New/Low Frequency,0.297,0.216,0.212,0.0,1,2026-07-01 09:00:00
CUST00171,金浩然,Male,37,苏州,江苏,华东,二线,2025-09-26,Silver,Active,MiniProgram,ST011,Apparel,L,High,Low,In WeChat Group,Douyin Ads,0c15f5cc0036102c46,3cd2495dab17e96305,c326559e155a229dfc,Y,Y,Y,Y,2026-06-03,28,2,2449.5,1224.75,Potential Loyalist,0.188,0.103,0.282,0.0,0,2026-07-01 09:00:00
CUST00172,鲁睿泽,Male,27,杭州,浙江,华东,新一线,2024-12-10,Silver,Growth,POS,ST005,Footwear,XL,High,Low,In WeChat Group,Store Walk-in,e82c7bd6240e0ef18e,55ad5665c47716c137,7e486d99dec55ccc1b,Y,Y,Y,N,2026-05-09,53,3,3410.27,1136.76,Potential Loyalist,0.22,0.279,0.331,0.0,0,2026-07-01 09:00:00
CUST00173,袁宇航,Female,36,武汉,湖北,华中,新一线,2026-05-15,Silver,New,MiniProgram,ST007,Beauty,39,Low,Low,In WeCom,Tmall,0f19b80a6db1d4e1d4,3bd133890019f30888,6ae1ac3a7446c4a455,Y,Y,N,Y,2026-06-05,26,2,746.55,373.28,Potential Loyalist,0.185,0.187,0.234,0.0,0,2026-07-01 09:00:00
CUST00174,华一诺,Male,30,成都,四川,西南,新一线,2025-01-16,Silver,Dormant,WeChat,ST006,Accessories,42,Medium,Low,In WeCom,Douyin Ads,11eb798f69ad51743b,c6688aefea188cec11,7d58ac19dacc8c6a69,Y,Y,Y,N,2025-06-21,375,0,0.0,0.0,Hibernating,0.74,0.99,0.0,0.0,0,2026-07-01 09:00:00
CUST00175,雷铭轩,Male,36,长沙,湖南,华中,二线,2024-10-20,Silver,Dormant,MiniProgram,ST012,Footwear,38,Medium,High,Opted Out,Douyin Ads,d6bb5fa737f2727f5e,de05a55d3a9f790297,e71e39f0f668a20901,Y,Y,Y,N,2025-07-17,349,1,820.59,820.59,Hibernating,0.707,0.99,0.063,0.0,0,2026-07-01 09:00:00
CUST00176,杨依琳,Male,35,武汉,湖北,华中,新一线,2026-03-08,Gold,Growth,MiniProgram,ST007,Mixed,41,High,Low,In WeChat Group,Store Walk-in,98c8e56b142bdaa89e,8f0b8675d1d062f505,bc5d8a5743d9761db0,Y,N,Y,N,2026-05-02,60,8,5353.69,669.21,Loyal,0.191,0.375,0.544,0.0,0,2026-07-01 09:00:00
CUST00177,苗若曦,Male,24,武汉,湖北,华中,新一线,2026-03-03,Platinum,Growth,WeChat,ST007,Beauty,XS,High,Medium,In WeChat Group,Tmall,6f93aab953e081cecc,5de63c5052aec4c4e8,8aedec1978ce18f12e,N,Y,Y,Y,2026-04-15,77,8,9166.09,1145.76,Loyal,0.268,0.37,0.647,0.0,0,2026-07-01 09:00:00
CUST00178,赵铭轩,Male,28,西安,陕西,西北,新一线,2026-04-25,Silver,New,POS,ST009,Footwear,40,High,Low,In WeCom,Store Walk-in,0babd14c97e9c7e773,5e65cddc386fcb3e79,3cb3ba4910a7bf9539,Y,Y,Y,N,2026-06-28,3,1,440.6,440.6,New/Low Frequency,0.237,0.016,0.203,0.0,1,2026-07-01 09:00:00
CUST00179,任若曦,Female,61,杭州,浙江,华东,新一线,2025-12-06,Silver,Active,POS,ST005,Beauty,L,High,Medium,In WeCom,Tmall,8f53823920df0c30f6,aed77723133a3f78c4,bbb37cbafef043919e,Y,Y,Y,N,2026-05-04,58,4,1714.75,428.69,Potential Loyalist,0.22,0.418,0.312,0.25,0,2026-07-01 09:00:00
CUST00180,苏一诺,Male,25,深圳,广东,华南,一线,2025-05-05,Silver,Dormant,SMS,ST004,Apparel,42,Medium,Medium,Not Joined,WeChat Referral,1cca8debe79d911ebb,d153c9a373e949db73,4561840a2658eb92ef,N,Y,Y,Y,2025-08-20,315,3,3245.5,1081.83,Hibernating,0.847,0.772,0.212,0.0,2,2026-07-01 09:00:00
CUST00181,华浩然,Male,35,杭州,浙江,华东,新一线,2025-03-27,Silver,Dormant,WeChat,ST005,Accessories,41,High,Medium,In WeCom,Store Walk-in,c24b47d8e5f4dd4dc5,a868b63f4644f9d46b,185641a805720077f2,Y,Y,Y,N,2025-05-18,409,0,0.0,0.0,Hibernating,0.74,0.99,0.0,0.0,0,2026-07-01 09:00:00
CUST00182,尤浩然,Male,50,杭州,浙江,华东,新一线,2026-04-19,Silver,New,AppPush,ST005,Footwear,38,Medium,High,In WeChat Group,Brand Event,157a0a78a1534be279,f1ae4ffcbec86c4e6c,220a04f5b4382544c5,Y,N,Y,Y,2026-06-15,16,2,3089.23,1544.62,Potential Loyalist,0.169,0.084,0.306,0.0,0,2026-07-01 09:00:00
CUST00183,潘宇航,Female,38,苏州,江苏,华东,二线,2025-12-26,Gold,Growth,POS,ST011,Apparel,XL,High,Low,In WeCom,Tmall,187b3db44ed268b166,9b09a40399803fcf19,37afb0db9aef22814a,Y,Y,Y,Y,2026-05-16,46,6,5527.78,921.3,Loyal,0.185,0.169,0.492,0.333,0,2026-07-01 09:00:00
CUST00184,任睿泽,Female,50,北京,北京,华北,一线,2025-08-07,Silver,Dormant,WeChat,ST002,Beauty,41,Low,High,In WeChat Group,WeChat Referral,2ef4ce25fc8d836e66,3250c0c623e03cbdc5,5c16146ccc0f10477e,Y,N,Y,N,2025-11-11,232,3,3005.54,1001.85,Hibernating,0.505,0.99,0.241,0.0,0,2026-07-01 09:00:00
CUST00185,孙思源,Female,27,重庆,重庆,西南,新一线,2026-05-22,Silver,Active,WeChat,ST010,Accessories,M,Low,Medium,In WeChat Group,Brand Event,26a9a710ea2f16f742,dd73d68807e5d0e598,d542087cb8929b195f,N,Y,Y,N,2026-06-29,2,5,2276.85,455.37,Potential Loyalist,0.253,0.004,0.385,0.2,1,2026-07-01 09:00:00
CUST00186,许浩然,Female,20,重庆,重庆,西南,新一线,2025-07-19,Gold,Active,Tmall,ST010,Accessories,36,High,Medium,In WeChat Group,Douyin Ads,eb0f4d5a1b9439ce04,fac2e8ccd2c828cd8e,705ad4dea0f9ede5c7,N,N,Y,N,2026-05-30,32,5,4618.95,923.79,Potential Loyalist,0.221,0.059,0.439,0.0,0,2026-07-01 09:00:00
CUST00187,苏一诺,Female,44,重庆,重庆,西南,新一线,2026-04-19,Gold,Active,MiniProgram,ST010,Beauty,36,High,Low,In WeCom,Brand Event,3dd845a83d7a9aeb24,35b5f50629290a2f36,b91923724e55e5874c,Y,Y,Y,Y,2026-06-07,24,6,5995.77,999.3,Loyal,0.15,0.173,0.515,0.167,0,2026-07-01 09:00:00
CUST00188,李睿泽,Female,38,重庆,重庆,西南,新一线,2025-07-22,Silver,Growth,WeChat,ST010,Footwear,S,Low,Low,In WeCom,Xiaohongshu,1fec76e22cca901f9a,83379b505f90bc9157,fa4a4c7f434824e821,Y,Y,Y,Y,2026-06-17,14,3,2114.81,704.94,Potential Loyalist,0.158,0.074,0.311,0.0,0,2026-07-01 09:00:00
CUST00189,范可欣,Male,35,西安,陕西,西北,新一线,2026-03-25,Silver,Active,MiniProgram,ST009,Accessories,XS,Low,High,In WeCom,Xiaohongshu,393569635aa1f03c29,1396b1ab7b71f97043,773bac4ab7c64d4432,Y,Y,Y,Y,2026-05-03,59,4,316.78,79.2,Potential Loyalist,0.222,0.162,0.271,0.5,0,2026-07-01 09:00:00
CUST00190,雷明远,Female,35,苏州,江苏,华东,二线,2026-06-03,Silver,New,WeChat,ST011,Beauty,37,Medium,High,In WeCom,WeChat Referral,a074494f7caddf4527,c7b9562b484fabea5d,2265bcc5ba1aa6dfd6,Y,Y,Y,N,2026-06-04,27,2,1881.37,940.69,Potential Loyalist,0.187,0.195,0.267,0.0,0,2026-07-01 09:00:00
CUST00191,许嘉豪,Male,43,北京,北京,华北,一线,2025-12-17,Silver,Active,WeChat,ST002,Footwear,39,Medium,High,In WeCom,WeChat Referral,fe24cd0e00b88a54f8,6cbd48a35e4cabe9e5,ea324d08b0414e2009,Y,N,N,Y,2026-05-21,41,3,1862.21,620.74,Potential Loyalist,0.201,0.216,0.292,0.0,0,2026-07-01 09:00:00
CUST00192,潘若曦,Unknown,23,深圳,广东,华南,一线,2025-08-23,Gold,Growth,POS,ST004,Mixed,M,Low,Medium,In WeChat Group,Tmall,c10600b0c69abbde07,9ddaae83d758e3a781,0a8190021960f0798b,Y,Y,Y,Y,2026-05-06,56,7,5100.73,728.68,Loyal,0.193,0.35,0.507,0.0,0,2026-07-01 09:00:00
CUST00193,苗宇航,Female,40,南京,江苏,华东,新一线,2025-07-05,Silver,Active,MiniProgram,ST008,Apparel,XS,Low,Low,Opted Out,Douyin Ads,4500fcdcd095bc2f01,25722a946ac65b481a,960b3ac68668b311e0,Y,N,Y,Y,2026-05-25,37,2,1546.38,773.19,Potential Loyalist,0.203,0.136,0.252,0.0,0,2026-07-01 09:00:00
CUST00194,费浩然,Unknown,26,西安,陕西,西北,新一线,2025-10-01,Gold,Growth,SMS,ST009,Footwear,40,High,Low,In WeChat Group,Xiaohongshu,4a7e05663e9b87de5c,a87182c94ba794c1c0,4b195810535c2f87c9,Y,Y,Y,Y,2026-05-07,55,7,4192.0,598.86,Potential Loyalist,0.191,0.289,0.481,0.429,0,2026-07-01 09:00:00
CUST00195,王诗涵,Unknown,32,南京,江苏,华东,新一线,2025-03-23,Silver,Dormant,Tmall,ST008,Beauty,39,Medium,High,Not Joined,WeChat Referral,0c47c9669b2f3e0553,3cd0092e22022eb63a,adc2792acd8c4824dc,Y,Y,Y,N,2025-05-25,402,0,0.0,0.0,Hibernating,0.74,0.99,0.0,0.0,0,2026-07-01 09:00:00
CUST00196,孔诗涵,Female,38,成都,四川,西南,新一线,2025-05-11,Gold,Growth,Tmall,ST006,Accessories,41,Low,Medium,Not Joined,Store Walk-in,bc65133bd8841040aa,3542eb62c7b7d50ba6,bb28fdf1c5edbf1b2f,Y,Y,Y,N,2026-05-22,40,6,4606.56,767.76,Potential Loyalist,0.176,0.11,0.468,0.143,0,2026-07-01 09:00:00
CUST00197,苗宇航,Female,20,北京,北京,华北,一线,2025-01-02,Silver,Dormant,WeChat,ST002,Accessories,41,Medium,High,In WeChat Group,Tmall,fc83bf5834931e4e67,211596327ecc8baf06,f308d9d4a2692ed9c3,Y,N,Y,Y,2025-08-05,330,1,63.95,63.95,Hibernating,0.676,0.905,0.049,0.0,0,2026-07-01 09:00:00
CUST00198,周佳琪,Female,36,苏州,江苏,华东,二线,2026-01-16,Silver,At_Risk,WeChat,ST011,Apparel,36,High,Low,Opted Out,WeChat Referral,ceba4230bb59b31491,a0d7aa7098ecfe8d93,f8c67760b6697bfa1c,Y,N,Y,Y,2026-03-23,100,2,2415.1,1207.55,Potential Loyalist,0.303,0.368,0.25,0.0,0,2026-07-01 09:00:00
CUST00199,窦欣怡,Male,24,长沙,湖南,华中,二线,2024-01-18,Silver,Growth,Tmall,ST012,Apparel,36,Medium,High,In WeChat Group,Douyin Ads,c5742218a9e54c27d9,c7632beb26d0cda685,0ac86c2f225abd3b2d,N,N,Y,N,2026-04-18,74,2,771.34,385.67,Potential Loyalist,0.312,0.181,0.214,0.25,0,2026-07-01 09:00:00
CUST00200,苏浩然,Male,43,广州,广东,华南,一线,2026-04-27,Gold,Growth,MiniProgram,ST003,Footwear,41,High,High,In WeChat Group,Store Walk-in,2fe98d7d5b32b977f4,21ed0b6f98b9193b0b,1ebc6df86f86f51a3a,Y,Y,Y,Y,2026-05-13,49,7,7465.14,1066.45,Loyal,0.182,0.258,0.578,0.0,0,2026-07-01 09:00:00
CUST00201,潘欣怡,Male,40,苏州,江苏,华东,二线,2025-09-12,Silver,Dormant,Tmall,ST011,Beauty,M,High,Low,Not Joined,Xiaohongshu,fa395acf9f1b0cfd70,2023a451ff8f48ca41,4e5b2d0059947d2775,Y,Y,Y,Y,2025-11-04,239,4,2056.82,514.21,Hibernating,0.508,0.99,0.243,0.25,0,2026-07-01 09:00:00
CUST00202,钱佳琪,Female,19,广州,广东,华南,一线,2025-09-16,Gold,Growth,POS,ST003,Apparel,S,Medium,Medium,Opted Out,WeChat Referral,6aa46f74a0659b152b,0508d343baf02943f4,d95dae4c909ba07d32,Y,N,Y,Y,2026-06-08,23,7,7434.78,1062.11,Loyal,0.141,0.085,0.589,0.0,0,2026-07-01 09:00:00
CUST00203,贺子涵,Female,36,重庆,重庆,西南,新一线,2026-02-22,Silver,At_Risk,POS,ST010,Footwear,39,Medium,Low,In WeChat Group,Brand Event,69280ee34bfe775465,58d301a4fe08bd896a,053bb8a3308101fbce,Y,N,Y,N,2026-03-02,121,3,1166.92,388.97,Hibernating,0.328,0.636,0.237,0.0,0,2026-07-01 09:00:00
CUST00204,秦依琳,Female,33,广州,广东,华南,一线,2025-06-27,Platinum,Growth,WeChat,ST003,Footwear,S,Medium,Medium,In WeChat Group,Brand Event,087496c56be99f0665,1f6188c4c68bba6f56,4b03c4f042e2e91ae7,Y,Y,N,N,2026-06-16,15,7,11296.85,1613.84,Champions,0.128,0.079,0.704,0.0,0,2026-07-01 09:00:00
CUST00205,王思源,Female,49,南京,江苏,华东,新一线,2026-05-07,Silver,New,MiniProgram,ST008,Apparel,M,Low,High,Opted Out,Store Walk-in,5b09a3099f767b7597,db3d86d679bf2a61d5,3c21b3e960f4a9c07a,Y,Y,N,N,2026-06-04,27,1,1168.25,1168.25,New/Low Frequency,0.195,0.099,0.214,0.0,0,2026-07-01 09:00:00
CUST00206,孙依琳,Male,22,南京,江苏,华东,新一线,2025-12-16,Diamond,VIP,WeChat,ST008,Footwear,XS,High,Medium,In WeChat Group,Douyin Ads,2afdd035f3a8fde4b7,dd85913a3bc4f33930,0ae84091e58b6b9249,Y,Y,Y,N,2026-05-16,46,10,12922.13,1292.21,Loyal,0.153,0.242,0.833,0.0,0,2026-07-01 09:00:00
CUST00207,柏浩然,Male,34,南京,江苏,华东,新一线,2026-04-18,Silver,New,WeChat,ST008,Footwear,38,Medium,Low,In WeCom,Store Walk-in,d9de2d0e361024aae2,538fc8e95a39c77fbb,f3634c74cd964c7be4,Y,N,N,Y,2026-06-01,30,1,391.51,391.51,New/Low Frequency,0.2,0.158,0.19,0.0,0,2026-07-01 09:00:00
CUST00208,吕诗涵,Male,41,上海,上海,华东,一线,2026-03-24,Gold,Growth,MiniProgram,ST001,Beauty,39,Medium,High,In WeCom,Douyin Ads,12900d2e2d638a18fd,6588e98c7db3001396,fe6a25b7bb31a25abe,Y,N,N,N,2026-06-06,25,7,4645.5,663.64,Potential Loyalist,0.144,0.18,0.507,0.0,0,2026-07-01 09:00:00
CUST00209,金欣怡,Male,55,深圳,广东,华南,一线,2025-08-13,Gold,Dormant,Tmall,ST004,Footwear,41,Low,Low,Not Joined,Store Walk-in,cbb7ea235427a8034b,acf2671340ac398412,d10976f3ebc66e2454,Y,Y,Y,N,2025-11-12,231,3,4384.79,1461.6,Hibernating,0.503,0.99,0.281,0.0,0,2026-07-01 09:00:00
CUST00210,施明远,Female,52,杭州,浙江,华东,新一线,2025-03-30,Gold,Growth,WeChat,ST005,Mixed,L,Medium,Low,Not Joined,Brand Event,9d9ea5cc058a110edb,26ad305c1e586e62f0,f115ac684c1484ebd8,N,Y,Y,N,2026-05-14,48,3,4615.6,1538.53,Potential Loyalist,0.262,0.2,0.368,0.333,0,2026-07-01 09:00:00
CUST00211,褚佳琪,Female,34,西安,陕西,西北,新一线,2026-04-12,Diamond,VIP,POS,ST009,Footwear,M,High,High,In WeCom,Tmall,c85c21199af5fdd163,abdafff126c6eeced2,3a5128cb86328f65ff,Y,N,N,N,2026-06-12,19,12,15209.1,1267.43,Champions,0.11,0.1,0.911,0.083,0,2026-07-01 09:00:00
CUST00212,潘铭轩,Male,28,南京,江苏,华东,新一线,2025-04-08,Silver,Dormant,Tmall,ST008,Beauty,36,High,High,Opted Out,Brand Event,89d393d3a9b999829b,a94ff30bc47efec21d,0177eefa0fd3824acc,Y,N,N,N,2026-01-19,163,2,1219.97,609.99,Hibernating,0.403,0.99,0.188,0.0,0,2026-07-01 09:00:00
CUST00213,倪可欣,Female,26,重庆,重庆,西南,新一线,2026-04-25,Silver,Service_Recovery,WeChat,ST010,Accessories,39,Medium,Low,In WeChat Group,Brand Event,749abbe793819d2314,66f4d39b87ad113797,2a2b35edf68da80b80,Y,Y,Y,N,2026-06-06,25,3,2647.65,882.55,Potential Loyalist,0.256,0.069,0.322,0.0,1,2026-07-01 09:00:00
CUST00214,郎明远,Female,31,北京,北京,华北,一线,2026-05-28,Gold,Active,Tmall,ST002,Apparel,36,Low,Low,In WeCom,Store Walk-in,ca9691be1b3c6011ea,a098aa54b6416b2e49,c17d233cd02dfff8cc,Y,N,Y,Y,2026-06-05,26,5,6777.05,1355.41,Loyal,0.161,0.096,0.504,0.0,0,2026-07-01 09:00:00
CUST00215,喻思源,Female,32,重庆,重庆,西南,新一线,2026-04-20,Gold,Active,POS,ST010,Footwear,XL,Low,Medium,Opted Out,Xiaohongshu,a6f603cb3bdaf325fd,632be0ccf81d8ad545,9dd00bd7170929a875,Y,Y,Y,Y,2026-05-19,43,5,3584.44,716.89,Potential Loyalist,0.268,0.226,0.405,0.2,1,2026-07-01 09:00:00
CUST00216,金宇航,Female,31,重庆,重庆,西南,新一线,2026-03-14,Silver,Active,WeChat,ST010,Beauty,38,High,High,Opted Out,Store Walk-in,0b1d88bc8e564d429b,4e9127eff05f21912a,1ad83448f9e40709bb,N,Y,Y,N,2026-06-08,23,2,1061.84,530.92,Potential Loyalist,0.311,0.111,0.245,0.5,1,2026-07-01 09:00:00
CUST00217,杨雨桐,Male,34,重庆,重庆,西南,新一线,2026-02-22,Gold,Active,POS,ST010,Footwear,41,Medium,Medium,Not Joined,Xiaohongshu,7fe315edd2f533bc11,0785c539e213640bc1,6a860ab1733a65bf41,Y,Y,Y,N,2026-05-02,60,5,4952.02,990.4,Potential Loyalist,0.215,0.315,0.437,0.0,0,2026-07-01 09:00:00
CUST00218,姜依琳,Male,27,北京,北京,华北,一线,2025-07-27,Silver,Dormant,Tmall,ST002,Beauty,41,Low,Low,Opted Out,Brand Event,032f0103d7617fd92b,e22e2e5cc13f56c484,c74ef372ff29b17b44,Y,Y,Y,N,2025-10-04,270,4,1145.21,286.3,Hibernating,0.557,0.99,0.203,0.5,0,2026-07-01 09:00:00
CUST00219,褚雨桐,Male,44,西安,陕西,西北,新一线,2026-04-21,Silver,New,POS,ST009,Accessories,XS,High,High,Not Joined,Tmall,18bc2473780dcd410a,e6d80bed6e2e5c21d8,58feaefe83cd5efd32,Y,N,Y,N,2026-06-02,29,2,869.04,434.52,Potential Loyalist,0.19,0.08,0.236,0.0,0,2026-07-01 09:00:00
CUST00220,费诗涵,Male,38,深圳,广东,华南,一线,2025-03-21,Silver,Active,MiniProgram,ST004,Accessories,XS,High,Medium,In WeChat Group,Tmall,b4e37d2f2ac324a5c0,000fd8b2ad347b164f,540796015b2e1a9c5c,N,Y,Y,N,2026-05-13,49,5,839.87,167.97,Potential Loyalist,0.248,0.09,0.323,0.0,0,2026-07-01 09:00:00
CUST00221,任宇航,Male,22,苏州,江苏,华东,二线,2026-05-15,Silver,New,MiniProgram,ST011,Apparel,M,Low,High,In WeCom,Xiaohongshu,1c2d29646e0ba427b4,18c1326b269d041d4c,2bf9a2c0852f4e93ec,Y,Y,Y,Y,2026-06-21,10,1,1354.09,1354.09,New/Low Frequency,0.168,0.037,0.227,0.0,0,2026-07-01 09:00:00
CUST00222,潘明远,Female,39,南京,江苏,华东,新一线,2026-03-29,Gold,Active,POS,ST008,Accessories,M,High,Low,In WeCom,Xiaohongshu,437e04a22f96a06cf6,ef520a95e958c2e3d7,9f29990006c04911c3,Y,Y,Y,Y,2026-05-17,45,7,3888.26,555.47,Potential Loyalist,0.176,0.123,0.477,0.0,0,2026-07-01 09:00:00
CUST00223,范欣怡,Male,23,南京,江苏,华东,新一线,2025-06-27,Silver,Dormant,Tmall,ST008,Accessories,37,Low,High,In WeChat Group,Brand Event,0059f4a888b03b64b4,527d69a0bd54f63787,82c2229aeb1f2e1a94,Y,Y,Y,Y,2025-10-07,267,3,863.91,287.97,Hibernating,0.56,0.733,0.164,0.0,0,2026-07-01 09:00:00
CUST00224,赵睿泽,Female,20,重庆,重庆,西南,新一线,2025-11-09,Gold,VIP,MiniProgram,ST010,Beauty,XL,Low,High,Opted Out,Brand Event,b352f6fe70b510f042,e4dd486311f908d172,8ed173116f000e3381,N,N,Y,N,2026-06-06,25,9,6745.64,749.52,Loyal,0.338,0.12,0.632,0.111,2,2026-07-01 09:00:00
CUST00225,韦佳琪,Male,37,广州,广东,华南,一线,2026-03-29,Gold,Growth,AppPush,ST003,Footwear,39,High,High,Opted Out,Xiaohongshu,5d8ca5604b5df9e517,7f8a2de546efdedead,eea37dc80c0a2823e7,Y,N,Y,Y,2026-06-14,17,5,6745.77,1349.15,Loyal,0.147,0.089,0.507,0.2,0,2026-07-01 09:00:00
CUST00226,秦嘉豪,Male,28,西安,陕西,西北,新一线,2025-12-22,Gold,Growth,MiniProgram,ST009,Apparel,42,Medium,Low,In WeChat Group,Brand Event,f79a9eeea8612d592f,8cc54b578f9f6c638e,e72fe39701715b6eeb,Y,Y,Y,Y,2026-05-04,58,7,5891.64,841.66,Loyal,0.196,0.213,0.529,0.0,0,2026-07-01 09:00:00
CUST00227,贺嘉豪,Female,47,西安,陕西,西北,新一线,2025-10-25,Gold,Growth,SMS,ST009,Apparel,42,Low,High,Not Joined,Douyin Ads,30ac3f0ba02a00b63f,88ca2e97b3169f3300,00b49a101b406cc7de,Y,N,Y,Y,2026-04-27,65,7,7015.03,1002.15,Loyal,0.207,0.239,0.558,0.143,0,2026-07-01 09:00:00
CUST00228,曹佳琪,Male,27,重庆,重庆,西南,新一线,2026-04-05,Diamond,Active,Tmall,ST010,Apparel,41,Medium,High,In WeCom,Brand Event,106cb5d9149ac5dea2,b3fdef59945dc215a1,a38baed9984d9bf33f,Y,Y,Y,N,2026-06-01,30,7,12767.72,1823.96,Champions,0.152,0.11,0.74,0.0,0,2026-07-01 09:00:00
CUST00229,赵欣怡,Male,29,杭州,浙江,华东,新一线,2025-11-13,Silver,Active,WeChat,ST005,Beauty,L,Low,Low,Not Joined,Store Walk-in,b5a5f845f00c6e0936,7a771aacdcfeafe7eb,0c43e43329ad5bb11b,Y,Y,Y,N,2026-05-28,34,5,2423.26,484.65,Potential Loyalist,0.174,0.245,0.375,0.2,0,2026-07-01 09:00:00
CUST00230,范浩然,Female,25,南京,江苏,华东,新一线,2026-05-16,Silver,New,Tmall,ST008,Beauty,38,Low,Medium,In WeCom,Brand Event,ec6baf46fde7868733,289004c65187ec0a8e,dd7b7f369a2a22df34,Y,Y,Y,N,2026-06-19,12,1,1470.04,1470.04,New/Low Frequency,0.251,0.087,0.229,0.0,1,2026-07-01 09:00:00
CUST00231,花明远,Female,45,北京,北京,华北,一线,2026-02-07,Silver,Service_Recovery,AppPush,ST002,Apparel,40,High,High,Not Joined,Brand Event,4b27919bd97ec9951d,fec82bf742a382d9c0,a204d9cd785db48a07,Y,Y,Y,N,2026-06-22,9,2,331.14,165.57,Potential Loyalist,0.238,0.033,0.23,0.5,1,2026-07-01 09:00:00
CUST00232,雷思源,Male,26,广州,广东,华南,一线,2025-08-22,Silver,Service_Recovery,MiniProgram,ST003,Beauty,XS,High,High,Opted Out,Douyin Ads,ffd377077661e22660,ab64059ecdd9251f6c,76821c33ee38bb9bba,Y,Y,Y,N,2026-06-04,27,3,2439.28,813.09,Potential Loyalist,0.259,0.195,0.315,0.0,1,2026-07-01 09:00:00
CUST00233,方睿泽,Male,34,苏州,江苏,华东,二线,2024-07-04,Gold,At_Risk,MiniProgram,ST011,Apparel,XS,Low,Medium,In WeCom,Store Walk-in,189eedd280fe5a1ccc,64756701f29de32574,7ae708ef378069acd7,Y,Y,Y,N,2026-04-16,76,4,4267.3,1066.83,Potential Loyalist,0.409,0.279,0.378,0.0,2,2026-07-01 09:00:00
CUST00234,鲁依琳,Unknown,39,成都,四川,西南,新一线,2026-06-06,Silver,Active,Tmall,ST006,Accessories,37,Medium,High,In WeChat Group,Brand Event,37e1b21e1d5b30566e,64dafc0de88cb6b254,89750ed8580f65df0c,Y,Y,Y,N,2026-06-27,4,4,3379.52,844.88,Potential Loyalist,0.214,0.011,0.384,0.0,1,2026-07-01 09:00:00
CUST00235,柏雨桐,Female,36,西安,陕西,西北,新一线,2026-06-09,Silver,New,POS,ST009,Apparel,M,High,Medium,Not Joined,Brand Event,2858e1ac978a42cad2,6903bb9c17758114bb,f2d2cef2f32146f376,Y,Y,Y,Y,2026-06-10,21,2,2537.51,1268.76,Potential Loyalist,0.177,0.077,0.288,0.0,0,2026-07-01 09:00:00
CUST00236,杨欣怡,Female,37,长沙,湖南,华中,二线,2025-06-20,Diamond,VIP,AppPush,ST012,Apparel,39,Medium,Medium,In WeCom,Douyin Ads,7b8f3985827e3db029,e311866583e82f3935,f59d608e51e6220206,Y,Y,N,Y,2026-06-14,17,10,9178.09,917.81,Champions,0.107,0.062,0.738,0.1,0,2026-07-01 09:00:00
CUST00237,孙子涵,Female,40,上海,上海,华东,一线,2026-02-26,Gold,Active,WeChat,ST001,Footwear,S,High,Medium,In WeCom,Xiaohongshu,4d3998ada32f0d2d56,4b5a230555f7d9a412,f08103834a9edfadbe,Y,Y,Y,N,2026-05-05,57,2,4325.87,2162.94,Potential Loyalist,0.235,0.3,0.324,0.0,0,2026-07-01 09:00:00
CUST00238,俞一诺,Female,43,北京,北京,华北,一线,2024-08-07,Silver,Active,Tmall,ST002,Footwear,36,Low,Medium,Not Joined,Tmall,9fd61b928fa5ac67e1,d3f2642437db4b9b54,b39f67e3c2051f3ed6,Y,N,Y,N,2026-06-14,17,2,2955.7,1477.85,Potential Loyalist,0.171,0.089,0.302,0.333,0,2026-07-01 09:00:00
CUST00239,姜浩然,Male,28,广州,广东,华南,一线,2025-12-31,Gold,Active,WeChat,ST003,Footwear,37,Medium,High,Not Joined,Brand Event,02503a24f60248daf5,409aa48d9ee81670b7,2b0f418479b64ac962,Y,Y,Y,Y,2026-06-11,20,6,6782.75,1130.46,Loyal,0.144,0.105,0.539,0.0,0,2026-07-01 09:00:00
CUST00240,唐浩然,Male,33,武汉,湖北,华中,新一线,2025-06-13,Gold,Active,AppPush,ST007,Apparel,L,High,High,Opted Out,Douyin Ads,312576734c8c0eea76,19ac985577121063de,9d08e9d66c3ed8b802,Y,Y,Y,N,2026-06-23,8,3,4509.58,1503.19,Potential Loyalist,0.149,0.029,0.383,0.0,0,2026-07-01 09:00:00
CUST00241,费佳琪,Female,28,北京,北京,华北,一线,2025-01-25,Silver,Active,MiniProgram,ST002,Accessories,39,High,Low,In WeChat Group,WeChat Referral,8fb87f32d07f46b1b1,05385ce8bd038d06dc,61f1e837a0dfcbd028,Y,N,Y,N,2026-06-20,11,3,2005.57,668.52,Potential Loyalist,0.153,0.03,0.309,0.25,0,2026-07-01 09:00:00
CUST00242,施嘉豪,Female,30,南京,江苏,华东,新一线,2026-02-12,Gold,Active,MiniProgram,ST008,Mixed,M,High,Low,Opted Out,Brand Event,21dea9146d029e9d26,a4a8db126bef46f9bf,457fced8bf55cfbaf9,Y,Y,N,N,2026-05-27,35,5,5802.1,1160.42,Loyal,0.176,0.219,0.472,0.0,0,2026-07-01 09:00:00
CUST00243,柳一诺,Male,20,南京,江苏,华东,新一线,2026-05-06,Silver,New,POS,ST008,Apparel,37,Medium,High,In WeChat Group,Brand Event,a7573e6d0c870c0b21,5e320a1132ca4c5e2c,57ad4d615426b3f0d7,Y,N,Y,Y,2026-05-31,31,2,3053.44,1526.72,Potential Loyalist,0.193,0.114,0.299,0.0,0,2026-07-01 09:00:00
CUST00244,柳明远,Female,24,成都,四川,西南,新一线,2025-01-20,Silver,Active,WeChat,ST006,Apparel,40,Medium,Medium,In WeCom,Xiaohongshu,f93788b8ad8e6250de,46f39b5a339f332b67,a04ef7d208eedc0bd3,Y,Y,Y,N,2026-06-22,9,2,1353.84,676.92,Potential Loyalist,0.158,0.033,0.259,0.0,0,2026-07-01 09:00:00
CUST00245,郑睿泽,Male,31,成都,四川,西南,新一线,2025-04-28,Silver,Growth,MiniProgram,ST006,Footwear,L,Medium,High,Opted Out,Douyin Ads,843832daf0a329ac08,55a3efdedff3cf26c5,143ecd8edda3c4cf5e,Y,Y,Y,Y,2026-04-15,77,5,2212.64,442.53,Potential Loyalist,0.242,0.405,0.35,0.143,0,2026-07-01 09:00:00
CUST00246,俞子涵,Female,47,广州,广东,华南,一线,2025-03-01,Gold,Growth,WeChat,ST003,Footwear,41,Medium,Medium,Opted Out,Brand Event,afd0111bec44cf147e,069e59e816d3617a46,494a9caec3d0bd03bb,Y,Y,N,N,2026-04-07,85,6,5618.38,936.4,Loyal,0.247,0.447,0.477,0.167,0,2026-07-01 09:00:00
CUST00247,吕睿泽,Female,46,上海,上海,华东,一线,2025-09-07,Gold,Growth,POS,ST001,Apparel,36,High,Medium,Opted Out,Xiaohongshu,fc756154e60105fe2d,a9b68a1ba8f6cd6fa5,d77e52b98a5bb9058a,Y,Y,Y,N,2026-06-13,18,5,8186.06,1637.21,Champions,0.149,0.066,0.549,0.0,0,2026-07-01 09:00:00
CUST00248,潘睿泽,Male,18,广州,广东,华南,一线,2025-08-28,Gold,Active,MiniProgram,ST003,Apparel,41,High,High,In WeChat Group,WeChat Referral,1d1167987c897471e9,5d124ace13667259df,6cc7e75b1be0922f36,Y,Y,Y,Y,2026-06-24,7,4,4600.59,1150.15,Potential Loyalist,0.139,0.026,0.418,0.25,0,2026-07-01 09:00:00
CUST00249,雷思源,Male,41,南京,江苏,华东,新一线,2024-07-16,Silver,Active,WeChat,ST008,Apparel,41,Medium,High,In WeChat Group,Store Walk-in,104cbdb01303610474,f67cbab1178c57ad3f,61124422453d3e877f,Y,Y,Y,Y,2026-06-21,10,1,1200.19,1200.19,New/Low Frequency,0.168,0.037,0.222,0.0,0,2026-07-01 09:00:00
CUST00250,鲍诗涵,Unknown,40,南京,江苏,华东,新一线,2026-03-09,Gold,VIP,WeChat,ST008,Accessories,36,Medium,Low,In WeChat Group,Douyin Ads,b9d68b96900629b89c,1fc8c2f58a6b8e2539,80f7db75ab8ce9ba3e,Y,N,N,Y,2026-06-09,22,8,4578.77,572.35,Potential Loyalist,0.291,0.06,0.539,0.25,2,2026-07-01 09:00:00
CUST00251,韦诗涵,Male,31,北京,北京,华北,一线,2025-05-16,Silver,Active,POS,ST002,Beauty,L,Low,Medium,In WeCom,Store Walk-in,eb588182d804aa73ec,d79a99eee79b8657c5,33defe12ce882c7bf0,Y,Y,Y,N,2026-06-27,4,5,3379.72,675.94,Potential Loyalist,0.126,0.029,0.416,0.0,0,2026-07-01 09:00:00
CUST00252,姜明远,Male,33,西安,陕西,西北,新一线,2026-05-12,Gold,Active,WeChat,ST009,Footwear,XS,Low,High,Opted Out,Tmall,338df87b9105d7f13d,1dee3b7056d9732b3d,d58d198807cc8baacf,Y,Y,Y,N,2026-05-29,33,2,4004.94,2002.47,Potential Loyalist,0.196,0.173,0.325,0.0,0,2026-07-01 09:00:00
CUST00253,奚宇航,Male,42,长沙,湖南,华中,二线,2024-04-20,Silver,Active,WeChat,ST012,Accessories,S,High,Low,In WeCom,Tmall,24af6778ba8eae68f3,ebf398ad2eb403895f,18b8129c50e9a0ac98,Y,Y,Y,N,2026-05-03,59,4,240.4,60.1,Potential Loyalist,0.222,0.162,0.269,0.143,0,2026-07-01 09:00:00
CUST00254,华诗涵,Female,36,苏州,江苏,华东,二线,2026-05-05,Silver,New,WeChat,ST011,Footwear,39,Medium,High,Opted Out,Tmall,e0da709cc35c5ad6f5,e2fb2ab4d4215df53c,88473c2dfc6c8a45e0,Y,Y,Y,N,2026-06-02,29,2,3156.76,1578.38,Potential Loyalist,0.19,0.152,0.302,0.0,0,2026-07-01 09:00:00
CUST00255,薛晨曦,Unknown,34,南京,江苏,华东,新一线,2023-08-05,Silver,Dormant,WeChat,ST008,Apparel,40,Low,Low,Not Joined,WeChat Referral,ea0d556d16185c9c5c,412625c7599462d5ab,d3ae383f3736f34674,Y,N,N,Y,2025-07-06,360,1,3018.64,3018.64,Hibernating,0.724,0.99,0.121,0.5,0,2026-07-01 09:00:00
CUST00256,葛子涵,Male,30,西安,陕西,西北,新一线,2025-11-23,Silver,At_Risk,MiniProgram,ST009,Beauty,37,Low,Medium,Opted Out,WeChat Referral,3c0d64264176c9336d,ecf9cc64b777f8e1c2,76f2bda7467200807d,Y,N,Y,Y,2026-03-20,103,3,2791.54,930.51,Potential Loyalist,0.3,0.743,0.291,0.0,0,2026-07-01 09:00:00
CUST00257,贺若曦,Male,40,重庆,重庆,西南,新一线,2026-04-27,Gold,Active,POS,ST010,Apparel,XS,Low,High,Opted Out,Xiaohongshu,9b45af0c809b84eb1f,b766386e4d51bf9367,963a80c6a7f0395017,Y,Y,Y,Y,2026-05-12,50,7,7606.62,1086.66,Loyal,0.183,0.184,0.582,0.0,0,2026-07-01 09:00:00
CUST00258,云可欣,Male,29,北京,北京,华北,一线,2025-09-14,Silver,Active,WeChat,ST002,Apparel,M,High,Medium,Not Joined,Store Walk-in,842f2c2d770ace94ab,886570c287740338b3,644bbf5dfccbca1f4f,Y,N,Y,N,2026-05-12,50,3,3057.39,1019.13,Potential Loyalist,0.215,0.184,0.322,0.0,0,2026-07-01 09:00:00
CUST00259,卫一诺,Male,18,深圳,广东,华南,一线,2026-01-30,Gold,Active,POS,ST004,Footwear,37,Low,High,In WeCom,Tmall,7b5f2ece2501a43320,e8917c86b15e91bd18,779cae8f78b39eaf2d,Y,Y,Y,Y,2026-06-16,15,5,7379.78,1475.96,Loyal,0.144,0.079,0.527,0.0,0,2026-07-01 09:00:00
CUST00260,倪思源,Female,28,深圳,广东,华南,一线,2026-04-08,Silver,Growth,POS,ST004,Beauty,38,Low,Low,Opted Out,Tmall,a50aea0d8b69137ef1,434ebadad44fdbcea6,f503217d519335c9b0,Y,Y,N,N,2026-04-27,65,5,2838.36,567.67,Potential Loyalist,0.223,0.469,0.374,0.0,0,2026-07-01 09:00:00
CUST00261,花欣怡,Female,45,上海,上海,华东,一线,2024-12-10,Silver,Active,WeChat,ST001,Footwear,L,High,Low,In WeChat Group,Store Walk-in,d0cb585c2fd45b243b,1c3831c4a7fee1306e,ec0313ab8312edf595,Y,Y,Y,Y,2026-05-26,36,2,2423.93,1211.97,Potential Loyalist,0.201,0.189,0.278,0.0,0,2026-07-01 09:00:00
CUST00262,奚可欣,Female,18,广州,广东,华南,一线,2025-06-10,Silver,Dormant,POS,ST003,Accessories,40,Medium,High,Opted Out,Brand Event,31f61f26650fc80870,47b875bcefa865b29a,e952d9bed198fbca9f,Y,N,Y,N,2025-08-25,310,1,369.05,369.05,Hibernating,0.645,0.851,0.067,0.0,0,2026-07-01 09:00:00
CUST00263,汤依琳,Male,30,重庆,重庆,西南,新一线,2026-03-31,Gold,Growth,Tmall,ST010,Accessories,40,High,High,Opted Out,WeChat Referral,b4ec6154d4849870ac,acd0ea4c0506215707,0cb43c4debb73c2e1e,Y,N,Y,N,2026-05-01,61,7,4331.43,618.78,Potential Loyalist,0.201,0.167,0.482,0.143,0,2026-07-01 09:00:00
CUST00264,曹嘉豪,Male,28,西安,陕西,西北,新一线,2024-09-10,Gold,Active,MiniProgram,ST009,Footwear,39,Medium,High,In WeChat Group,Brand Event,089c1ccd0aeeb01cb7,b3e530feaa8bb8b387,623eaa7f6cc9b2e59b,Y,N,Y,N,2026-06-25,6,4,7966.99,1991.75,Loyal,0.138,0.032,0.516,0.0,0,2026-07-01 09:00:00
CUST00265,水依琳,Male,40,深圳,广东,华南,一线,2023-12-13,Silver,Dormant,POS,ST004,Footwear,39,Medium,Medium,Not Joined,Brand Event,cb34876dd362cdc2d0,ed9b475e32d745d3b4,736bb50f06af439a79,Y,Y,Y,Y,2025-09-18,286,1,782.12,782.12,Hibernating,0.606,0.99,0.089,0.0,0,2026-07-01 09:00:00
CUST00266,李铭轩,Male,18,西安,陕西,西北,新一线,2024-02-09,Gold,At_Risk,MiniProgram,ST009,Footwear,M,Medium,Medium,In WeCom,Brand Event,928ec5b81879459652,b3fd6f87021113aec7,8aa6d43dffe628a3ae,Y,N,N,N,2026-03-18,105,3,3804.42,1268.14,Potential Loyalist,0.303,0.552,0.32,0.333,0,2026-07-01 09:00:00
CUST00267,赵铭轩,Male,23,长沙,湖南,华中,二线,2026-03-22,Gold,Active,POS,ST012,Mixed,L,Medium,High,In WeCom,Douyin Ads,052d4d71fcf75c637f,74b6a17bd5b47f7142,c557f4106014acbfe4,N,Y,Y,Y,2026-06-23,8,7,6987.01,998.14,Loyal,0.167,0.033,0.582,0.143,0,2026-07-01 09:00:00
CUST00268,严思源,Male,30,北京,北京,华北,一线,2026-04-27,Gold,Active,MiniProgram,ST002,Accessories,S,Medium,High,In WeChat Group,Store Walk-in,e5ad6c8be9c6dbbea2,1299d82c95bd3e1357,a2392be2c40629bfbd,Y,N,Y,Y,2026-06-09,22,7,3919.3,559.9,Potential Loyalist,0.219,0.06,0.488,0.143,1,2026-07-01 09:00:00
CUST00269,范宇航,Female,28,广州,广东,华南,一线,2024-05-02,Silver,Dormant,Tmall,ST003,Footwear,S,High,Medium,In WeChat Group,Store Walk-in,2d4276cf9a3bc7ff2b,3a6ce83b74d5f97291,e226dff386626e1bcc,Y,Y,Y,N,2025-05-18,409,0,0.0,0.0,Hibernating,0.74,0.99,0.0,0.5,0,2026-07-01 09:00:00
CUST00270,奚铭轩,Female,38,武汉,湖北,华中,新一线,2026-04-05,Gold,Growth,SMS,ST007,Accessories,XL,Medium,High,In WeChat Group,Xiaohongshu,eeede527818915bb07,248751946d99bf807d,07197754a14d0ff293,Y,Y,Y,Y,2026-04-14,78,8,5422.92,677.87,Loyal,0.3,0.214,0.538,0.25,1,2026-07-01 09:00:00
CUST00271,柳明远,Female,34,成都,四川,西南,新一线,2026-05-28,Silver,New,AppPush,ST006,Mixed,42,Low,Medium,In WeChat Group,Douyin Ads,b55ae10dd132af440e,30fd8d45d4fb79ada5,3b2cc4484dc4d3e054,Y,Y,Y,Y,2026-06-14,17,2,621.24,310.62,Potential Loyalist,0.251,0.106,0.234,0.5,1,2026-07-01 09:00:00
CUST00272,吴铭轩,Male,40,长沙,湖南,华中,二线,2024-04-24,Silver,Dormant,MiniProgram,ST012,Accessories,37,High,High,Not Joined,Douyin Ads,c3267faa95af0b1d63,b78d3a7d2eee380059,51562c82659ddd3b7c,N,Y,Y,N,2025-05-19,408,0,0.0,0.0,Hibernating,0.79,0.746,0.0,0.0,0,2026-07-01 09:00:00
CUST00273,姜若曦,Female,49,广州,广东,华南,一线,2026-04-03,Silver,New,WeChat,ST003,Mixed,40,High,High,In WeChat Group,Tmall,19467f483bcfc4ef15,c19e94291cefea861b,ce7e9e5159b19e20eb,Y,Y,Y,N,2026-06-02,29,1,369.05,369.05,New/Low Frequency,0.198,0.181,0.19,0.0,0,2026-07-01 09:00:00
CUST00274,金明远,Female,18,长沙,湖南,华中,二线,2026-02-28,Silver,At_Risk,AppPush,ST012,Apparel,37,Low,High,Opted Out,Xiaohongshu,51fdf1da4e32bb2c82,8986d57eef578e8429,4f35b027b4eb20441f,Y,Y,N,Y,2026-04-19,73,2,1771.48,885.74,Potential Loyalist,0.34,0.268,0.243,0.0,1,2026-07-01 09:00:00
CUST00275,唐若曦,Male,28,成都,四川,西南,新一线,2025-04-27,Silver,Active,POS,ST006,Beauty,XS,Low,Medium,In WeCom,Xiaohongshu,d0c7872759055b3b3b,709a901912daaa7cbe,e7f81f3dc6e2fe17f7,Y,Y,Y,Y,2026-05-31,31,2,1781.62,890.81,Potential Loyalist,0.193,0.224,0.262,0.333,0,2026-07-01 09:00:00
CUST00276,周宇航,Male,18,西安,陕西,西北,新一线,2025-12-08,Gold,Growth,WeChat,ST009,Apparel,L,Low,Medium,In WeCom,Tmall,5004ac1a7aaf93f46e,012e70c036d7a0e86a,152a5fcfbb3ef6bbad,Y,N,Y,N,2026-05-25,37,4,5158.09,1289.52,Loyal,0.187,0.136,0.421,0.0,0,2026-07-01 09:00:00
CUST00277,苏睿泽,Male,29,西安,陕西,西北,新一线,2026-05-11,Silver,New,AppPush,ST009,Beauty,XS,Medium,Medium,In WeCom,Brand Event,26da330594c0220ac7,38533c7fd2a45521e1,699521262aa3ab39d1,Y,Y,Y,N,2026-06-19,12,1,470.7,470.7,New/Low Frequency,0.171,0.087,0.2,1.0,0,2026-07-01 09:00:00
CUST00278,李诗涵,Female,43,西安,陕西,西北,新一线,2024-05-25,Gold,VIP,MiniProgram,ST009,Accessories,40,High,Medium,Not Joined,WeChat Referral,e29181c31869b3d00e,2f3244128b858f8114,4fb0868bc12cd4d89a,Y,N,Y,Y,2026-05-12,50,4,3835.46,958.87,Potential Loyalist,0.287,0.137,0.377,0.2,1,2026-07-01 09:00:00
CUST00279,周依琳,Male,20,上海,上海,华东,一线,2026-01-03,Gold,At_Risk,WeChat,ST001,Footwear,42,Medium,Medium,Not Joined,Store Walk-in,95d62221ecf0806f78,4ae2734e1cf359ec99,327604cf23bdde2562,Y,Y,Y,N,2026-03-18,105,5,4410.39,882.08,Potential Loyalist,0.287,0.552,0.401,0.0,0,2026-07-01 09:00:00
CUST00280,孙一诺,Female,31,广州,广东,华南,一线,2026-03-08,Gold,Active,SMS,ST003,Accessories,36,High,Medium,In WeCom,Xiaohongshu,af09b05efdb1226e83,d3f15886ced44ba0ae,4c0285ae61443a21c9,Y,Y,Y,N,2026-05-27,35,6,3887.78,647.96,Potential Loyalist,0.248,0.096,0.449,0.167,1,2026-07-01 09:00:00
CUST00281,吴睿泽,Female,40,杭州,浙江,华东,新一线,2025-07-06,Silver,Dormant,WeChat,ST005,Beauty,37,Medium,High,In WeCom,WeChat Referral,ee442b478905fc6722,f161f4c57ba769ce8c,c91280f57512be888f,Y,N,Y,N,2025-08-06,329,2,2027.92,1013.96,Hibernating,0.747,0.99,0.138,0.0,1,2026-07-01 09:00:00
CUST00282,冯诗涵,Male,29,西安,陕西,西北,新一线,2026-04-28,Silver,New,WeChat,ST009,Accessories,XS,Low,High,Opted Out,Brand Event,a9238dd9c5b6371697,7d77de22ef167d592d,d1830dee058f2d7def,Y,N,Y,Y,2026-06-06,25,2,222.03,111.02,Potential Loyalist,0.184,0.069,0.219,0.0,0,2026-07-01 09:00:00
CUST00283,唐佳琪,Female,40,重庆,重庆,西南,新一线,2024-07-25,Silver,Growth,WeChat,ST010,Accessories,38,High,Low,In WeCom,Douyin Ads,766899b0f03d65d78a,2b1dccbe90e937ffc6,8fdeaa0c22a42b9b08,Y,N,Y,N,2026-04-14,78,2,1433.49,716.75,Potential Loyalist,0.268,0.214,0.231,0.0,0,2026-07-01 09:00:00
CUST00284,冯一诺,Female,36,武汉,湖北,华中,新一线,2026-01-16,Gold,Active,POS,ST007,Mixed,37,High,Medium,Not Joined,Xiaohongshu,08077e3f84e8dd7d83,6ca990b9d50621070d,c52b70b63ae3d2abfe,Y,Y,Y,Y,2026-05-22,40,6,8254.15,1375.69,Champions,0.176,0.25,0.573,0.0,0,2026-07-01 09:00:00
CUST00285,施诗涵,Male,38,武汉,湖北,华中,新一线,2025-01-20,Gold,Active,POS,ST007,Footwear,39,High,Medium,Opted Out,Douyin Ads,6dae2321f3fb5845b4,5b9d72ef5b7f79e6fb,9f9c9d3af2cd223e9d,Y,Y,Y,Y,2026-06-01,30,5,6299.96,1259.99,Loyal,0.168,0.158,0.489,0.167,0,2026-07-01 09:00:00
CUST00286,任雨桐,Female,35,武汉,湖北,华中,新一线,2025-08-18,Silver,Dormant,AppPush,ST007,Beauty,42,Medium,Medium,Opted Out,Tmall,e03a419b4810c002f5,e240beb9ed50e59ab1,7074dd390e7292b615,Y,Y,Y,Y,2025-10-09,265,1,339.75,339.75,Hibernating,0.573,0.99,0.086,1.0,0,2026-07-01 09:00:00
CUST00287,云欣怡,Female,29,上海,上海,华东,一线,2025-03-21,Silver,Dormant,AppPush,ST001,Apparel,XL,Medium,Low,In WeCom,Xiaohongshu,65deb39a05470d1136,5d6193257e7ce6fb57,8aba137f1c664c842d,Y,Y,Y,N,2025-12-02,211,1,0.0,0.0,Hibernating,0.487,0.776,0.1,0.5,0,2026-07-01 09:00:00
CUST00288,严宇航,Male,50,成都,四川,西南,新一线,2025-03-01,Silver,Dormant,POS,ST006,Apparel,37,Low,Medium,Opted Out,Brand Event,b33c5f947ac7f58bc0,4e28a87524d3bbca3b,2ae3be339644ef6bc7,Y,Y,Y,Y,2025-07-26,340,1,697.51,697.51,Hibernating,0.692,0.99,0.063,0.0,0,2026-07-01 09:00:00
CUST00289,章欣怡,Female,41,深圳,广东,华南,一线,2026-01-03,Silver,At_Risk,WeChat,ST004,Mixed,38,Low,Low,Not Joined,Store Walk-in,dcb6216bdb76ed4d40,4bc1da69e8ed644c7d,0a81519a38d74c4671,Y,Y,Y,N,2026-04-10,82,4,2704.49,676.12,Potential Loyalist,0.338,0.512,0.33,0.0,1,2026-07-01 09:00:00
CUST00290,鲍宇航,Female,35,成都,四川,西南,新一线,2026-03-29,Silver,Growth,POS,ST006,Apparel,XL,Low,Medium,In WeChat Group,Xiaohongshu,7cf22235cf88531d86,288f502eeaee1714a7,149a0dc6fd8c6591b8,Y,N,Y,Y,2026-05-09,53,3,2189.32,729.77,Potential Loyalist,0.22,0.195,0.296,0.333,0,2026-07-01 09:00:00
CUST00291,彭佳琪,Female,25,上海,上海,华东,一线,2026-05-16,Gold,Growth,MiniProgram,ST001,Accessories,42,Low,Low,In WeCom,Douyin Ads,e3ea7469bcc3a0119b,bd1675624479b1ea12,2e9a7a9d6cf95320d6,Y,Y,Y,Y,2026-06-09,22,6,4699.56,783.26,Potential Loyalist,0.147,0.06,0.478,0.0,0,2026-07-01 09:00:00
CUST00292,严可欣,Female,28,上海,上海,华东,一线,2026-05-28,Silver,New,WeChat,ST001,Footwear,XL,Medium,High,In WeChat Group,Douyin Ads,b6f8d10b6cdda030ca,38df066d19792b6125,00abb8eac62e9f8e63,N,Y,Y,N,2026-06-05,26,2,2323.88,1161.94,Potential Loyalist,0.315,0.091,0.28,0.0,1,2026-07-01 09:00:00
CUST00293,贺浩然,Female,30,北京,北京,华北,一线,2026-05-31,Silver,New,MiniProgram,ST002,Apparel,S,Medium,High,Opted Out,Brand Event,3245860af0e58eacbb,5b01aa370c04658019,287bb38740989b06d4,Y,N,Y,N,2026-06-30,1,2,1551.77,775.89,Potential Loyalist,0.146,0.004,0.268,0.0,0,2026-07-01 09:00:00
CUST00294,薛晨曦,Female,45,深圳,广东,华南,一线,2026-04-07,Gold,Active,WeChat,ST004,Apparel,41,Medium,High,Not Joined,Store Walk-in,7334fb612a4df8d282,c0de9a88cf946ac3f0,6b6177f49672d6c556,Y,Y,Y,N,2026-05-22,40,3,3772.76,1257.59,Potential Loyalist,0.2,0.147,0.347,0.333,0,2026-07-01 09:00:00
CUST00295,张欣怡,Female,29,苏州,江苏,华东,二线,2024-09-09,Silver,At_Risk,POS,ST011,Beauty,L,Medium,Medium,In WeChat Group,Store Walk-in,415218023d045487ce,ab707701d979d00813,a704e1a99752de16c3,Y,Y,Y,Y,2026-03-26,97,3,1702.93,567.64,Potential Loyalist,0.29,0.7,0.263,0.0,0,2026-07-01 09:00:00
CUST00296,尤铭轩,Unknown,36,杭州,浙江,华东,新一线,2024-12-05,Silver,Active,MiniProgram,ST005,Beauty,39,Medium,Medium,Opted Out,Douyin Ads,4aee1ac1ffa46e3ad2,d6752842c191aa40a4,425f73aa74e57e3bb4,Y,Y,Y,N,2026-05-02,60,5,2683.1,536.62,Potential Loyalist,0.215,0.433,0.371,0.167,0,2026-07-01 09:00:00
CUST00297,周思源,Female,30,成都,四川,西南,新一线,2025-07-12,Gold,VIP,WeChat,ST006,Beauty,39,High,High,Opted Out,Brand Event,308d33462a71e20674,873e46679a2f0793a7,7756412a0a63856f3a,Y,Y,N,Y,2026-05-24,38,9,3791.46,421.27,Potential Loyalist,0.148,0.274,0.541,0.222,0,2026-07-01 09:00:00
CUST00298,俞明远,Female,27,成都,四川,西南,新一线,2025-03-27,Gold,Active,POS,ST006,Footwear,40,Low,Low,In WeCom,WeChat Referral,287cf0749666756c9e,eb12327548402392fe,f224e57fab52727e1d,Y,N,Y,N,2026-06-11,20,6,8602.94,1433.82,Champions,0.144,0.105,0.592,0.0,0,2026-07-01 09:00:00
CUST00299,汤铭轩,Male,30,苏州,江苏,华东,二线,2026-04-25,Silver,New,WeChat,ST011,Accessories,S,Low,High,In WeChat Group,Store Walk-in,620dc7a7dde10759db,b379bf85cc49b5593c,025fdefc4e274c43b8,Y,Y,Y,N,2026-06-10,21,2,585.4,292.7,Potential Loyalist,0.177,0.058,0.232,0.5,0,2026-07-01 09:00:00
CUST00300,韩嘉豪,Female,33,长沙,湖南,华中,二线,2025-10-21,Gold,Active,Tmall,ST012,Beauty,38,Low,High,In WeCom,Brand Event,7e1061fdf9d958f82b,8cd9cb6d71dae9153f,fd89a2bfda6d4ba107,Y,Y,Y,Y,2026-06-29,2,5,4487.3,897.46,Potential Loyalist,0.123,0.014,0.449,0.0,0,2026-07-01 09:00:00
CUST00301,谢若曦,Female,38,北京,北京,华北,一线,2026-06-04,Silver,New,AppPush,ST002,Mixed,41,Low,Medium,In WeCom,WeChat Referral,2470b7249862f45792,0e9bebc542a6090be0,4bab7d2529cd6eb828,Y,Y,Y,Y,2026-06-06,25,1,1842.52,1842.52,New/Low Frequency,0.192,0.156,0.234,0.0,0,2026-07-01 09:00:00
CUST00302,鲍嘉豪,Female,20,西安,陕西,西北,新一线,2026-02-02,Gold,Active,Tmall,ST009,Footwear,XL,Medium,Low,Not Joined,Douyin Ads,10dabc6518db672a37,a8efdfabb97bb3dfb6,cc88cfd7a9dc5b8a07,Y,Y,Y,Y,2026-06-15,16,6,4923.87,820.65,Potential Loyalist,0.137,0.084,0.487,0.167,0,2026-07-01 09:00:00
CUST00303,华雨桐,Male,25,武汉,湖北,华中,新一线,2025-06-02,Gold,VIP,AppPush,ST007,Mixed,L,High,Medium,Not Joined,Store Walk-in,23859f054778128572,49c193dded608dc9a9,0ad71ad5995bcb4454,Y,Y,Y,N,2026-05-11,51,10,6135.04,613.5,Loyal,0.161,0.319,0.635,0.083,0,2026-07-01 09:00:00
CUST00304,昌可欣,Female,24,深圳,广东,华南,一线,2026-03-30,Silver,Active,WeChat,ST004,Footwear,XL,Medium,High,In WeChat Group,Douyin Ads,a396a850e7f0926e07,1b3ceaa4a8c4642e39,1e5ca8d8a36e0546af,Y,Y,Y,N,2026-06-15,16,4,3386.68,846.67,Potential Loyalist,0.153,0.084,0.379,0.0,0,2026-07-01 09:00:00
CUST00305,华宇航,Female,45,上海,上海,华东,一线,2024-05-05,Silver,Dormant,WeChat,ST001,Beauty,41,High,High,In WeChat Group,Xiaohongshu,d8a85bf725917f2d2a,b83df8c32033034366,787444c7de6a4c6f41,Y,Y,Y,N,2025-07-25,341,1,1107.82,1107.82,Hibernating,0.774,0.99,0.075,0.0,1,2026-07-01 09:00:00
CUST00306,薛诗涵,Female,37,南京,江苏,华东,新一线,2025-12-22,Diamond,VIP,POS,ST008,Accessories,38,High,Low,In WeCom,WeChat Referral,00640192c97e4988e5,9cf9eb43156f1a9472,96704daed903b76c66,Y,N,Y,N,2026-06-29,2,12,8473.52,706.13,Champions,0.083,0.005,0.724,0.0,0,2026-07-01 09:00:00
CUST00307,昌思源,Female,30,武汉,湖北,华中,新一线,2026-02-04,Silver,Active,WeChat,ST007,Beauty,XL,High,Medium,Not Joined,Tmall,0d79335742eb83a962,730d291b15acc2c248,663ff292c143ac185f,Y,Y,Y,N,2026-05-28,34,2,1771.04,885.52,Potential Loyalist,0.198,0.245,0.26,0.0,0,2026-07-01 09:00:00
CUST00308,方雨桐,Male,33,杭州,浙江,华东,新一线,2026-05-21,Silver,New,WeChat,ST005,Accessories,37,High,Medium,Opted Out,Douyin Ads,58d92a5e6486dc28bb,780839a4a299d01363,91568355962d25d6eb,Y,Y,Y,Y,2026-06-23,8,2,1826.66,913.33,Potential Loyalist,0.157,0.022,0.273,0.0,0,2026-07-01 09:00:00
CUST00309,倪晨曦,Female,32,长沙,湖南,华中,二线,2024-03-08,Gold,Growth,AppPush,ST012,Footwear,41,High,Medium,In WeCom,Xiaohongshu,f86fb4c46f0655e94b,cc1d4d9735eae9586a,7912386dcace5eb08a,Y,Y,Y,N,2026-06-08,23,4,4471.25,1117.81,Potential Loyalist,0.165,0.121,0.407,0.0,0,2026-07-01 09:00:00
CUST00310,沈嘉豪,Female,45,上海,上海,华东,一线,2026-01-07,Platinum,Active,WeChat,ST001,Footwear,XS,Medium,Low,In WeCom,Brand Event,0959e2210dbaecd302,94e90e560cc38c9835,7a4e9dfe6449c8c633,Y,N,Y,N,2026-06-07,24,7,9328.21,1332.6,Champions,0.142,0.126,0.643,0.286,0,2026-07-01 09:00:00
CUST00311,赵思源,Female,45,重庆,重庆,西南,新一线,2024-12-26,Silver,Growth,WeChat,ST010,Beauty,XL,High,Medium,In WeCom,Xiaohongshu,ee2279b3822ab37ee5,cda2971a9a536c132f,06b491330aac45f996,Y,N,N,N,2026-05-04,58,3,2505.16,835.05,Potential Loyalist,0.228,0.418,0.303,0.0,0,2026-07-01 09:00:00
CUST00312,曹子涵,Female,18,南京,江苏,华东,新一线,2026-03-12,Gold,Growth,POS,ST008,Mixed,40,Medium,Medium,In WeChat Group,WeChat Referral,b769e646928c6721f4,18700eda3ccfd0110e,9e626a591328599937,Y,Y,N,N,2026-04-24,68,5,6084.5,1216.9,Loyal,0.228,0.425,0.466,0.0,0,2026-07-01 09:00:00
CUST00313,苏思源,Male,40,上海,上海,华东,一线,2025-11-29,Gold,Growth,WeChat,ST001,Beauty,38,Medium,Low,Not Joined,Xiaohongshu,60667d2459c182c5b7,03da781d6a0e460c3a,daace6b37fe0b48c1b,Y,Y,Y,Y,2026-06-16,15,6,3990.43,665.07,Potential Loyalist,0.136,0.108,0.461,0.0,0,2026-07-01 09:00:00
CUST00314,袁浩然,Male,18,南京,江苏,华东,新一线,2024-10-27,Silver,Growth,POS,ST008,Apparel,39,Low,High,In WeChat Group,Douyin Ads,8d349605173d2543b5,8d761a30ee4d6bdd3d,f0de16f2086d7eab1a,Y,N,Y,Y,2026-06-02,29,1,1289.23,1289.23,New/Low Frequency,0.198,0.107,0.217,0.0,0,2026-07-01 09:00:00
CUST00315,马诗涵,Female,44,北京,北京,华北,一线,2025-06-16,Platinum,Active,Tmall,ST002,Apparel,41,Low,Medium,Not Joined,Tmall,21f057508f7bfe46e1,47c65cc0dc03cc8d7b,fcc439f38523e5c350,Y,N,Y,N,2026-05-28,34,7,10385.08,1483.58,Champions,0.158,0.125,0.669,0.0,0,2026-07-01 09:00:00
CUST00316,喻浩然,Unknown,31,长沙,湖南,华中,二线,2026-05-21,Silver,New,MiniProgram,ST012,Accessories,42,High,Low,Opted Out,Tmall,31ae069ab01e45c725,c3af5d46b21a165ddb,8af53a8fa23fe6c5d7,Y,N,N,Y,2026-06-08,23,2,722.62,361.31,Potential Loyalist,0.181,0.063,0.235,0.0,0,2026-07-01 09:00:00
CUST00317,何铭轩,Male,43,成都,四川,西南,新一线,2025-02-24,Diamond,VIP,AppPush,ST006,Footwear,40,High,Medium,In WeCom,Store Walk-in,4a9c0b09cea33348d0,dce78fc614ba25303d,b72792211dd71eb34d,Y,Y,N,Y,2026-05-26,36,13,16700.0,1284.62,Champions,0.137,0.189,0.947,0.125,0,2026-07-01 09:00:00
CUST00318,鲍可欣,Female,23,成都,四川,西南,新一线,2025-03-17,Platinum,Growth,WeChat,ST006,Apparel,41,Low,Medium,Opted Out,Store Walk-in,d1c227ca130fbe7e10,c89f424c68ecec7df3,69bc7736eefcffa5f3,Y,Y,Y,N,2026-05-12,50,7,12083.29,1726.18,Loyal,0.183,0.184,0.711,0.0,0,2026-07-01 09:00:00
CUST00319,姜明远,Unknown,21,苏州,江苏,华东,二线,2026-04-19,Diamond,VIP,WeChat,ST011,Footwear,L,Low,High,In WeChat Group,WeChat Referral,68a38814b906c3d2d3,83398ee7f9154bdf2a,aca461b18624fcf2b1,Y,Y,N,N,2026-05-25,37,8,13220.2,1652.53,Champions,0.155,0.195,0.782,0.0,0,2026-07-01 09:00:00
CUST00320,赵子涵,Female,31,苏州,江苏,华东,二线,2025-08-14,Gold,Dormant,MiniProgram,ST011,Accessories,XS,High,Medium,In WeCom,Tmall,14939d6e0b4ba08744,db8a8959d45cdd1a89,1b374a2d6809a291ee,Y,Y,Y,N,2025-09-16,288,4,4518.82,1129.71,Hibernating,0.586,0.79,0.292,0.0,0,2026-07-01 09:00:00
CUST00321,马欣怡,Unknown,30,重庆,重庆,西南,新一线,2025-05-15,Silver,Dormant,MiniProgram,ST010,Footwear,40,Medium,High,Not Joined,Store Walk-in,3afa38b8db1650263a,34fe97d267b6acb7ca,10464b76ef3eb4fa77,Y,N,Y,N,2025-06-01,395,0,0.0,0.0,Hibernating,0.74,0.99,0.0,0.0,0,2026-07-01 09:00:00
CUST00322,俞宇航,Female,18,杭州,浙江,华东,新一线,2025-08-05,Silver,Dormant,Tmall,ST005,Footwear,38,Low,Low,In WeChat Group,Tmall,f5116d66eda127cd3b,e4627bdb145824c2da,4520dd4d1a120653c6,Y,N,N,N,2025-10-23,251,4,3041.72,760.43,Hibernating,0.607,0.99,0.266,0.0,1,2026-07-01 09:00:00
CUST00323,施睿泽,Unknown,30,深圳,广东,华南,一线,2025-04-27,Silver,Dormant,WeChat,ST004,Footwear,XS,Medium,High,Not Joined,Brand Event,6d3f7c7c2b0adbf51d,3c12d2b4029adb8b69,007bb3cf5df4793f0e,Y,N,Y,Y,2026-01-27,155,1,284.33,284.33,Hibernating,0.398,0.815,0.132,0.0,0,2026-07-01 09:00:00
CUST00324,王佳琪,Female,26,重庆,重庆,西南,新一线,2024-07-25,Silver,Active,POS,ST010,Footwear,S,Low,High,Not Joined,Brand Event,9f7b5fc83a1ba38b19,15d44e4144149e36c4,1010a55fdee613c4ab,Y,Y,Y,N,2026-06-09,22,2,3161.57,1580.79,Potential Loyalist,0.259,0.116,0.306,0.0,1,2026-07-01 09:00:00
CUST00325,窦睿泽,Female,22,苏州,江苏,华东,二线,2026-03-16,Diamond,VIP,POS,ST011,Apparel,42,Medium,High,Opted Out,Douyin Ads,eccaa197c50a9ba945,e9ca3762fd5b036c76,cef98febbc5e8e04a5,Y,Y,Y,Y,2026-06-08,23,12,12226.07,1018.84,Champions,0.117,0.085,0.823,0.0,0,2026-07-01 09:00:00
CUST00326,范嘉豪,Unknown,47,北京,北京,华北,一线,2025-12-15,Gold,Active,AppPush,ST002,Accessories,37,Low,Low,Not Joined,Store Walk-in,10607376e1abbdd1c1,7ccbff56b80fd16146,dfe6630dfa3f7e0d64,Y,Y,Y,Y,2026-06-12,19,5,4761.23,952.25,Potential Loyalist,0.15,0.052,0.449,0.0,0,2026-07-01 09:00:00
CUST00327,孙铭轩,Female,29,南京,江苏,华东,新一线,2025-09-28,Gold,Growth,MiniProgram,ST008,Beauty,XL,Low,High,In WeCom,Store Walk-in,24574c9c00c9a929db,c577d9c6cce741e17b,f5feada8f3882ca50b,Y,Y,Y,N,2026-04-21,71,6,4363.24,727.21,Potential Loyalist,0.225,0.512,0.447,0.0,0,2026-07-01 09:00:00
CUST00328,昌欣怡,Male,41,武汉,湖北,华中,新一线,2025-06-08,Silver,Dormant,POS,ST007,Footwear,42,Medium,High,In WeChat Group,Tmall,78819b6deb4fbbfae3,417bea7bd1663e9b21,78ed2c6f0f1f6b4ad5,Y,N,Y,Y,2025-06-15,381,0,0.0,0.0,Hibernating,0.82,0.99,0.0,0.5,1,2026-07-01 09:00:00
CUST00329,张依琳,Female,18,成都,四川,西南,新一线,2025-10-27,Silver,At_Risk,AppPush,ST006,Apparel,40,High,Low,Opted Out,Brand Event,747f6008514d3f8c3a,3232c31cb770938e68,ec7048c96c9d139ad5,N,Y,N,N,2026-05-01,61,2,3368.27,1684.14,Potential Loyalist,0.371,0.15,0.295,0.0,1,2026-07-01 09:00:00
CUST00330,喻思源,Female,31,北京,北京,华北,一线,2024-01-21,Gold,VIP,WeChat,ST002,Footwear,XL,High,Medium,In WeChat Group,Tmall,55076c37f042e59adc,b00a9e1c882ef73665,1e73b3873b74d6ff37,Y,Y,Y,N,2026-06-12,19,6,6521.41,1086.9,Loyal,0.142,0.1,0.532,0.111,0,2026-07-01 09:00:00
CUST00331,沈梓轩,Female,35,西安,陕西,西北,新一线,2024-09-07,Gold,Active,AppPush,ST009,Apparel,40,Medium,High,Not Joined,Xiaohongshu,b1db20c72f7530ffe3,d69aba5783783c6263,ef7acce66ccd0ecdcd,Y,Y,Y,N,2026-06-17,14,4,7155.46,1788.87,Loyal,0.23,0.051,0.489,0.25,1,2026-07-01 09:00:00
CUST00332,钱浩然,Male,21,苏州,江苏,华东,二线,2026-04-06,Silver,New,MiniProgram,ST011,Footwear,L,Medium,Medium,Not Joined,Tmall,aadf29e967e61894a7,843e8f6eb4eb4b7e7a,2175ba259b09a7229f,N,Y,Y,Y,2026-06-30,1,2,1877.37,938.69,Potential Loyalist,0.196,0.004,0.278,0.0,0,2026-07-01 09:00:00
CUST00333,倪晨曦,Female,27,南京,江苏,华东,新一线,2026-05-17,Silver,New,POS,ST008,Footwear,39,High,Medium,In WeCom,Store Walk-in,bf3a8b28cb67317810,d3b42ce7c6382dfb76,08f85bd711fc2b4b01,Y,Y,Y,N,2026-05-31,31,1,1890.5,1890.5,New/Low Frequency,0.281,0.163,0.233,0.0,1,2026-07-01 09:00:00
CUST00334,陶子涵,Female,38,苏州,江苏,华东,二线,2025-12-16,Gold,Active,MiniProgram,ST011,Mixed,S,Low,Medium,In WeChat Group,Tmall,e9c52c2394f80f0c8f,1334b9b5c830e5c64d,ca6348b649e971544d,Y,Y,Y,Y,2026-05-17,45,3,4072.95,1357.65,Potential Loyalist,0.208,0.281,0.354,0.0,0,2026-07-01 09:00:00
CUST00335,马可欣,Female,18,长沙,湖南,华中,二线,2025-02-09,Gold,Active,MiniProgram,ST012,Footwear,39,Low,High,Not Joined,Douyin Ads,ff18666201f604b50c,19bc32e3072aecefae,690bb3493194fc8c60,Y,Y,Y,N,2026-06-18,13,5,7277.36,1455.47,Loyal,0.141,0.068,0.525,0.0,0,2026-07-01 09:00:00
CUST00336,王若曦,Female,37,杭州,浙江,华东,新一线,2026-04-05,Silver,Active,MiniProgram,ST005,Beauty,S,Medium,Medium,Opted Out,Xiaohongshu,da3b48807d3c9eab0c,3dcb267bcb7258a9fb,d02f68727d9922b177,Y,Y,Y,N,2026-05-07,55,5,3113.51,622.7,Potential Loyalist,0.207,0.397,0.386,0.0,0,2026-07-01 09:00:00
CUST00337,韩可欣,Female,42,成都,四川,西南,新一线,2025-07-01,Silver,Dormant,Tmall,ST006,Accessories,36,High,Low,In WeChat Group,Xiaohongshu,f6935f2b0ba05389b5,bc1fda6053fa9543e3,4a17f6fd7ea4a6a7b5,Y,Y,Y,Y,2025-12-05,208,1,0.0,0.0,Hibernating,0.483,0.571,0.101,1.0,0,2026-07-01 09:00:00
CUST00338,潘明远,Female,34,南京,江苏,华东,新一线,2025-08-07,Silver,Active,WeChat,ST008,Apparel,M,High,High,Opted Out,Store Walk-in,9c06d4b04030d259b5,ced64bd41bca56b109,27690bdf0323680555,Y,Y,Y,Y,2026-06-21,10,3,2457.56,819.19,Potential Loyalist,0.152,0.037,0.323,0.0,0,2026-07-01 09:00:00
CUST00339,孙明远,Female,27,长沙,湖南,华中,二线,2026-02-27,Gold,Growth,POS,ST012,Beauty,XS,High,Low,In WeCom,Tmall,356b296ea91cd58880,c006349c695a555add,473ce2f4a76ef20c01,Y,Y,Y,N,2026-05-28,34,8,5767.26,720.91,Loyal,0.15,0.245,0.568,0.0,0,2026-07-01 09:00:00
CUST00340,薛一诺,Female,39,武汉,湖北,华中,新一线,2026-03-02,Silver,Active,POS,ST007,Mixed,XS,Low,High,Opted Out,WeChat Referral,bc142a4550468664b1,e58f04b16ff55e8285,15ca9f6154ed58ee60,Y,Y,Y,N,2026-06-30,1,2,1999.45,999.73,Potential Loyalist,0.226,0.006,0.281,0.0,1,2026-07-01 09:00:00
CUST00341,倪睿泽,Male,47,苏州,江苏,华东,二线,2025-04-06,Gold,Growth,MiniProgram,ST011,Apparel,40,Medium,High,Opted Out,WeChat Referral,f055895148216f530e,ad0269c1592c20d5da,8a3398746cc09b7839,Y,Y,Y,N,2026-05-22,40,6,4103.4,683.9,Potential Loyalist,0.176,0.147,0.453,0.0,0,2026-07-01 09:00:00
CUST00342,苏梓轩,Male,45,广州,广东,华南,一线,2026-02-06,Gold,Growth,Tmall,ST003,Beauty,XL,Medium,Medium,In WeCom,Store Walk-in,00c0140cbaedb3b00a,32fe856e4c52dcc20a,51bc56419d73ce1706,Y,N,Y,Y,2026-04-22,70,5,4490.88,898.18,Potential Loyalist,0.231,0.505,0.419,0.2,0,2026-07-01 09:00:00
CUST00343,魏晨曦,Male,39,成都,四川,西南,新一线,2025-06-19,Gold,Growth,POS,ST006,Apparel,38,Medium,High,In WeCom,Tmall,8b833e9a4eb20a7c9b,eb8cca85e9618aa10e,1e87e5eef232c3be48,Y,N,Y,Y,2026-05-31,31,3,4113.24,1371.08,Potential Loyalist,0.185,0.114,0.361,0.0,0,2026-07-01 09:00:00
CUST00344,施子涵,Female,50,上海,上海,华东,一线,2024-02-14,Silver,Active,WeChat,ST001,Apparel,39,Medium,Low,Not Joined,WeChat Referral,5ac8df6a380c2b582d,1411192fc0cacb8462,bed2488e113d152183,N,Y,N,N,2026-05-17,45,2,2992.21,1496.11,Potential Loyalist,0.266,0.11,0.291,0.333,0,2026-07-01 09:00:00
CUST00345,潘宇航,Unknown,34,重庆,重庆,西南,新一线,2024-02-25,Silver,Service_Recovery,WeChat,ST010,Footwear,M,Medium,Medium,In WeCom,WeChat Referral,481cc34a8af76d0951,dc0e59b335d26f51c3,29ecd68d761fe886d9,Y,Y,N,N,2026-05-10,52,3,3290.73,1096.91,Potential Loyalist,0.299,0.273,0.328,0.0,1,2026-07-01 09:00:00
CUST00346,秦浩然,Male,30,西安,陕西,西北,新一线,2026-01-08,Platinum,Growth,MiniProgram,ST009,Footwear,L,High,Medium,In WeCom,Douyin Ads,ee6be061005c151b58,eee4d77c605e914168,d8094882ce9eb52206,Y,Y,N,Y,2026-06-02,29,6,10030.35,1671.73,Champions,0.158,0.152,0.629,0.0,0,2026-07-01 09:00:00
CUST00347,水明远,Female,31,深圳,广东,华南,一线,2026-01-23,Silver,At_Risk,WeChat,ST004,Mixed,S,High,Medium,In WeCom,Douyin Ads,011f0330244a9bc8f3,1681282e6bbb5c19eb,0a13e6bcc1f300febd,Y,N,N,N,2026-03-12,111,2,1856.37,928.19,Potential Loyalist,0.32,0.694,0.229,0.0,0,2026-07-01 09:00:00
CUST00348,史铭轩,Male,28,广州,广东,华南,一线,2025-06-10,Gold,Active,WeChat,ST003,Beauty,38,Low,Medium,Not Joined,Xiaohongshu,203cd813a521333832,b5fa87bfd1208637a0,c2ef87d80f0041e310,Y,N,Y,N,2026-06-07,24,3,4153.03,1384.34,Potential Loyalist,0.174,0.173,0.365,0.0,0,2026-07-01 09:00:00
CUST00349,赵子涵,Female,28,深圳,广东,华南,一线,2024-07-08,Silver,Active,Tmall,ST004,Apparel,36,Low,High,In WeChat Group,Tmall,22f356baf351774229,1258c9895e1db8e33d,67041f2054787b28e7,Y,Y,Y,N,2026-05-09,53,3,2750.14,916.71,Potential Loyalist,0.22,0.195,0.312,0.143,0,2026-07-01 09:00:00
CUST00350,郎欣怡,Male,33,重庆,重庆,西南,新一线,2025-07-19,Gold,Growth,WeChat,ST010,Apparel,37,Medium,Medium,Opted Out,Douyin Ads,d114775fc6ea1d7832,29617d3e78ea21c01a,213bbc1f0bea85cb68,Y,Y,Y,N,2026-06-08,23,5,4298.56,859.71,Potential Loyalist,0.157,0.085,0.434,0.2,0,2026-07-01 09:00:00
CUST00351,施雨桐,Female,22,南京,江苏,华东,新一线,2026-05-08,Silver,Active,POS,ST008,Apparel,XL,High,Low,Opted Out,Brand Event,a87c9c2f6db0a4b04f,0b26ed81646a16bf9c,d58976a0674c49cf6f,Y,Y,N,Y,2026-06-09,22,2,1755.18,877.59,Potential Loyalist,0.179,0.081,0.265,0.0,0,2026-07-01 09:00:00
CUST00352,窦子涵,Female,26,武汉,湖北,华中,新一线,2026-05-11,Silver,New,MiniProgram,ST007,Beauty,XL,Medium,Medium,Opted Out,Xiaohongshu,3d9e50f8fe9c42b149,b820ecac44e242441a,13f5f6f3bfc98288ba,Y,N,Y,N,2026-06-04,27,1,333.93,333.93,New/Low Frequency,0.195,0.195,0.19,0.0,0,2026-07-01 09:00:00
CUST00353,曹梓轩,Male,35,重庆,重庆,西南,新一线,2026-03-05,Silver,Growth,POS,ST010,Accessories,39,Low,Medium,In WeChat Group,Tmall,7d7fb6c83ac9bb5296,eeb6a87c62445ee575,695aa2d356fcd6d154,Y,Y,N,N,2026-06-07,24,6,2037.56,339.59,Potential Loyalist,0.23,0.066,0.4,0.0,1,2026-07-01 09:00:00
CUST00354,范一诺,Male,41,广州,广东,华南,一线,2025-11-12,Gold,Growth,Tmall,ST003,Mixed,L,High,Low,Not Joined,Douyin Ads,6a0c65c81738773ac1,71aa385e055986983c,0e1f0e3465dfa8a02e,Y,N,Y,N,2026-06-09,22,7,3801.98,543.14,Potential Loyalist,0.139,0.137,0.484,0.143,0,2026-07-01 09:00:00
CUST00355,潘嘉豪,Male,29,西安,陕西,西北,新一线,2024-11-19,Silver,Active,POS,ST009,Apparel,41,Low,Medium,In WeCom,Xiaohongshu,95cdae4e8a6f4ff6d9,88bc8fe427c66491bc,1b4e6041d64f0ad479,Y,Y,Y,Y,2026-05-05,57,1,341.94,341.94,New/Low Frequency,0.243,0.21,0.177,0.0,0,2026-07-01 09:00:00
CUST00356,赵嘉豪,Male,25,南京,江苏,华东,新一线,2024-04-07,Silver,Dormant,WeChat,ST008,Mixed,39,Low,Medium,Opted Out,Tmall,6b482ee5d77b81df5e,8c1a1e83cd5c2e346b,67f40ac9787ee326a3,Y,N,N,N,2025-06-27,369,0,0.0,0.0,Hibernating,0.74,0.99,0.0,0.333,0,2026-07-01 09:00:00
CUST00357,陈明远,Female,47,成都,四川,西南,新一线,2025-06-27,Gold,Active,MiniProgram,ST006,Footwear,41,High,Medium,Not Joined,Xiaohongshu,57f6fbd7b4721cd654,e48787bbfd6a5eee40,f4741e82890bbdef4d,Y,Y,Y,N,2026-06-16,15,2,4205.1,2102.55,Potential Loyalist,0.168,0.079,0.339,0.0,0,2026-07-01 09:00:00
CUST00358,陈睿泽,Male,42,上海,上海,华东,一线,2025-12-13,Gold,Active,WeChat,ST001,Footwear,L,Medium,Low,In WeChat Group,Douyin Ads,db33f6ec57b774cf02,ef3dbde94eadfc133e,77ed9364b543d3c9fb,Y,N,Y,N,2026-05-03,59,6,7021.16,1170.19,Loyal,0.206,0.31,0.529,0.167,0,2026-07-01 09:00:00
CUST00359,尤明远,Male,42,广州,广东,华南,一线,2026-04-23,Gold,Growth,AppPush,ST003,Apparel,XS,Low,Low,Not Joined,Tmall,f47275aead3f77f086,92766db9a672782e3a,58c5848a40bfea4e70,Y,N,Y,Y,2026-05-24,38,5,4252.28,850.46,Potential Loyalist,0.18,0.14,0.426,0.2,0,2026-07-01 09:00:00
CUST00360,柳欣怡,Female,32,广州,广东,华南,一线,2025-03-12,Silver,Dormant,WeChat,ST003,Beauty,36,High,High,In WeCom,WeChat Referral,e62721aa40cd275c18,7f92362c2165dde65c,fabb978cce8abed192,Y,Y,Y,Y,2025-12-23,190,1,968.0,968.0,Hibernating,0.454,0.99,0.137,0.0,0,2026-07-01 09:00:00
CUST00361,姜子涵,Female,24,南京,江苏,华东,新一线,2025-07-12,Silver,Active,MiniProgram,ST008,Apparel,40,Low,Medium,In WeCom,Store Walk-in,67334766b8bcd3608d,1362b19f4fd5aab2e6,24e55c1b0586820323,Y,Y,Y,N,2026-06-07,24,3,2603.14,867.71,Potential Loyalist,0.174,0.088,0.321,0.0,0,2026-07-01 09:00:00
CUST00362,谢梓轩,Male,37,南京,江苏,华东,新一线,2025-06-21,Silver,Dormant,WeChat,ST008,Apparel,40,High,Medium,In WeChat Group,Xiaohongshu,1c95183c4c5b26ce86,4ea9ac9928334b11f3,45b7253e33994829c5,Y,Y,Y,Y,2025-10-11,263,4,972.28,243.07,Hibernating,0.546,0.967,0.201,0.5,0,2026-07-01 09:00:00
CUST00363,史一诺,Female,32,成都,四川,西南,新一线,2025-08-08,Gold,Growth,WeChat,ST006,Beauty,S,High,High,Opted Out,Tmall,acd3d7c596ce25e8a5,28b85b0c0b4ca64c40,166a1979cdbf7ca189,Y,Y,Y,N,2026-06-05,26,7,6140.55,877.22,Loyal,0.145,0.187,0.55,0.143,0,2026-07-01 09:00:00
CUST00364,水欣怡,Male,36,广州,广东,华南,一线,2025-06-08,Silver,Active,WeChat,ST003,Apparel,37,Low,Low,Not Joined,Douyin Ads,592442fb234445945d,787e19c4fcb78f372d,4bf28d619c42528c66,Y,Y,Y,Y,2026-06-22,9,4,1509.04,377.26,Potential Loyalist,0.142,0.033,0.328,0.2,0,2026-07-01 09:00:00
CUST00365,郎欣怡,Female,32,广州,广东,华南,一线,2025-05-16,Silver,Active,WeChat,ST003,Beauty,M,Medium,High,In WeCom,WeChat Referral,f0d364708cb0209c20,cc1dc458a70ed5e10c,682e06627928e31fe2,Y,Y,Y,Y,2026-05-07,55,1,780.44,780.44,New/Low Frequency,0.319,0.397,0.19,0.0,1,2026-07-01 09:00:00
CUST00366,尤嘉豪,Female,29,上海,上海,华东,一线,2024-08-19,Silver,Dormant,WeChat,ST001,Footwear,38,High,High,Opted Out,Tmall,b03221bbadb3e2bb5a,66026a31fd94800830,c4335c9b22ce3f1b7c,Y,N,Y,N,2025-10-11,263,1,1163.38,1163.38,Hibernating,0.57,0.99,0.11,0.0,0,2026-07-01 09:00:00
CUST00367,雷一诺,Male,29,成都,四川,西南,新一线,2025-09-04,Gold,At_Risk,Tmall,ST006,Footwear,40,Low,High,In WeChat Group,Xiaohongshu,1f8056e1bfc4da1358,c1bdc7e93497353b7e,14367620483e59ef37,Y,Y,Y,Y,2026-04-13,79,4,6268.14,1567.04,Loyal,0.254,0.415,0.434,0.0,0,2026-07-01 09:00:00
CUST00368,许子涵,Female,41,上海,上海,华东,一线,2024-10-01,Silver,Active,AppPush,ST001,Apparel,36,High,Medium,Opted Out,Xiaohongshu,2422c128b0c3e18329,92bde165efcbb3afb0,8ba09bd12668ed9873,Y,Y,N,Y,2026-06-15,16,2,3340.29,1670.15,Potential Loyalist,0.169,0.059,0.313,0.0,0,2026-07-01 09:00:00
CUST00369,王梓轩,Female,29,成都,四川,西南,新一线,2025-06-23,Platinum,Active,MiniProgram,ST006,Footwear,S,Medium,Low,Opted Out,Douyin Ads,a8175bb84e78fdc1fa,0dfb751bd1334c6d7b,285f9c0a09e52c7035,Y,Y,Y,N,2026-05-19,43,5,10078.0,2015.6,Champions,0.188,0.226,0.592,0.0,0,2026-07-01 09:00:00
CUST00370,陈雨桐,Male,21,长沙,湖南,华中,二线,2026-06-01,Silver,Active,MiniProgram,ST012,Accessories,40,Medium,Medium,Not Joined,Store Walk-in,ab6afd3fcd9816d706,eb10e15b34431cec3e,029249518a40a9d3d7,Y,N,Y,N,2026-06-23,8,4,3376.6,844.15,Potential Loyalist,0.141,0.022,0.382,0.0,0,2026-07-01 09:00:00
CUST00371,钱睿泽,Male,31,深圳,广东,华南,一线,2025-08-11,Gold,Active,POS,ST004,Apparel,37,Medium,Low,Opted Out,Store Walk-in,974055c70413d8de67,b8aa39a5e0bacd2a11,f65dd8bcf3fda6a4fc,N,Y,N,N,2026-05-12,50,5,4835.1,967.02,Potential Loyalist,0.249,0.123,0.438,0.0,0,2026-07-01 09:00:00
CUST00372,邹宇航,Male,39,重庆,重庆,西南,新一线,2025-09-26,Gold,Growth,MiniProgram,ST010,Footwear,XS,Medium,Low,Not Joined,Brand Event,ea25a31a703c35ed6b,e4caee880ae056cd72,5939027596848b7d0e,N,Y,Y,N,2026-06-16,15,5,5084.83,1016.97,Loyal,0.194,0.053,0.46,0.2,0,2026-07-01 09:00:00
CUST00373,汤浩然,Female,30,苏州,江苏,华东,二线,2024-12-29,Gold,Growth,WeChat,ST011,Footwear,37,High,Medium,Not Joined,Xiaohongshu,d5f5ba2a0e009b11ae,aa1104122243406e29,d824ccc58dd0217ad6,Y,Y,N,N,2026-04-10,82,7,7504.09,1072.01,Loyal,0.234,0.431,0.565,0.143,0,2026-07-01 09:00:00
CUST00374,方子涵,Male,28,深圳,广东,华南,一线,2025-08-10,Silver,Active,WeChat,ST004,Accessories,36,Low,Medium,Opted Out,Store Walk-in,80be5dd8d0653778a0,20bcf049d33fb95878,99898368729e70813c,Y,N,N,Y,2026-05-17,45,5,3083.7,616.74,Potential Loyalist,0.272,0.123,0.389,0.2,1,2026-07-01 09:00:00
CUST00375,窦铭轩,Male,42,杭州,浙江,华东,新一线,2026-03-01,Gold,Active,WeChat,ST005,Footwear,36,High,Medium,Opted Out,Tmall,cbbad023adcb0e3bfe,61add7c26246fd8aca,5b54edcc00597ad880,Y,Y,Y,Y,2026-06-26,5,6,7982.35,1330.39,Loyal,0.12,0.026,0.58,0.0,0,2026-07-01 09:00:00
CUST00376,褚明远,Male,35,成都,四川,西南,新一线,2024-09-28,Silver,Dormant,WeChat,ST006,Apparel,42,Medium,High,Opted Out,Tmall,b8172ce42774d3eb9a,7c161d809629b92e8f,66efc5561b3f181f1a,Y,Y,Y,Y,2025-05-19,408,0,0.0,0.0,Hibernating,0.74,0.99,0.0,0.0,0,2026-07-01 09:00:00
CUST00377,曹子涵,Female,28,长沙,湖南,华中,二线,2026-04-12,Silver,New,Tmall,ST012,Footwear,L,Medium,High,In WeChat Group,Brand Event,6d375a9958ce071000,a6476a2c5052f70632,5e2f6ed8c418c3d37d,Y,N,Y,Y,2026-06-27,4,1,1088.95,1088.95,New/Low Frequency,0.158,0.021,0.222,1.0,0,2026-07-01 09:00:00
CUST00378,张子涵,Male,28,深圳,广东,华南,一线,2025-07-21,Silver,Dormant,POS,ST004,Footwear,40,High,Low,In WeChat Group,Tmall,3d19cc654e84e4a725,ad7ba10feb41fcaf32,283c2348e724655196,Y,Y,Y,Y,2025-11-09,234,4,2633.76,658.44,Hibernating,0.5,0.99,0.262,0.25,0,2026-07-01 09:00:00
CUST00379,曹雨桐,Male,50,重庆,重庆,西南,新一线,2026-05-20,Gold,Growth,WeChat,ST010,Accessories,XL,Low,High,Opted Out,Tmall,c9fa411646d2bc6457,c148551860961f1491,848db7218ea07ad8a3,Y,Y,Y,N,2026-06-02,29,6,3535.42,589.24,Potential Loyalist,0.158,0.08,0.441,0.0,0,2026-07-01 09:00:00
CUST00380,金睿泽,Male,33,北京,北京,华北,一线,2025-03-27,Silver,Dormant,WeChat,ST002,Footwear,S,Medium,Medium,Not Joined,Tmall,4c7a6d55ed634cb976,e9880bad865141c56c,b4921a33d5e45396f7,Y,Y,N,N,2025-09-21,283,1,323.95,323.95,Hibernating,0.602,0.99,0.077,1.0,0,2026-07-01 09:00:00
CUST00381,张可欣,Female,41,深圳,广东,华南,一线,2025-12-02,Gold,Growth,MiniProgram,ST004,Footwear,37,Low,Medium,In WeCom,Xiaohongshu,b4eb6600c2132f41ae,fd1c5f717d7614e0c7,2c2fc35637c6e43802,Y,Y,Y,Y,2026-05-05,57,4,3847.97,961.99,Potential Loyalist,0.219,0.3,0.374,0.25,0,2026-07-01 09:00:00
CUST00382,昌诗涵,Male,38,长沙,湖南,华中,二线,2025-08-24,Silver,Dormant,SMS,ST012,Accessories,36,Low,High,Opted Out,Douyin Ads,f8c6f1e3fe5cd73b97,4641cdee04a3748a58,724f07d17e1d79d940,Y,Y,Y,Y,2026-01-19,163,1,83.36,83.36,Hibernating,0.411,0.447,0.123,0.0,0,2026-07-01 09:00:00
CUST00383,任依琳,Female,29,南京,江苏,华东,新一线,2026-02-09,Diamond,VIP,POS,ST008,Footwear,39,High,Medium,Opted Out,WeChat Referral,9358f5d33df428654d,5596a5516e71efb529,3a46b8a66ec98fc889,Y,Y,Y,N,2026-05-29,33,16,18289.02,1143.06,Champions,0.212,0.173,0.986,0.0,1,2026-07-01 09:00:00
CUST00384,彭若曦,Male,33,深圳,广东,华南,一线,2025-11-18,Gold,Active,POS,ST004,Footwear,S,Medium,High,Opted Out,Tmall,1aa86026dc46f23dc2,cd31d4c875a420b2c9,ef17b671c999dfbbc0,Y,Y,N,N,2026-05-19,43,7,8500.76,1214.39,Champions,0.172,0.226,0.611,0.143,0,2026-07-01 09:00:00
CUST00385,薛浩然,Female,35,深圳,广东,华南,一线,2024-06-10,Silver,Active,Tmall,ST004,Beauty,40,Medium,Low,In WeCom,Tmall,ffe899c810c0ca5ab2,d1f5392623a3620f62,ccb592d840a1f2db32,N,Y,Y,Y,2026-05-07,55,3,2979.32,993.11,Potential Loyalist,0.273,0.264,0.318,0.0,0,2026-07-01 09:00:00
CUST00386,柏晨曦,Female,31,成都,四川,西南,新一线,2025-05-16,Diamond,VIP,MiniProgram,ST006,Apparel,40,Low,High,In WeCom,Douyin Ads,bbf016e7970273baec,41938bd2b10ec7d707,6cfe3ca20aebb2bb66,Y,N,Y,N,2026-06-15,16,11,12965.59,1178.69,Champions,0.185,0.059,0.848,0.091,1,2026-07-01 09:00:00
CUST00387,邹睿泽,Male,32,苏州,江苏,华东,二线,2026-01-18,Silver,Active,WeChat,ST011,Apparel,L,Medium,Low,Opted Out,WeChat Referral,47a80b1b119b52c976,0a1ca9eb4fb61d18cd,7b4709b548f8922c4e,N,Y,Y,Y,2026-05-05,57,2,2277.26,1138.63,Potential Loyalist,0.285,0.14,0.265,0.0,0,2026-07-01 09:00:00
CUST00388,云诗涵,Male,36,北京,北京,华北,一线,2026-02-22,Silver,Growth,WeChat,ST002,Footwear,M,Low,Low,In WeCom,Brand Event,4000f10c5b30f5632e,111a3d7f8b10811e59,2b5c40138be8c710b8,Y,Y,N,N,2026-05-14,48,3,1960.82,653.61,Potential Loyalist,0.212,0.252,0.292,0.333,0,2026-07-01 09:00:00
CUST00389,窦嘉豪,Female,51,上海,上海,华东,一线,2024-06-18,Silver,Active,MiniProgram,ST001,Apparel,M,Medium,High,In WeChat Group,Brand Event,ed892bc6224f8b0ec0,7ccc368be677c6e36d,2d8759b9383100d96d,Y,Y,N,Y,2026-05-05,57,3,3300.88,1100.29,Potential Loyalist,0.387,0.21,0.326,0.0,2,2026-07-01 09:00:00
CUST00390,郑浩然,Female,33,杭州,浙江,华东,新一线,2026-03-27,Silver,Active,WeChat,ST005,Accessories,M,Medium,High,Not Joined,WeChat Referral,ab882a8083807b8f07,519a192eeaa645ce4a,b171d1315705ef950f,N,Y,Y,N,2026-05-15,47,5,2215.33,443.07,Potential Loyalist,0.245,0.086,0.363,0.0,0,2026-07-01 09:00:00
CUST00391,雷浩然,Male,41,重庆,重庆,西南,新一线,2026-03-10,Platinum,Growth,POS,ST010,Apparel,41,High,High,In WeCom,Douyin Ads,75779e5dea847982a5,ad05331b769b3ec396,4aa9899408ab5f939d,Y,N,Y,Y,2026-04-10,82,8,9691.48,1211.44,Loyal,0.226,0.301,0.66,0.0,0,2026-07-01 09:00:00
CUST00392,柳可欣,Male,51,长沙,湖南,华中,二线,2026-04-28,Silver,New,WeChat,ST012,Apparel,XL,High,Low,In WeCom,Xiaohongshu,ebc5c80be0ba6b717a,e59c33cbc83e60cff9,6cec5744df59c76d97,Y,Y,Y,Y,2026-06-07,24,2,3235.5,1617.75,Potential Loyalist,0.182,0.088,0.307,0.0,0,2026-07-01 09:00:00
CUST00393,昌浩然,Female,48,成都,四川,西南,新一线,2024-06-17,Silver,Dormant,WeChat,ST006,Apparel,40,Low,Medium,In WeCom,Xiaohongshu,3f9258bb54c8b7e910,0445f719890b98d341,58d6b6551b68766cda,Y,Y,Y,Y,2025-05-29,398,0,0.0,0.0,Hibernating,0.74,0.99,0.0,0.0,0,2026-07-01 09:00:00
CUST00394,姜若曦,Female,18,深圳,广东,华南,一线,2026-05-14,Silver,New,POS,ST004,Apparel,38,Medium,Medium,Opted Out,Tmall,d098a535be20f7cd13,2c2b7df0f57eb68093,6d4545e196eb961d13,Y,Y,Y,N,2026-06-26,5,1,0.0,0.0,New/Low Frequency,0.16,0.018,0.19,1.0,0,2026-07-01 09:00:00
CUST00395,邹睿泽,Female,44,广州,广东,华南,一线,2025-04-29,Silver,At_Risk,WeChat,ST003,Beauty,36,Medium,Medium,Opted Out,Brand Event,1071358945b6f3f35e,0b52afaebaae746e71,ad546232401b3f7054,Y,Y,Y,Y,2026-04-21,71,1,299.29,299.29,New/Low Frequency,0.265,0.512,0.17,0.0,0,2026-07-01 09:00:00
CUST00396,潘一诺,Male,46,北京,北京,华北,一线,2024-06-19,Gold,Active,WeChat,ST002,Footwear,38,Low,Low,Opted Out,Xiaohongshu,5aaf21e5366260277e,f3b49a084920a83346,fca8605edc5d348a9f,Y,Y,Y,N,2026-06-17,14,5,4890.7,978.14,Potential Loyalist,0.142,0.074,0.455,0.0,0,2026-07-01 09:00:00
CUST00397,尤欣怡,Male,40,广州,广东,华南,一线,2025-03-30,Silver,Dormant,MiniProgram,ST003,Footwear,37,Medium,Low,In WeCom,Tmall,10bb275a3bd6c91a2c,75c2bfbf22bbbe9e2e,06cef3eb329980c855,Y,Y,Y,N,2025-09-29,275,2,1601.95,800.98,Hibernating,0.581,0.99,0.15,0.0,0,2026-07-01 09:00:00
CUST00398,谢晨曦,Female,57,深圳,广东,华南,一线,2026-04-14,Silver,New,WeChat,ST004,Apparel,XS,High,Medium,Not Joined,Douyin Ads,8d38f1cec13373458e,514cd0dcc25ad66218,2b85798b1b1cb6d918,Y,N,Y,N,2026-06-26,5,1,864.11,864.11,New/Low Frequency,0.16,0.018,0.215,0.0,0,2026-07-01 09:00:00
CUST00399,柏梓轩,Male,38,上海,上海,华东,一线,2026-05-13,Silver,New,MiniProgram,ST001,Accessories,36,Low,High,Not Joined,Brand Event,a2e8e6924b231411e9,1aad63b98918bb0065,a1f1f13cbb4c845aa1,Y,N,Y,Y,2026-06-11,20,2,950.02,475.01,Potential Loyalist,0.176,0.055,0.243,0.0,0,2026-07-01 09:00:00
CUST00400,鲁嘉豪,Male,39,苏州,江苏,华东,二线,2025-03-17,Platinum,Growth,WeChat,ST011,Footwear,42,Medium,Medium,In WeChat Group,WeChat Referral,c9ad000f7982f5b990,73b9173cf995c150b9,8bfe5861583ae97d85,Y,Y,Y,N,2026-05-25,37,8,10004.27,1250.53,Champions,0.155,0.195,0.689,0.0,0,2026-07-01 09:00:00
CUST00401,张梓轩,Female,28,武汉,湖北,华中,新一线,2024-12-13,Silver,Dormant,WeChat,ST007,Beauty,XS,Low,Medium,In WeChat Group,Store Walk-in,3f25991d9678e1e159,7500fd11cef671c3a6,c357c65861ea7ae5f3,Y,N,N,Y,2025-05-21,406,0,0.0,0.0,Hibernating,0.74,0.99,0.0,0.25,0,2026-07-01 09:00:00
CUST00402,华佳琪,Female,18,杭州,浙江,华东,新一线,2024-07-28,Silver,Dormant,WeChat,ST005,Apparel,XS,Medium,Low,Opted Out,Store Walk-in,74c2542432d41a5cd6,f7ce44cfd41ba09191,4866e61724fdadacba,N,Y,Y,Y,2025-05-15,412,0,0.0,0.0,Hibernating,0.79,0.99,0.0,0.0,0,2026-07-01 09:00:00
CUST00403,周依琳,Male,29,苏州,江苏,华东,二线,2025-09-25,Gold,VIP,Tmall,ST011,Accessories,38,High,Medium,Opted Out,WeChat Referral,d087589c5466df8682,3392918ee43085cb73,ee02847893c46fa984,Y,N,Y,N,2026-06-28,3,12,4469.02,372.42,Potential Loyalist,0.085,0.008,0.608,0.0,0,2026-07-01 09:00:00
CUST00404,薛雨桐,Male,33,南京,江苏,华东,新一线,2026-06-03,Silver,New,WeChat,ST008,Apparel,37,Medium,Medium,Opted Out,WeChat Referral,739496b69de1758495,dcb0e5bd5142c4e7c1,f57d5e7265ebe92622,Y,N,Y,N,2026-06-25,6,1,431.04,431.04,New/Low Frequency,0.162,0.022,0.202,0.0,0,2026-07-01 09:00:00
CUST00405,魏晨曦,Female,24,广州,广东,华南,一线,2025-09-13,Gold,Active,WeChat,ST003,Beauty,42,Medium,Low,Opted Out,Xiaohongshu,66540a44b15adef607,621313070e3b2c9f26,b378aada2f059f47b6,Y,Y,Y,N,2026-05-22,40,6,3789.05,631.51,Potential Loyalist,0.176,0.288,0.444,0.0,0,2026-07-01 09:00:00
CUST00406,沈浩然,Male,28,深圳,广东,华南,一线,2026-05-20,Silver,Active,Tmall,ST004,Beauty,L,Low,Medium,In WeChat Group,Xiaohongshu,aafc2816ad63c42465,1bad76057d5b2bc9db,aaac5cd9b8ec275011,Y,Y,N,N,2026-06-29,2,5,3135.39,627.08,Potential Loyalist,0.123,0.014,0.41,0.0,0,2026-07-01 09:00:00
CUST00407,邹宇航,Male,22,北京,北京,华北,一线,2025-10-12,Silver,Dormant,Tmall,ST002,Apparel,L,High,High,In WeChat Group,Douyin Ads,89b2202d30b59f5d59,bd95f3e4e5580a83b5,fe135dc13817ff1c62,Y,N,Y,N,2025-12-04,209,2,1742.54,871.27,Hibernating,0.476,0.768,0.183,0.0,0,2026-07-01 09:00:00
CUST00408,柏睿泽,Male,34,北京,北京,华北,一线,2024-11-11,Silver,At_Risk,POS,ST002,Footwear,41,High,Medium,Not Joined,WeChat Referral,d72e9217737c325747,2494efd694d9e061e9,5bca79aeb315f1a8ca,Y,N,Y,Y,2026-04-23,69,2,2497.15,1248.58,Potential Loyalist,0.334,0.363,0.266,0.0,1,2026-07-01 09:00:00
CUST00409,葛明远,Male,54,深圳,广东,华南,一线,2026-05-21,Silver,New,WeChat,ST004,Beauty,40,Low,Medium,Not Joined,Brand Event,f4bfd1f20cbc23c718,9c12815707b6d8dd3e,0735fa186cc6f450a7,Y,Y,Y,Y,2026-06-23,8,2,2225.92,1112.96,Potential Loyalist,0.157,0.058,0.285,0.0,0,2026-07-01 09:00:00
CUST00410,薛浩然,Female,40,成都,四川,西南,新一线,2026-04-19,Gold,New,Tmall,ST006,Apparel,S,Medium,Medium,Opted Out,WeChat Referral,584c253ce1afa721e0,938903efde83136a4d,2604a9af3ba35afb44,Y,Y,Y,N,2026-06-13,18,2,3754.87,1877.44,Potential Loyalist,0.173,0.066,0.325,0.0,0,2026-07-01 09:00:00
CUST00411,奚晨曦,Male,44,长沙,湖南,华中,二线,2026-04-12,Silver,New,MiniProgram,ST012,Footwear,41,High,Medium,In WeChat Group,WeChat Referral,dbaf67b09a36627f9f,651dce1b04bd8666d4,168a470d9e2e123cdd,Y,Y,Y,N,2026-06-03,28,2,1441.61,720.81,Potential Loyalist,0.188,0.147,0.253,0.0,0,2026-07-01 09:00:00
CUST00412,葛雨桐,Male,18,深圳,广东,华南,一线,2025-06-01,Silver,Dormant,WeChat,ST004,Accessories,38,Medium,High,Opted Out,Xiaohongshu,79d8844ba2d400c9a9,f5877a1a7a45569837,37f4655c226beee01e,Y,Y,Y,Y,2025-07-06,360,1,1011.7,1011.7,Hibernating,0.724,0.988,0.063,0.5,0,2026-07-01 09:00:00
CUST00413,曹依琳,Male,39,广州,广东,华南,一线,2024-03-19,Silver,Active,MiniProgram,ST003,Apparel,41,High,High,In WeChat Group,Xiaohongshu,2cfd8e75e344047fde,1526695253620a34ec,8a5197a87db2f6907a,Y,N,Y,N,2026-05-26,36,2,1493.53,746.77,Potential Loyalist,0.201,0.132,0.251,0.0,0,2026-07-01 09:00:00
CUST00414,张晨曦,Female,40,武汉,湖北,华中,新一线,2025-12-12,Silver,Growth,WeChat,ST007,Accessories,37,High,Medium,Not Joined,Xiaohongshu,3464c22114a1373cb5,c07094037ce0dbfa79,ae92743b7844158ec1,Y,Y,Y,N,2026-04-30,62,5,3432.76,686.55,Potential Loyalist,0.219,0.17,0.392,0.6,0,2026-07-01 09:00:00
CUST00415,钱宇航,Female,25,重庆,重庆,西南,新一线,2026-05-09,Gold,Active,Tmall,ST010,Footwear,42,Low,Medium,In WeChat Group,Douyin Ads,303e9a5f9e71f532c3,1ac9631eca102e1d58,7fbef6b9b5faeb6ca9,Y,Y,Y,N,2026-06-18,13,6,8117.19,1352.87,Champions,0.133,0.068,0.581,0.0,0,2026-07-01 09:00:00
CUST00416,柳一诺,Female,18,深圳,广东,华南,一线,2025-11-11,Gold,Active,MiniProgram,ST004,Apparel,41,Low,Low,In WeChat Group,Store Walk-in,fba290899333fe606a,9bc56577ab34f5a4a9,f4930cb87272a9da8c,Y,Y,N,N,2026-06-07,24,6,3881.41,646.9,Potential Loyalist,0.15,0.088,0.454,0.167,0,2026-07-01 09:00:00
CUST00417,葛欣怡,Unknown,38,杭州,浙江,华东,新一线,2026-03-31,Gold,Service_Recovery,MiniProgram,ST005,Apparel,38,Low,Low,In WeCom,Tmall,63fa889a042aa02de9,eb228f4fd76c13c994,49984bcbeaf93a93c7,Y,Y,Y,N,2026-04-26,66,4,4989.87,1247.47,Potential Loyalist,0.313,0.243,0.403,0.0,1,2026-07-01 09:00:00
CUST00418,郑思源,Female,37,重庆,重庆,西南,新一线,2025-10-08,Silver,At_Risk,MiniProgram,ST010,Apparel,36,Low,Medium,In WeChat Group,Tmall,71820d3d84f33bcfc2,10e19d8fb272483837,4e1740711281b5ae0a,Y,Y,Y,N,2026-03-03,120,5,1847.04,369.41,Potential Loyalist,0.311,0.441,0.321,0.4,0,2026-07-01 09:00:00
CUST00419,倪铭轩,Male,28,上海,上海,华东,一线,2025-04-21,Gold,Active,POS,ST001,Accessories,38,Medium,Low,In WeCom,Store Walk-in,ebfab48321f1e1a1b8,9d9120cce9f4346a21,22129d0ae05e42480c,Y,N,Y,Y,2026-06-08,23,6,4195.9,699.32,Potential Loyalist,0.149,0.063,0.463,0.0,0,2026-07-01 09:00:00
CUST00420,章欣怡,Female,31,成都,四川,西南,新一线,2026-04-26,Gold,Active,POS,ST006,Beauty,36,Low,Low,Not Joined,Tmall,2f1a8760a41a359a10,3f2a0a4bd3b1097c2c,4c31d1cf07d3acbbac,Y,N,Y,Y,2026-06-17,14,3,5472.91,1824.3,Loyal,0.158,0.101,0.408,0.0,0,2026-07-01 09:00:00
