transaction_id,customer_id,transaction_date,channel,store_id,total_amount,discount_amount,payment_method,order_status,campaign_id
TXN000001,CUST00001,2026-03-21,POS,ST003,2377.4,100.54,StoreValueCard,Completed,
TXN000002,CUST00001,2026-03-30,Tmall,ST009,592.42,104.55,Alipay,Completed,
TXN000003,CUST00001,2026-05-24,MiniProgram,ST012,56.06,6.23,WeChatPay,Completed,
TXN000004,CUST00002,2025-07-29,MiniProgram,ST008,547.04,0.0,Alipay,Completed,
TXN000005,CUST00003,2025-04-05,MiniProgram,ST003,2694.04,0.0,Alipay,Completed,
TXN000006,CUST00003,2026-06-06,POS,ST005,1760.01,0.0,WeChatPay,Completed,CMP002
TXN000007,CUST00004,2026-06-15,POS,ST004,1220.57,151.76,StoreValueCard,Completed,
TXN000008,CUST00005,2026-06-28,WeChatStore,ST008,76.76,4.04,StoreValueCard,Completed,
TXN000009,CUST00006,2025-11-01,WeChatStore,ST004,161.14,12.0,StoreValueCard,Completed,
TXN000010,CUST00006,2026-06-13,Douyin,ST008,93.12,0.0,WeChatPay,Completed,
TXN000011,CUST00007,2024-06-21,App,ST003,80.8,0.0,Cash,Completed,
TXN000012,CUST00007,2024-12-28,WeChatStore,ST001,852.61,94.73,WeChatPay,Completed,CMP006
TXN000013,CUST00007,2025-01-16,WeChatStore,ST004,995.65,0.0,Cash,Completed,
TXN000014,CUST00007,2025-01-22,MiniProgram,ST002,472.11,0.0,WeChatPay,Completed,
TXN000015,CUST00007,2025-03-28,MiniProgram,ST002,1311.52,83.5,Cash,Completed,CMP001
TXN000016,CUST00007,2025-06-02,Douyin,ST009,703.02,0.0,WeChatPay,Completed,
TXN000017,CUST00007,2025-08-02,POS,ST011,898.14,0.0,WeChatPay,Completed,
TXN000018,CUST00007,2025-08-04,App,ST003,1361.03,121.19,Cash,Completed,
TXN000019,CUST00007,2025-08-08,MiniProgram,ST010,803.0,141.71,Alipay,Completed,
TXN000020,CUST00007,2025-08-23,POS,ST011,261.31,35.63,StoreValueCard,Completed,
TXN000021,CUST00007,2025-09-19,Tmall,ST001,720.36,0.0,Alipay,Completed,
TXN000022,CUST00007,2025-10-31,MiniProgram,ST012,1053.39,0.0,StoreValueCard,Completed,CMP004
TXN000023,CUST00007,2026-02-25,Douyin,ST002,1716.4,17.58,Cash,Completed,
TXN000024,CUST00007,2026-02-28,Tmall,ST006,296.94,0.0,CreditCard,Completed,
TXN000025,CUST00007,2026-05-14,WeChatStore,ST002,70.71,9.64,Alipay,Completed,
TXN000026,CUST00008,2026-03-25,Tmall,ST011,1537.14,0.0,StoreValueCard,Completed,
TXN000027,CUST00008,2026-03-26,MiniProgram,ST006,434.66,22.88,Alipay,Completed,
TXN000028,CUST00008,2026-04-15,MiniProgram,ST011,62.29,0.0,Cash,Completed,
TXN000029,CUST00008,2026-04-16,POS,ST007,544.59,10.0,WeChatPay,Completed,
TXN000030,CUST00008,2026-05-03,Tmall,ST008,1176.67,68.52,Alipay,Completed,
TXN000031,CUST00008,2026-05-08,Tmall,ST011,461.81,11.17,WeChatPay,Completed,
TXN000032,CUST00008,2026-05-13,Douyin,ST006,62.29,0.0,Alipay,Completed,
TXN000033,CUST00009,2026-01-27,MiniProgram,ST011,355.31,0.0,CreditCard,Completed,
TXN000034,CUST00009,2026-03-01,Tmall,ST004,1188.17,0.0,CreditCard,Completed,
TXN000035,CUST00010,2025-10-08,App,ST001,1297.54,69.7,WeChatPay,Completed,
TXN000036,CUST00010,2026-06-28,WeChatStore,ST012,2599.77,54.58,WeChatPay,Completed,
TXN000037,CUST00011,2025-12-20,MiniProgram,ST003,1221.78,23.34,WeChatPay,Completed,
TXN000038,CUST00011,2026-02-15,WeChatStore,ST001,1712.33,171.9,CreditCard,Completed,
TXN000039,CUST00011,2026-02-17,MiniProgram,ST010,556.75,0.0,CreditCard,Completed,
TXN000040,CUST00011,2026-03-11,MiniProgram,ST007,1995.18,0.0,WeChatPay,Returned,
TXN000041,CUST00011,2026-04-23,Tmall,ST007,986.04,0.0,Alipay,Completed,
TXN000042,CUST00011,2026-05-08,Douyin,ST004,916.91,0.0,WeChatPay,Completed,CMP006
TXN000043,CUST00012,2026-04-20,Douyin,ST001,3979.0,247.87,Cash,Completed,
TXN000044,CUST00012,2026-04-23,POS,ST006,360.62,0.0,WeChatPay,Completed,
TXN000045,CUST00012,2026-04-23,WeChatStore,ST001,198.41,35.01,StoreValueCard,Completed,
TXN000046,CUST00012,2026-04-27,App,ST007,501.44,0.0,StoreValueCard,Completed,
TXN000047,CUST00012,2026-05-12,Douyin,ST010,299.29,0.0,WeChatPay,Completed,
TXN000048,CUST00012,2026-05-17,MiniProgram,ST012,359.94,0.0,StoreValueCard,Completed,
TXN000049,CUST00013,2026-06-13,App,ST002,852.61,94.73,CreditCard,Completed,CMP001
TXN000050,CUST00013,2026-06-17,MiniProgram,ST001,843.56,73.35,Cash,Completed,
TXN000051,CUST00014,2026-03-08,POS,ST006,152.67,8.04,WeChatPay,Completed,
TXN000052,CUST00014,2026-03-12,Tmall,ST012,478.31,53.15,Cash,Completed,CMP005
TXN000053,CUST00014,2026-03-20,App,ST009,637.98,10.64,Cash,Completed,CMP003
TXN000054,CUST00014,2026-03-21,POS,ST006,531.45,0.0,WeChatPay,Completed,
TXN000055,CUST00014,2026-03-22,App,ST008,93.12,0.0,CreditCard,Completed,
TXN000056,CUST00014,2026-03-23,POS,ST006,189.22,0.0,StoreValueCard,Completed,
TXN000057,CUST00014,2026-03-25,Douyin,ST002,372.96,4.0,WeChatPay,Completed,
TXN000058,CUST00014,2026-04-08,MiniProgram,ST010,75.23,0.0,StoreValueCard,Completed,
TXN000059,CUST00015,2026-06-14,Tmall,ST010,1976.96,0.0,StoreValueCard,Completed,
TXN000060,CUST00015,2026-06-14,Tmall,ST011,1011.51,0.0,Alipay,Completed,
TXN000061,CUST00016,2025-03-31,Douyin,ST003,630.4,9.6,WeChatPay,Completed,
TXN000062,CUST00016,2025-05-05,MiniProgram,ST007,1030.49,0.0,Alipay,Completed,CMP005
TXN000063,CUST00016,2026-04-13,POS,ST001,463.22,0.0,Alipay,Completed,
TXN000064,CUST00017,2025-02-18,Douyin,ST004,746.29,4.73,Alipay,Completed,
TXN000065,CUST00017,2025-07-20,App,ST006,83.36,0.0,Cash,Completed,
TXN000066,CUST00017,2026-01-06,MiniProgram,ST007,1045.6,107.2,CreditCard,Completed,
TXN000067,CUST00017,2026-05-03,Tmall,ST011,805.27,109.81,StoreValueCard,Completed,CMP005
TXN000068,CUST00017,2026-05-11,Tmall,ST011,471.23,0.0,StoreValueCard,Completed,
TXN000069,CUST00018,2024-03-20,App,ST004,137.36,24.24,StoreValueCard,Completed,
TXN000070,CUST00018,2025-02-28,Tmall,ST002,83.81,9.31,CreditCard,Completed,
TXN000071,CUST00018,2025-03-07,WeChatStore,ST002,396.54,44.06,Alipay,PartiallyReturned,
TXN000072,CUST00018,2025-08-19,POS,ST003,140.84,19.2,Cash,Completed,
TXN000073,CUST00019,2026-04-10,POS,ST006,1513.16,189.18,Alipay,Completed,CMP003
TXN000074,CUST00019,2026-04-14,POS,ST006,664.4,90.6,StoreValueCard,Completed,
TXN000075,CUST00019,2026-04-24,WeChatStore,ST005,1028.77,89.46,WeChatPay,Completed,
TXN000076,CUST00019,2026-06-09,POS,ST006,468.45,49.8,WeChatPay,Completed,
TXN000077,CUST00020,2026-04-19,App,ST004,1125.62,72.44,Alipay,Completed,
TXN000078,CUST00020,2026-04-23,MiniProgram,ST012,1980.49,0.0,WeChatPay,Completed,
TXN000079,CUST00020,2026-04-28,MiniProgram,ST006,3162.4,53.6,CreditCard,Completed,
TXN000080,CUST00020,2026-06-09,App,ST009,1159.14,148.82,WeChatPay,Completed,
TXN000081,CUST00020,2026-06-11,Douyin,ST002,2499.31,0.0,Alipay,Completed,
TXN000082,CUST00020,2026-06-20,WeChatStore,ST006,1948.14,149.09,Alipay,Completed,
TXN000083,CUST00021,2025-05-01,WeChatStore,ST012,1156.38,181.47,WeChatPay,Completed,
TXN000084,CUST00021,2025-06-22,Tmall,ST010,1171.54,0.0,StoreValueCard,Completed,
TXN000085,CUST00021,2025-06-26,Tmall,ST007,1619.04,26.35,Alipay,Completed,
TXN000086,CUST00021,2025-07-23,WeChatStore,ST007,1011.51,0.0,CreditCard,Completed,
TXN000087,CUST00021,2025-08-31,Douyin,ST010,947.34,0.0,Alipay,Completed,
TXN000088,CUST00021,2025-10-15,Tmall,ST012,275.35,23.94,WeChatPay,Completed,
TXN000089,CUST00021,2025-10-20,WeChatStore,ST008,250.36,13.18,StoreValueCard,Completed,
TXN000090,CUST00021,2025-12-02,WeChatStore,ST007,1912.52,135.51,WeChatPay,Completed,
TXN000091,CUST00021,2025-12-28,WeChatStore,ST004,1171.54,0.0,Cash,Returned,
TXN000092,CUST00021,2026-02-08,WeChatStore,ST011,947.34,0.0,StoreValueCard,Completed,
TXN000093,CUST00021,2026-03-14,MiniProgram,ST012,697.51,0.0,Cash,Completed,
TXN000094,CUST00021,2026-03-22,WeChatStore,ST005,4107.13,0.0,WeChatPay,Completed,
TXN000095,CUST00021,2026-04-08,Douyin,ST007,341.94,18.0,CreditCard,Completed,
TXN000096,CUST00021,2026-05-14,POS,ST009,2712.0,195.06,Cash,Completed,
TXN000097,CUST00022,2025-05-25,Tmall,ST004,1207.92,94.73,StoreValueCard,Completed,CMP004
TXN000098,CUST00022,2026-05-29,MiniProgram,ST009,305.95,53.99,CreditCard,Completed,
TXN000099,CUST00023,2026-06-10,MiniProgram,ST011,685.21,0.0,Cash,Completed,
TXN000100,CUST00023,2026-06-19,App,ST003,951.43,76.84,Alipay,Completed,
TXN000101,CUST00024,2026-04-11,MiniProgram,ST004,531.98,28.0,StoreValueCard,Completed,
TXN000102,CUST00024,2026-06-11,POS,ST002,79.19,4.17,Alipay,PartiallyReturned,CMP006
TXN000103,CUST00024,2026-06-23,WeChatStore,ST002,864.11,0.0,Alipay,Completed,
TXN000104,CUST00025,2026-01-07,WeChatStore,ST008,559.98,0.0,WeChatPay,PartiallyReturned,
TXN000105,CUST00025,2026-01-18,App,ST001,466.09,0.0,CreditCard,Completed,
TXN000106,CUST00025,2026-05-29,App,ST006,617.07,28.09,StoreValueCard,Completed,
TXN000107,CUST00026,2026-04-01,MiniProgram,ST003,93.12,0.0,Alipay,PartiallyReturned,
TXN000108,CUST00026,2026-04-09,Tmall,ST009,776.7,4.17,CreditCard,Completed,
TXN000109,CUST00026,2026-04-16,Tmall,ST001,930.59,80.92,WeChatPay,Completed,
TXN000110,CUST00026,2026-05-11,POS,ST002,84.21,4.43,StoreValueCard,Returned,
TXN000111,CUST00026,2026-05-23,MiniProgram,ST007,1113.7,47.24,StoreValueCard,Completed,CMP004
TXN000112,CUST00026,2026-06-13,App,ST006,974.88,132.94,WeChatPay,Completed,
TXN000113,CUST00027,2025-07-25,App,ST008,682.27,0.0,WeChatPay,Completed,CMP002
TXN000114,CUST00027,2025-07-27,App,ST006,670.27,0.0,CreditCard,Completed,
TXN000115,CUST00028,2026-03-03,POS,ST006,62.29,0.0,Alipay,Completed,
TXN000116,CUST00028,2026-03-18,Tmall,ST003,331.77,28.85,WeChatPay,Completed,
TXN000117,CUST00028,2026-03-19,WeChatStore,ST007,833.66,113.68,WeChatPay,Completed,CMP001
TXN000118,CUST00028,2026-03-24,Tmall,ST010,593.36,0.0,WeChatPay,Completed,
TXN000119,CUST00028,2026-04-01,POS,ST006,685.21,0.0,StoreValueCard,Completed,
TXN000120,CUST00028,2026-04-02,App,ST010,2206.64,0.0,Cash,PartiallyReturned,
TXN000121,CUST00028,2026-04-07,Tmall,ST011,2995.36,0.0,StoreValueCard,Completed,CMP006
TXN000122,CUST00028,2026-04-08,App,ST009,305.95,53.99,WeChatPay,Completed,
TXN000123,CUST00029,2025-06-29,Tmall,ST012,516.08,0.0,StoreValueCard,Completed,
TXN000124,CUST00029,2025-08-14,Douyin,ST001,1171.54,0.0,Alipay,PartiallyReturned,
TXN000125,CUST00029,2025-09-09,App,ST002,2023.02,0.0,CreditCard,Completed,
TXN000126,CUST00030,2026-05-16,Douyin,ST004,1264.95,0.0,WeChatPay,Completed,
TXN000127,CUST00030,2026-05-21,Douyin,ST010,1596.54,99.6,WeChatPay,Completed,
TXN000128,CUST00030,2026-05-22,MiniProgram,ST004,1107.82,0.0,WeChatPay,Completed,
TXN000129,CUST00030,2026-05-24,App,ST005,815.06,42.89,Cash,Completed,
TXN000130,CUST00030,2026-05-29,Tmall,ST008,921.17,61.06,StoreValueCard,Completed,
TXN000131,CUST00030,2026-06-02,POS,ST010,501.08,55.68,Alipay,Completed,
TXN000132,CUST00030,2026-06-02,MiniProgram,ST010,1830.05,0.0,Cash,Completed,
TXN000133,CUST00031,2025-12-11,Douyin,ST001,1005.02,99.6,Cash,Completed,
TXN000134,CUST00031,2025-12-30,MiniProgram,ST003,1360.05,129.66,StoreValueCard,Completed,CMP002
TXN000135,CUST00031,2026-02-04,POS,ST003,334.06,0.0,CreditCard,Completed,
TXN000136,CUST00031,2026-02-08,Tmall,ST003,369.05,0.0,StoreValueCard,Completed,
TXN000137,CUST00031,2026-03-08,Douyin,ST008,1030.56,72.23,Cash,Completed,
TXN000138,CUST00031,2026-03-09,Tmall,ST007,871.36,75.77,StoreValueCard,Completed,CMP006
TXN000139,CUST00031,2026-03-19,Tmall,ST008,1030.08,0.0,StoreValueCard,Completed,
TXN000140,CUST00031,2026-04-18,POS,ST003,531.45,0.0,WeChatPay,Completed,
TXN000141,CUST00032,2025-05-28,App,ST002,466.09,0.0,Cash,Completed,
TXN000142,CUST00032,2025-09-07,Douyin,ST009,1260.92,137.54,Alipay,Completed,CMP001
TXN000143,CUST00032,2025-09-30,POS,ST006,420.94,36.6,Cash,Completed,
TXN000144,CUST00032,2025-11-03,MiniProgram,ST005,546.37,47.51,StoreValueCard,Completed,
TXN000145,CUST00032,2025-12-24,Douyin,ST003,80.35,0.0,Alipay,Completed,
TXN000146,CUST00032,2026-05-18,MiniProgram,ST005,315.41,16.6,StoreValueCard,Completed,CMP001
TXN000147,CUST00033,2026-05-24,Douyin,ST006,904.52,52.39,Alipay,Completed,
TXN000148,CUST00033,2026-06-01,MiniProgram,ST012,474.79,41.29,Alipay,PartiallyReturned,
TXN000149,CUST00033,2026-06-02,WeChatStore,ST004,293.97,40.09,Alipay,Completed,
TXN000150,CUST00034,2026-01-03,WeChatStore,ST003,895.9,0.0,Alipay,Completed,
TXN000151,CUST00035,2025-07-20,POS,ST004,284.33,14.96,CreditCard,Completed,
TXN000152,CUST00035,2025-07-25,MiniProgram,ST003,1248.92,0.0,WeChatPay,Completed,
TXN000153,CUST00035,2025-09-06,App,ST008,1206.28,88.57,StoreValueCard,PartiallyReturned,CMP006
TXN000154,CUST00035,2025-12-07,App,ST012,621.24,0.0,Cash,Completed,
TXN000155,CUST00036,2026-06-12,WeChatStore,ST008,1704.7,67.62,CreditCard,Completed,
TXN000156,CUST00037,2025-09-29,MiniProgram,ST001,1052.43,55.39,WeChatPay,Completed,
TXN000157,CUST00037,2026-03-05,MiniProgram,ST012,547.04,0.0,CreditCard,Completed,CMP003
TXN000158,CUST00037,2026-05-29,Tmall,ST003,1760.06,92.56,StoreValueCard,Completed,
TXN000159,CUST00038,2026-06-20,Douyin,ST005,986.04,0.0,Alipay,Completed,
TXN000160,CUST00039,2025-05-11,MiniProgram,ST004,598.58,0.0,WeChatPay,Completed,
TXN000161,CUST00039,2025-05-25,MiniProgram,ST006,2629.2,0.0,WeChatPay,Completed,CMP002
TXN000162,CUST00039,2026-01-08,WeChatStore,ST003,330.74,0.0,WeChatPay,Completed,
TXN000163,CUST00039,2026-01-14,MiniProgram,ST002,1062.9,0.0,StoreValueCard,Completed,
TXN000164,CUST00039,2026-02-06,Tmall,ST008,389.72,43.3,Cash,Completed,
TXN000165,CUST00039,2026-02-28,MiniProgram,ST008,947.13,0.0,Alipay,Completed,
TXN000166,CUST00039,2026-05-20,App,ST011,944.7,0.0,CreditCard,Completed,
TXN000167,CUST00040,2026-02-24,WeChatStore,ST002,947.13,0.0,WeChatPay,Completed,
TXN000168,CUST00040,2026-03-22,Tmall,ST012,613.33,83.64,StoreValueCard,Completed,CMP006
TXN000169,CUST00040,2026-05-07,Douyin,ST003,503.28,43.76,Alipay,Completed,
TXN000170,CUST00041,2025-10-08,App,ST002,379.86,0.0,Cash,Completed,
TXN000171,CUST00041,2025-12-27,Tmall,ST007,678.16,20.01,CreditCard,Completed,
TXN000172,CUST00041,2026-02-11,MiniProgram,ST007,94.61,0.0,WeChatPay,Completed,
TXN000173,CUST00041,2026-04-26,WeChatStore,ST002,75.23,0.0,Cash,Completed,
TXN000174,CUST00041,2026-05-03,Tmall,ST002,503.98,56.0,Cash,Completed,CMP004
TXN000175,CUST00041,2026-05-14,POS,ST012,1049.18,0.0,CreditCard,Completed,
TXN000176,CUST00042,2025-12-17,MiniProgram,ST001,871.06,45.85,Alipay,Completed,
TXN000177,CUST00042,2025-12-21,Tmall,ST008,547.04,0.0,CreditCard,Completed,
TXN000178,CUST00042,2026-01-18,Douyin,ST005,1088.95,0.0,CreditCard,Completed,
TXN000179,CUST00042,2026-02-23,Douyin,ST012,1763.55,0.0,Alipay,Completed,
TXN000180,CUST00042,2026-04-13,Douyin,ST004,1335.09,28.12,Cash,Completed,
TXN000181,CUST00043,2025-07-01,Tmall,ST008,1784.98,75.08,CreditCard,Completed,CMP006
TXN000182,CUST00043,2025-08-08,MiniProgram,ST007,350.6,18.45,Alipay,Completed,
TXN000183,CUST00043,2025-08-31,Tmall,ST007,1151.58,54.58,StoreValueCard,Completed,
TXN000184,CUST00043,2025-11-21,MiniProgram,ST006,339.53,29.52,Cash,Completed,CMP001
TXN000185,CUST00043,2026-02-18,MiniProgram,ST003,299.29,0.0,Cash,Completed,
TXN000186,CUST00043,2026-05-28,MiniProgram,ST010,621.24,0.0,WeChatPay,Completed,CMP001
TXN000187,CUST00044,2026-06-05,WeChatStore,ST004,1062.9,0.0,CreditCard,Completed,
TXN000188,CUST00045,2026-03-12,App,ST004,986.04,0.0,WeChatPay,Completed,
TXN000189,CUST00045,2026-03-13,Douyin,ST003,702.68,68.23,Cash,Completed,
TXN000190,CUST00045,2026-03-14,App,ST007,947.13,0.0,Alipay,Completed,
TXN000191,CUST00045,2026-03-24,Douyin,ST004,895.9,0.0,CreditCard,Completed,
TXN000192,CUST00046,2024-07-08,POS,ST007,440.6,0.0,Alipay,Completed,
TXN000193,CUST00046,2024-09-18,POS,ST007,2935.0,179.83,CreditCard,Completed,
TXN000194,CUST00046,2025-06-11,POS,ST007,360.62,0.0,WeChatPay,PartiallyReturned,
TXN000195,CUST00046,2025-06-13,POS,ST007,360.62,0.0,StoreValueCard,Completed,CMP001
TXN000196,CUST00047,2026-06-11,Tmall,ST002,1061.23,138.25,Alipay,Completed,
TXN000197,CUST00047,2026-06-11,App,ST009,950.14,0.0,WeChatPay,Completed,
TXN000198,CUST00048,2025-08-17,MiniProgram,ST005,470.7,0.0,CreditCard,Completed,
TXN000199,CUST00049,2026-05-31,WeChatStore,ST011,284.33,14.96,CreditCard,Completed,
TXN000200,CUST00050,2025-06-30,MiniProgram,ST009,1072.0,0.0,CreditCard,Completed,
TXN000201,CUST00050,2025-09-29,WeChatStore,ST007,667.87,35.15,Cash,Completed,
TXN000202,CUST00050,2025-10-03,Douyin,ST006,261.31,35.63,WeChatPay,Returned,
TXN000203,CUST00050,2025-10-19,WeChatStore,ST010,627.76,69.75,StoreValueCard,Completed,
TXN000204,CUST00050,2025-11-06,WeChatStore,ST012,911.2,160.8,CreditCard,Completed,
TXN000205,CUST00050,2026-04-22,Tmall,ST011,1114.14,160.91,WeChatPay,Completed,
TXN000206,CUST00050,2026-05-12,POS,ST001,861.35,26.35,Alipay,Completed,
TXN000207,CUST00051,2026-06-06,Douyin,ST001,1171.54,0.0,Alipay,Completed,
TXN000208,CUST00052,2026-05-06,MiniProgram,ST006,1553.91,136.1,WeChatPay,Completed,
TXN000209,CUST00052,2026-05-06,Douyin,ST011,448.02,79.06,CreditCard,Completed,
TXN000210,CUST00052,2026-05-12,Tmall,ST010,1691.41,0.0,WeChatPay,Completed,CMP005
TXN000211,CUST00052,2026-05-16,WeChatStore,ST003,1385.41,0.0,CreditCard,Completed,
TXN000212,CUST00053,2026-03-02,Tmall,ST002,696.97,0.0,Alipay,Completed,
TXN000213,CUST00053,2026-03-03,POS,ST006,995.39,52.39,CreditCard,Completed,CMP005
TXN000214,CUST00053,2026-03-24,Douyin,ST012,523.89,0.0,WeChatPay,Completed,
TXN000215,CUST00053,2026-04-01,Tmall,ST006,1053.13,0.0,CreditCard,Completed,
TXN000216,CUST00053,2026-04-06,App,ST010,729.01,0.0,StoreValueCard,Returned,
TXN000217,CUST00054,2025-08-22,Douyin,ST001,1652.28,225.31,WeChatPay,Completed,
TXN000218,CUST00054,2025-10-03,MiniProgram,ST010,515.18,44.8,CreditCard,PartiallyReturned,
TXN000219,CUST00054,2025-12-08,Tmall,ST012,1291.08,136.77,StoreValueCard,Completed,
TXN000220,CUST00054,2026-02-08,MiniProgram,ST011,864.11,0.0,WeChatPay,Completed,
TXN000221,CUST00054,2026-02-19,Tmall,ST001,1879.81,102.34,Alipay,Completed,
TXN000222,CUST00054,2026-02-22,WeChatStore,ST001,1393.94,0.0,WeChatPay,Completed,
TXN000223,CUST00054,2026-03-03,App,ST003,597.78,0.0,CreditCard,Completed,
TXN000224,CUST00054,2026-05-16,MiniProgram,ST006,919.09,162.19,WeChatPay,PartiallyReturned,CMP001
TXN000225,CUST00054,2026-05-17,Tmall,ST004,889.67,89.59,StoreValueCard,Completed,
TXN000226,CUST00054,2026-05-22,Douyin,ST008,899.77,47.36,Cash,Completed,CMP003
TXN000227,CUST00054,2026-06-19,Tmall,ST009,911.77,0.0,StoreValueCard,Completed,
TXN000228,CUST00055,2026-06-09,MiniProgram,ST007,1597.76,66.81,Cash,Completed,
TXN000229,CUST00055,2026-06-29,Douyin,ST010,561.8,0.0,WeChatPay,Completed,
TXN000230,CUST00056,2024-12-20,POS,ST006,827.4,34.22,CreditCard,Completed,
TXN000231,CUST00056,2025-06-11,POS,ST006,511.05,90.19,CreditCard,Completed,
TXN000232,CUST00056,2026-04-27,Douyin,ST001,843.56,73.35,StoreValueCard,Completed,
TXN000233,CUST00057,2025-12-27,Tmall,ST002,275.35,23.94,StoreValueCard,Completed,
TXN000234,CUST00057,2026-01-16,POS,ST003,1017.14,55.68,Alipay,Completed,
TXN000235,CUST00057,2026-02-28,App,ST010,298.53,0.0,Cash,Completed,
TXN000236,CUST00057,2026-03-22,POS,ST003,1138.04,83.41,CreditCard,Completed,
TXN000237,CUST00057,2026-05-25,POS,ST003,651.26,49.8,StoreValueCard,Completed,
TXN000238,CUST00057,2026-05-28,POS,ST003,470.7,0.0,Alipay,Completed,
TXN000239,CUST00057,2026-05-31,Tmall,ST001,955.17,17.58,CreditCard,Completed,
TXN000240,CUST00058,2026-06-26,POS,ST010,298.53,0.0,StoreValueCard,Completed,
TXN000241,CUST00059,2026-03-20,MiniProgram,ST006,676.28,52.73,WeChatPay,Completed,
TXN000242,CUST00059,2026-04-14,WeChatStore,ST006,440.6,0.0,CreditCard,PartiallyReturned,
TXN000243,CUST00059,2026-06-13,Tmall,ST011,638.56,70.95,Alipay,Completed,
TXN000244,CUST00060,2026-04-11,Tmall,ST010,980.06,108.9,Cash,Completed,
TXN000245,CUST00060,2026-04-17,Tmall,ST002,477.53,84.27,Alipay,Completed,
TXN000246,CUST00060,2026-04-21,WeChatStore,ST012,135.17,7.47,WeChatPay,Completed,
TXN000247,CUST00060,2026-04-24,POS,ST009,68.02,12.0,WeChatPay,Completed,
TXN000248,CUST00060,2026-04-25,WeChatStore,ST009,152.74,8.08,CreditCard,Completed,CMP003
TXN000249,CUST00060,2026-05-01,WeChatStore,ST008,944.12,105.74,Cash,Completed,CMP003
TXN000250,CUST00060,2026-05-03,MiniProgram,ST008,76.33,4.02,Alipay,Completed,
TXN000251,CUST00060,2026-05-21,MiniProgram,ST010,616.04,6.23,Alipay,Completed,CMP005
TXN000252,CUST00061,2025-07-11,App,ST007,721.24,0.0,Alipay,Completed,CMP003
TXN000253,CUST00061,2025-09-25,POS,ST003,233.42,0.0,Alipay,Completed,
TXN000254,CUST00061,2025-10-26,MiniProgram,ST010,697.51,0.0,Cash,Completed,CMP005
TXN000255,CUST00061,2025-11-07,Tmall,ST009,838.13,147.91,Cash,PartiallyReturned,
TXN000256,CUST00062,2025-05-27,MiniProgram,ST003,468.63,44.54,CreditCard,Completed,
TXN000257,CUST00062,2025-06-13,POS,ST005,2249.59,31.32,Alipay,Completed,CMP002
TXN000258,CUST00062,2025-09-03,POS,ST005,1987.8,0.0,StoreValueCard,Completed,
TXN000259,CUST00062,2026-01-21,Tmall,ST001,216.23,0.0,StoreValueCard,Completed,CMP004
TXN000260,CUST00063,2026-03-11,MiniProgram,ST005,871.2,96.8,WeChatPay,Completed,
TXN000261,CUST00063,2026-04-03,Tmall,ST003,874.63,119.27,StoreValueCard,Completed,
TXN000262,CUST00063,2026-05-05,App,ST003,1833.82,0.0,WeChatPay,Completed,
TXN000263,CUST00063,2026-05-24,Tmall,ST011,928.17,24.08,StoreValueCard,Completed,
TXN000264,CUST00063,2026-06-08,Douyin,ST001,556.75,0.0,Alipay,Completed,
TXN000265,CUST00063,2026-06-12,WeChatStore,ST005,751.93,36.91,Alipay,Completed,CMP004
TXN000266,CUST00063,2026-06-22,WeChatStore,ST004,1171.54,0.0,Alipay,Completed,
TXN000267,CUST00064,2026-03-22,POS,ST006,1218.98,79.52,WeChatPay,Completed,
TXN000268,CUST00064,2026-04-03,App,ST011,516.06,0.0,StoreValueCard,Completed,
TXN000269,CUST00064,2026-04-03,Tmall,ST008,815.37,0.0,CreditCard,Completed,
TXN000270,CUST00064,2026-04-20,App,ST006,474.78,41.28,Cash,PartiallyReturned,
TXN000271,CUST00064,2026-04-20,Tmall,ST012,947.34,0.0,StoreValueCard,Completed,CMP005
TXN000272,CUST00064,2026-05-02,App,ST003,833.52,51.61,StoreValueCard,Completed,CMP006
TXN000273,CUST00065,2025-12-10,POS,ST008,351.51,0.0,StoreValueCard,Completed,
TXN000274,CUST00065,2025-12-28,Tmall,ST006,654.92,0.0,StoreValueCard,Completed,
TXN000275,CUST00065,2026-02-03,MiniProgram,ST007,74.34,6.46,WeChatPay,Completed,
TXN000276,CUST00065,2026-02-05,Tmall,ST006,1683.58,0.0,StoreValueCard,Completed,
TXN000277,CUST00065,2026-02-14,Douyin,ST007,309.33,42.18,WeChatPay,Completed,
TXN000278,CUST00065,2026-03-14,Tmall,ST009,471.23,0.0,WeChatPay,Completed,
TXN000279,CUST00065,2026-04-08,WeChatStore,ST002,471.26,80.32,WeChatPay,Completed,
TXN000280,CUST00065,2026-04-18,Tmall,ST010,88.64,0.0,StoreValueCard,Completed,
TXN000281,CUST00066,2026-04-28,WeChatStore,ST008,198.93,17.3,CreditCard,Completed,
TXN000282,CUST00066,2026-05-01,MiniProgram,ST002,812.32,0.0,CreditCard,Completed,
TXN000283,CUST00066,2026-05-05,Douyin,ST004,1321.44,0.0,WeChatPay,Completed,
TXN000284,CUST00066,2026-05-08,Douyin,ST002,1605.99,283.41,StoreValueCard,Completed,CMP001
TXN000285,CUST00066,2026-05-08,WeChatStore,ST001,360.62,0.0,StoreValueCard,Completed,
TXN000286,CUST00066,2026-05-09,Douyin,ST009,359.94,0.0,Alipay,Completed,
TXN000287,CUST00067,2025-12-30,Tmall,ST003,1823.2,0.0,Alipay,Completed,
TXN000288,CUST00067,2026-01-04,Douyin,ST011,1011.7,0.0,WeChatPay,Completed,
TXN000289,CUST00067,2026-01-29,MiniProgram,ST006,947.34,0.0,StoreValueCard,Completed,
TXN000290,CUST00067,2026-02-23,Tmall,ST008,1542.68,0.0,WeChatPay,Completed,
TXN000291,CUST00067,2026-02-26,POS,ST011,1728.22,0.0,StoreValueCard,Completed,
TXN000292,CUST00067,2026-03-02,POS,ST011,2539.95,34.85,WeChatPay,Completed,
TXN000293,CUST00067,2026-03-08,App,ST010,1902.0,121.4,Alipay,Completed,
TXN000294,CUST00067,2026-03-11,App,ST012,864.11,0.0,Alipay,Completed,
TXN000295,CUST00067,2026-03-12,App,ST008,1226.67,167.27,Cash,Completed,
TXN000296,CUST00067,2026-03-22,POS,ST011,895.9,0.0,StoreValueCard,Completed,CMP005
TXN000297,CUST00067,2026-04-07,App,ST001,694.21,77.13,Cash,Completed,
TXN000298,CUST00067,2026-04-27,MiniProgram,ST005,682.27,0.0,StoreValueCard,Returned,CMP004
TXN000299,CUST00067,2026-04-28,Tmall,ST007,601.24,0.0,StoreValueCard,Completed,CMP002
TXN000300,CUST00067,2026-05-07,POS,ST011,2536.18,110.03,CreditCard,Completed,
TXN000301,CUST00067,2026-05-14,POS,ST011,434.66,22.88,WeChatPay,Completed,CMP004
TXN000302,CUST00067,2026-05-17,App,ST006,2271.85,179.33,CreditCard,Completed,
TXN000303,CUST00067,2026-05-18,App,ST012,864.11,0.0,StoreValueCard,Completed,
TXN000304,CUST00068,2024-11-25,MiniProgram,ST008,1485.51,27.35,Alipay,Completed,
TXN000305,CUST00068,2024-12-03,Tmall,ST003,1099.92,95.64,WeChatPay,Completed,
TXN000306,CUST00068,2026-05-17,Douyin,ST003,2639.68,207.22,Alipay,Completed,
TXN000307,CUST00069,2025-10-15,Tmall,ST007,822.74,43.3,StoreValueCard,Completed,
TXN000308,CUST00069,2025-10-23,Tmall,ST001,839.56,0.0,CreditCard,Completed,
TXN000309,CUST00069,2025-11-29,WeChatStore,ST001,481.98,41.91,StoreValueCard,Completed,
TXN000310,CUST00069,2026-03-05,POS,ST001,734.93,57.18,Cash,Completed,
TXN000311,CUST00069,2026-03-18,App,ST002,1929.36,125.68,CreditCard,Completed,
TXN000312,CUST00069,2026-03-25,MiniProgram,ST012,893.56,0.0,Cash,Returned,
TXN000313,CUST00069,2026-05-10,App,ST005,1042.77,37.75,Cash,Completed,CMP003
TXN000314,CUST00070,2025-07-28,Tmall,ST008,1955.93,94.73,StoreValueCard,Completed,
TXN000315,CUST00070,2025-08-22,App,ST007,1971.93,0.0,Alipay,Completed,
TXN000316,CUST00070,2025-09-23,MiniProgram,ST007,1011.51,0.0,CreditCard,Completed,CMP002
TXN000317,CUST00070,2026-02-28,App,ST010,1689.11,30.09,Cash,Completed,
TXN000318,CUST00070,2026-06-06,Tmall,ST009,360.62,0.0,Cash,Completed,
TXN000319,CUST00071,2025-03-12,Douyin,ST002,2249.87,231.0,WeChatPay,Completed,
TXN000320,CUST00071,2025-07-30,WeChatStore,ST005,2766.62,0.0,Cash,Completed,
TXN000321,CUST00071,2026-05-09,App,ST008,342.59,18.03,Alipay,Completed,CMP004
TXN000322,CUST00072,2025-12-12,Douyin,ST006,2178.11,263.61,Cash,Completed,CMP004
TXN000323,CUST00072,2026-01-30,WeChatStore,ST002,80.35,0.0,WeChatPay,Completed,
TXN000324,CUST00072,2026-02-21,App,ST006,771.34,0.0,StoreValueCard,Completed,
TXN000325,CUST00072,2026-02-26,App,ST003,1835.93,71.67,CreditCard,Completed,
TXN000326,CUST00072,2026-03-31,Tmall,ST004,965.82,0.0,WeChatPay,PartiallyReturned,
TXN000327,CUST00072,2026-04-02,WeChatStore,ST007,1168.97,0.0,StoreValueCard,Completed,
TXN000328,CUST00072,2026-04-09,Tmall,ST004,470.7,0.0,Alipay,Completed,CMP004
TXN000329,CUST00073,2026-01-05,Douyin,ST003,805.24,142.1,StoreValueCard,Completed,
TXN000330,CUST00073,2026-02-04,WeChatStore,ST005,359.94,0.0,StoreValueCard,Completed,
TXN000331,CUST00073,2026-05-06,POS,ST003,489.41,23.76,StoreValueCard,Completed,
TXN000332,CUST00073,2026-06-10,Tmall,ST008,2838.78,101.15,Cash,Completed,CMP001
TXN000333,CUST00074,2026-05-02,MiniProgram,ST007,1202.48,0.0,WeChatPay,PartiallyReturned,CMP001
TXN000334,CUST00075,2026-03-31,MiniProgram,ST002,606.03,0.0,WeChatPay,Completed,
TXN000335,CUST00075,2026-04-19,WeChatStore,ST002,496.96,0.0,Alipay,Completed,
TXN000336,CUST00075,2026-05-21,App,ST003,331.14,28.8,Alipay,PartiallyReturned,
TXN000337,CUST00075,2026-05-25,Tmall,ST012,890.13,121.38,Alipay,Completed,
TXN000338,CUST00075,2026-05-25,App,ST002,449.65,0.0,Alipay,Completed,
TXN000339,CUST00075,2026-05-29,Douyin,ST008,610.66,0.0,StoreValueCard,Completed,
TXN000340,CUST00075,2026-06-26,Douyin,ST007,417.22,32.43,WeChatPay,Completed,
TXN000341,CUST00076,2026-04-18,WeChatStore,ST010,1244.62,0.0,Cash,Completed,
TXN000342,CUST00076,2026-04-18,WeChatStore,ST003,1164.01,80.92,CreditCard,Completed,
TXN000343,CUST00076,2026-05-01,Douyin,ST012,2362.68,147.38,Cash,Completed,CMP004
TXN000344,CUST00076,2026-05-17,POS,ST010,1855.9,160.8,CreditCard,Completed,
TXN000345,CUST00077,2026-05-21,App,ST001,947.34,0.0,Cash,Completed,
TXN000346,CUST00077,2026-06-17,MiniProgram,ST006,359.94,0.0,StoreValueCard,PartiallyReturned,
TXN000347,CUST00078,2025-12-09,POS,ST001,1217.31,0.0,Cash,Completed,
TXN000348,CUST00078,2025-12-14,POS,ST001,1555.7,75.77,Cash,Completed,
TXN000349,CUST00078,2026-01-17,POS,ST001,709.63,61.71,Cash,PartiallyReturned,
TXN000350,CUST00078,2026-02-21,WeChatStore,ST003,323.39,28.12,Alipay,Completed,
TXN000351,CUST00078,2026-03-08,App,ST010,2892.86,289.75,StoreValueCard,Completed,
TXN000352,CUST00078,2026-03-15,POS,ST001,1406.99,151.76,CreditCard,Completed,
TXN000353,CUST00078,2026-03-20,Douyin,ST007,440.6,0.0,WeChatPay,Returned,
TXN000354,CUST00078,2026-04-14,MiniProgram,ST002,2318.83,221.17,CreditCard,Completed,
TXN000355,CUST00078,2026-04-24,WeChatStore,ST004,655.64,115.7,WeChatPay,Completed,CMP001
TXN000356,CUST00078,2026-05-20,App,ST006,1393.94,0.0,WeChatPay,PartiallyReturned,
TXN000357,CUST00078,2026-05-21,Tmall,ST010,1518.15,0.0,StoreValueCard,Completed,CMP001
TXN000358,CUST00078,2026-06-03,WeChatStore,ST007,1820.72,202.3,Cash,Completed,CMP002
TXN000359,CUST00078,2026-06-09,Tmall,ST012,684.34,0.0,StoreValueCard,Completed,
TXN000360,CUST00078,2026-06-16,Douyin,ST009,597.78,0.0,Cash,Completed,
TXN000361,CUST00079,2026-01-05,MiniProgram,ST001,2001.73,117.15,Cash,Completed,
TXN000362,CUST00079,2026-01-31,POS,ST005,2144.0,0.0,StoreValueCard,Completed,
TXN000363,CUST00079,2026-02-15,Douyin,ST003,930.59,80.92,Alipay,Completed,
TXN000364,CUST00079,2026-03-02,Douyin,ST007,263.54,0.0,Alipay,Completed,
TXN000365,CUST00079,2026-03-07,Douyin,ST002,2343.08,0.0,Cash,Completed,
TXN000366,CUST00079,2026-03-17,Tmall,ST008,359.94,0.0,WeChatPay,Completed,
TXN000367,CUST00079,2026-04-15,Douyin,ST004,221.75,11.67,Alipay,Completed,
TXN000368,CUST00079,2026-04-24,Tmall,ST011,944.7,0.0,CreditCard,Completed,CMP004
TXN000369,CUST00079,2026-05-15,App,ST010,233.42,0.0,StoreValueCard,Completed,CMP005
TXN000370,CUST00079,2026-05-24,MiniProgram,ST010,1141.76,149.09,CreditCard,Completed,
TXN000371,CUST00079,2026-06-14,Douyin,ST002,685.21,0.0,CreditCard,Completed,CMP004
TXN000372,CUST00079,2026-06-28,App,ST010,1527.98,0.0,StoreValueCard,Completed,
TXN000373,CUST00080,2026-04-24,Tmall,ST003,1807.12,151.73,CreditCard,Returned,
TXN000374,CUST00080,2026-04-25,MiniProgram,ST005,528.28,65.76,WeChatPay,Completed,
TXN000375,CUST00080,2026-05-05,Tmall,ST007,1055.53,0.0,WeChatPay,Completed,
TXN000376,CUST00080,2026-05-08,MiniProgram,ST012,1888.41,99.39,WeChatPay,Completed,
TXN000377,CUST00080,2026-05-13,Tmall,ST010,531.45,0.0,Alipay,Returned,
TXN000378,CUST00080,2026-06-01,MiniProgram,ST005,2023.02,0.0,StoreValueCard,Completed,
TXN000379,CUST00081,2026-02-20,App,ST004,697.51,0.0,Cash,Completed,CMP002
TXN000380,CUST00081,2026-03-10,Douyin,ST001,414.86,0.0,Cash,Completed,
TXN000381,CUST00081,2026-03-23,WeChatStore,ST006,1229.94,119.27,WeChatPay,Completed,CMP004
TXN000382,CUST00081,2026-04-21,Douyin,ST008,3236.47,49.7,WeChatPay,Completed,CMP001
TXN000383,CUST00081,2026-05-14,MiniProgram,ST009,721.24,0.0,StoreValueCard,Completed,CMP004
TXN000384,CUST00081,2026-06-09,MiniProgram,ST009,801.22,0.0,WeChatPay,Completed,
TXN000385,CUST00081,2026-06-22,MiniProgram,ST003,796.73,0.0,StoreValueCard,Completed,
TXN000386,CUST00082,2026-03-13,POS,ST004,601.24,0.0,WeChatPay,Completed,
TXN000387,CUST00082,2026-03-13,MiniProgram,ST002,341.94,18.0,StoreValueCard,Completed,
TXN000388,CUST00082,2026-04-03,WeChatStore,ST007,802.36,109.41,Alipay,Completed,
TXN000389,CUST00082,2026-06-09,WeChatStore,ST006,581.69,102.65,StoreValueCard,Completed,
TXN000390,CUST00083,2025-06-30,Tmall,ST002,1423.51,0.0,StoreValueCard,Completed,CMP001
TXN000391,CUST00083,2026-02-17,App,ST011,2274.54,0.0,Cash,Completed,
TXN000392,CUST00083,2026-02-21,App,ST004,331.77,28.85,Alipay,Completed,CMP002
TXN000393,CUST00083,2026-05-19,App,ST011,897.47,47.24,Alipay,Completed,
TXN000394,CUST00083,2026-05-24,MiniProgram,ST003,3227.15,0.0,CreditCard,Completed,
TXN000395,CUST00084,2026-05-22,App,ST007,369.05,0.0,WeChatPay,Completed,CMP001
TXN000396,CUST00084,2026-05-22,WeChatStore,ST006,1038.38,0.0,StoreValueCard,Completed,
TXN000397,CUST00084,2026-05-22,Douyin,ST001,806.88,110.03,CreditCard,Completed,
TXN000398,CUST00084,2026-05-25,POS,ST007,3253.28,146.71,Alipay,Completed,
TXN000399,CUST00084,2026-05-27,App,ST004,1081.28,0.0,StoreValueCard,Completed,
TXN000400,CUST00084,2026-05-29,WeChatStore,ST009,851.11,44.8,CreditCard,PartiallyReturned,
TXN000401,CUST00084,2026-06-07,Tmall,ST010,682.27,0.0,Cash,Completed,
TXN000402,CUST00084,2026-06-07,MiniProgram,ST009,1455.68,0.0,StoreValueCard,Completed,
TXN000403,CUST00084,2026-06-07,WeChatStore,ST010,1354.05,66.81,StoreValueCard,Completed,CMP002
TXN000404,CUST00084,2026-06-16,App,ST003,3622.78,137.54,Alipay,Completed,
TXN000405,CUST00084,2026-06-16,App,ST001,2874.87,0.0,WeChatPay,Completed,
TXN000406,CUST00084,2026-06-18,App,ST011,1188.17,106.58,CreditCard,Completed,
TXN000407,CUST00085,2024-09-11,MiniProgram,ST004,1072.0,0.0,Alipay,Completed,CMP003
TXN000408,CUST00085,2025-07-12,App,ST006,2647.27,265.88,Alipay,PartiallyReturned,
TXN000409,CUST00086,2026-04-19,App,ST007,2593.96,115.7,Alipay,Completed,
TXN000410,CUST00086,2026-04-24,MiniProgram,ST005,1519.89,82.23,Alipay,Completed,CMP006
TXN000411,CUST00086,2026-05-12,MiniProgram,ST005,814.01,0.0,StoreValueCard,Completed,
TXN000412,CUST00086,2026-06-13,POS,ST001,516.08,0.0,StoreValueCard,Completed,
TXN000413,CUST00087,2025-05-06,Douyin,ST006,2090.33,0.0,Alipay,Completed,
TXN000414,CUST00087,2025-06-29,MiniProgram,ST010,922.05,125.73,WeChatPay,Completed,
TXN000415,CUST00087,2026-06-07,MiniProgram,ST003,80.42,14.19,StoreValueCard,Completed,
TXN000416,CUST00088,2025-11-14,Tmall,ST009,457.54,0.0,WeChatPay,Completed,
TXN000417,CUST00089,2025-10-19,App,ST005,724.36,0.0,Cash,Completed,
TXN000418,CUST00089,2025-12-28,POS,ST001,739.89,0.0,StoreValueCard,Completed,
TXN000419,CUST00089,2026-05-30,Douyin,ST008,703.88,35.25,CreditCard,Completed,
TXN000420,CUST00090,2025-08-18,MiniProgram,ST006,869.24,96.58,Alipay,Completed,
TXN000421,CUST00090,2025-08-30,POS,ST007,396.18,69.91,WeChatPay,Completed,
TXN000422,CUST00090,2025-11-30,POS,ST007,866.18,45.59,CreditCard,Completed,
TXN000423,CUST00090,2026-01-12,Tmall,ST004,895.9,0.0,StoreValueCard,Completed,
TXN000424,CUST00090,2026-04-27,App,ST006,1001.83,87.12,Cash,PartiallyReturned,CMP006
TXN000425,CUST00090,2026-05-21,WeChatStore,ST001,3261.17,173.38,CreditCard,Completed,CMP003
TXN000426,CUST00091,2025-05-11,WeChatStore,ST005,684.34,0.0,WeChatPay,Completed,
TXN000427,CUST00091,2025-10-20,POS,ST009,961.12,50.59,Cash,Completed,
TXN000428,CUST00091,2026-04-01,POS,ST009,1294.75,0.0,CreditCard,Completed,
TXN000429,CUST00091,2026-05-12,Tmall,ST001,678.78,92.56,Alipay,Completed,
TXN000430,CUST00091,2026-05-17,MiniProgram,ST009,1835.06,96.58,Cash,Completed,
TXN000431,CUST00091,2026-06-09,WeChatStore,ST006,1794.05,151.34,CreditCard,Completed,
TXN000432,CUST00092,2026-05-04,WeChatStore,ST007,1633.55,77.13,Alipay,Completed,
TXN000433,CUST00092,2026-05-08,Tmall,ST010,911.77,0.0,CreditCard,Completed,
TXN000434,CUST00092,2026-05-09,MiniProgram,ST007,852.42,94.71,Alipay,PartiallyReturned,
TXN000435,CUST00092,2026-05-17,MiniProgram,ST011,1850.15,0.0,WeChatPay,Completed,CMP006
TXN000436,CUST00092,2026-05-19,Douyin,ST009,894.72,0.0,CreditCard,Completed,
TXN000437,CUST00092,2026-05-20,Douyin,ST004,1461.89,0.0,Cash,Completed,
TXN000438,CUST00092,2026-05-26,POS,ST010,987.0,0.0,WeChatPay,Completed,
TXN000439,CUST00092,2026-05-27,Tmall,ST002,1198.3,0.0,StoreValueCard,Completed,
TXN000440,CUST00092,2026-05-30,Douyin,ST002,2177.9,0.0,WeChatPay,Completed,
TXN000441,CUST00092,2026-06-05,MiniProgram,ST005,475.98,84.0,Cash,Completed,
TXN000442,CUST00092,2026-06-10,App,ST003,965.82,0.0,WeChatPay,Completed,
TXN000443,CUST00092,2026-06-13,MiniProgram,ST006,993.9,0.0,WeChatPay,Completed,
TXN000444,CUST00093,2025-12-08,Douyin,ST007,2023.02,0.0,StoreValueCard,Completed,CMP003
TXN000445,CUST00093,2026-01-03,Douyin,ST002,341.94,18.0,StoreValueCard,Completed,
TXN000446,CUST00093,2026-01-14,Tmall,ST002,593.36,0.0,WeChatPay,Completed,
TXN000447,CUST00093,2026-03-03,App,ST002,1014.26,43.19,CreditCard,Completed,
TXN000448,CUST00093,2026-04-11,Tmall,ST002,512.03,35.63,CreditCard,Completed,
TXN000449,CUST00093,2026-05-31,Tmall,ST007,1058.13,0.0,Cash,Completed,
TXN000450,CUST00094,2026-05-05,MiniProgram,ST010,947.34,0.0,CreditCard,Completed,
TXN000451,CUST00094,2026-06-10,Douyin,ST010,843.89,14.85,StoreValueCard,Returned,
TXN000452,CUST00095,2026-03-11,Tmall,ST005,682.27,0.0,StoreValueCard,Completed,
TXN000453,CUST00095,2026-03-17,POS,ST012,2729.66,159.33,Alipay,Completed,
TXN000454,CUST00095,2026-03-20,Tmall,ST008,1491.95,69.13,CreditCard,Completed,
TXN000455,CUST00095,2026-03-23,WeChatStore,ST012,1931.64,0.0,WeChatPay,Completed,
TXN000456,CUST00095,2026-03-24,POS,ST012,2455.75,329.06,Alipay,Completed,CMP001
TXN000457,CUST00095,2026-03-31,Douyin,ST005,1708.67,0.0,CreditCard,Completed,
TXN000458,CUST00095,2026-04-05,Douyin,ST001,1596.02,86.5,StoreValueCard,Completed,
TXN000459,CUST00095,2026-04-13,MiniProgram,ST001,825.22,91.69,CreditCard,Completed,
TXN000460,CUST00095,2026-04-20,App,ST007,682.27,0.0,Alipay,Completed,
TXN000461,CUST00095,2026-04-28,Douyin,ST010,3065.63,136.87,Alipay,Completed,
TXN000462,CUST00095,2026-05-24,Douyin,ST001,965.82,0.0,StoreValueCard,Completed,
TXN000463,CUST00095,2026-05-24,POS,ST012,864.11,0.0,StoreValueCard,Completed,
TXN000464,CUST00095,2026-05-29,Douyin,ST012,1404.66,110.03,StoreValueCard,Completed,
TXN000465,CUST00095,2026-05-30,Douyin,ST010,682.27,0.0,WeChatPay,Completed,
TXN000466,CUST00096,2025-08-19,POS,ST005,610.9,53.12,Cash,Completed,
TXN000467,CUST00096,2025-09-02,MiniProgram,ST010,654.14,69.38,WeChatPay,Completed,
TXN000468,CUST00096,2025-10-01,MiniProgram,ST002,339.53,29.52,Alipay,Completed,
TXN000469,CUST00096,2025-12-24,POS,ST005,262.71,35.82,Cash,Completed,
TXN000470,CUST00096,2026-03-07,WeChatStore,ST010,1032.16,0.0,StoreValueCard,Completed,
TXN000471,CUST00097,2026-05-20,MiniProgram,ST005,1047.78,0.0,WeChatPay,Completed,
TXN000472,CUST00097,2026-06-01,Tmall,ST007,1288.7,30.2,Cash,Completed,
TXN000473,CUST00097,2026-06-07,Tmall,ST012,590.7,39.84,StoreValueCard,Completed,
TXN000474,CUST00098,2026-02-27,Tmall,ST008,3101.13,293.34,CreditCard,Completed,
TXN000475,CUST00098,2026-02-28,MiniProgram,ST006,697.51,0.0,WeChatPay,Completed,
TXN000476,CUST00098,2026-04-23,Douyin,ST010,216.23,0.0,Cash,Completed,
TXN000477,CUST00098,2026-06-30,Douyin,ST009,650.12,34.22,Cash,Completed,CMP005
TXN000478,CUST00099,2025-11-08,WeChatStore,ST008,565.53,66.4,StoreValueCard,Completed,
TXN000479,CUST00099,2026-01-03,App,ST002,94.61,0.0,Alipay,Completed,
TXN000480,CUST00099,2026-01-15,POS,ST006,561.8,0.0,StoreValueCard,Completed,
TXN000481,CUST00099,2026-02-04,Tmall,ST010,597.78,0.0,Alipay,Completed,
TXN000482,CUST00099,2026-02-24,WeChatStore,ST002,80.35,0.0,CreditCard,Completed,
TXN000483,CUST00099,2026-06-10,MiniProgram,ST001,2167.53,0.0,WeChatPay,Completed,
TXN000484,CUST00100,2025-11-27,POS,ST002,324.56,36.06,StoreValueCard,Completed,
TXN000485,CUST00100,2026-02-03,POS,ST002,1052.43,55.39,StoreValueCard,Completed,
TXN000486,CUST00100,2026-05-25,Douyin,ST009,603.24,67.03,Alipay,Completed,
TXN000487,CUST00101,2025-05-15,Tmall,ST001,1061.05,149.09,Alipay,Completed,
TXN000488,CUST00101,2025-09-12,WeChatStore,ST008,665.11,64.29,WeChatPay,Returned,
TXN000489,CUST00101,2025-09-30,POS,ST005,1831.3,79.51,WeChatPay,Completed,
TXN000490,CUST00101,2026-06-25,Douyin,ST006,149.33,7.57,CreditCard,Completed,CMP003
TXN000491,CUST00102,2023-11-12,WeChatStore,ST004,529.09,72.15,CreditCard,Completed,
TXN000492,CUST00102,2024-07-16,App,ST005,696.97,0.0,CreditCard,Completed,
TXN000493,CUST00102,2024-10-17,App,ST010,323.95,35.99,Alipay,Completed,
TXN000494,CUST00102,2026-03-01,MiniProgram,ST007,682.27,0.0,StoreValueCard,Completed,
TXN000495,CUST00102,2026-03-11,POS,ST002,2974.21,0.0,Cash,Completed,
TXN000496,CUST00103,2025-08-15,POS,ST009,670.27,0.0,StoreValueCard,Completed,
TXN000497,CUST00103,2025-09-07,WeChatStore,ST004,911.77,0.0,StoreValueCard,Completed,
TXN000498,CUST00103,2025-12-12,MiniProgram,ST001,682.27,0.0,StoreValueCard,Completed,
TXN000499,CUST00103,2025-12-30,WeChatStore,ST003,1301.41,0.0,CreditCard,Completed,
TXN000500,CUST00103,2026-02-13,MiniProgram,ST001,3202.5,0.0,WeChatPay,Completed,
TXN000501,CUST00103,2026-03-07,Tmall,ST003,1081.28,0.0,StoreValueCard,Completed,
TXN000502,CUST00103,2026-05-18,Tmall,ST005,947.13,0.0,Alipay,Completed,
TXN000503,CUST00104,2026-03-29,POS,ST003,88.64,0.0,Alipay,Completed,CMP003
TXN000504,CUST00104,2026-04-02,POS,ST003,83.36,0.0,CreditCard,Completed,
TXN000505,CUST00104,2026-04-03,Tmall,ST002,531.45,0.0,Cash,Completed,
TXN000506,CUST00104,2026-04-09,POS,ST003,693.45,72.56,WeChatPay,Completed,
TXN000507,CUST00104,2026-04-13,POS,ST003,559.98,0.0,Cash,PartiallyReturned,
TXN000508,CUST00104,2026-05-15,WeChatStore,ST010,360.62,0.0,CreditCard,Completed,
TXN000509,CUST00104,2026-06-02,MiniProgram,ST012,84.21,4.43,Alipay,Completed,
TXN000510,CUST00105,2026-05-06,MiniProgram,ST007,1081.28,0.0,Cash,PartiallyReturned,CMP001
TXN000511,CUST00105,2026-05-06,WeChatStore,ST012,2623.96,0.0,WeChatPay,Completed,
TXN000512,CUST00105,2026-05-10,MiniProgram,ST006,986.04,0.0,Cash,Completed,CMP001
TXN000513,CUST00105,2026-05-12,MiniProgram,ST007,1081.28,0.0,CreditCard,Completed,
TXN000514,CUST00105,2026-05-18,Tmall,ST001,2457.63,0.0,CreditCard,Completed,
TXN000515,CUST00105,2026-05-31,POS,ST005,198.41,35.01,StoreValueCard,Completed,
TXN000516,CUST00106,2026-06-07,MiniProgram,ST009,3318.44,159.48,Cash,Completed,
TXN000517,CUST00106,2026-06-08,App,ST010,80.35,0.0,StoreValueCard,Completed,CMP006
TXN000518,CUST00106,2026-06-08,POS,ST006,937.82,165.5,Alipay,Completed,
TXN000519,CUST00106,2026-06-11,MiniProgram,ST008,233.42,0.0,Alipay,Completed,
TXN000520,CUST00106,2026-06-13,Tmall,ST011,697.51,0.0,WeChatPay,Completed,
TXN000521,CUST00106,2026-06-13,Tmall,ST003,3344.37,150.62,Cash,PartiallyReturned,
TXN000522,CUST00106,2026-06-14,WeChatStore,ST005,351.51,0.0,WeChatPay,Completed,
TXN000523,CUST00107,2025-12-27,MiniProgram,ST012,2091.52,80.92,StoreValueCard,Completed,
TXN000524,CUST00107,2026-01-20,Tmall,ST010,947.34,0.0,Cash,Completed,CMP003
TXN000525,CUST00107,2026-01-22,App,ST011,341.94,18.0,CreditCard,Completed,
TXN000526,CUST00107,2026-02-11,WeChatStore,ST003,913.74,0.0,Cash,Completed,
TXN000527,CUST00107,2026-02-13,WeChatStore,ST005,198.93,17.3,StoreValueCard,Completed,
TXN000528,CUST00107,2026-02-17,MiniProgram,ST012,1128.0,0.0,CreditCard,Completed,
TXN000529,CUST00107,2026-02-22,Douyin,ST011,621.24,0.0,CreditCard,Completed,
TXN000530,CUST00107,2026-03-01,WeChatStore,ST003,2215.64,0.0,Alipay,Completed,
TXN000531,CUST00107,2026-03-08,POS,ST009,296.94,0.0,Cash,Completed,
TXN000532,CUST00107,2026-04-01,WeChatStore,ST005,296.94,0.0,Alipay,Completed,
TXN000533,CUST00107,2026-04-04,Douyin,ST001,2343.08,0.0,CreditCard,Completed,
TXN000534,CUST00107,2026-04-12,Douyin,ST009,355.31,0.0,Cash,Completed,
TXN000535,CUST00107,2026-04-13,MiniProgram,ST009,1192.83,17.3,CreditCard,Completed,
TXN000536,CUST00107,2026-04-16,Tmall,ST009,359.94,0.0,CreditCard,Completed,
TXN000537,CUST00107,2026-04-19,WeChatStore,ST012,2103.4,56.97,CreditCard,Completed,CMP002
TXN000538,CUST00107,2026-04-20,POS,ST009,1187.07,121.38,CreditCard,Completed,
TXN000539,CUST00107,2026-05-02,Douyin,ST004,355.31,0.0,StoreValueCard,Returned,
TXN000540,CUST00107,2026-05-13,Douyin,ST002,3137.9,0.0,Alipay,Completed,
TXN000541,CUST00108,2026-04-03,App,ST007,960.93,50.58,StoreValueCard,Returned,
TXN000542,CUST00108,2026-04-05,Douyin,ST012,1324.74,107.2,WeChatPay,Completed,
TXN000543,CUST00108,2026-04-06,MiniProgram,ST005,1508.23,109.35,Cash,Completed,
TXN000544,CUST00108,2026-04-10,Douyin,ST001,1542.05,151.73,WeChatPay,Completed,
TXN000545,CUST00108,2026-04-13,MiniProgram,ST008,595.47,0.0,Cash,Completed,
TXN000546,CUST00108,2026-04-15,WeChatStore,ST005,484.0,0.0,WeChatPay,Completed,
TXN000547,CUST00108,2026-04-16,WeChatStore,ST007,263.54,0.0,StoreValueCard,Completed,
TXN000548,CUST00108,2026-04-18,App,ST011,190.28,25.95,CreditCard,Completed,
TXN000549,CUST00108,2026-04-19,Tmall,ST005,1949.76,265.88,CreditCard,Completed,
TXN000550,CUST00108,2026-04-24,Tmall,ST005,1987.8,0.0,Alipay,Completed,
TXN000551,CUST00108,2026-04-27,WeChatStore,ST008,216.23,0.0,CreditCard,Returned,
TXN000552,CUST00108,2026-05-04,MiniProgram,ST004,639.56,71.06,Cash,Completed,
TXN000553,CUST00108,2026-05-06,POS,ST003,895.9,0.0,Alipay,Completed,
TXN000554,CUST00108,2026-05-11,WeChatStore,ST011,1072.0,0.0,WeChatPay,Completed,
TXN000555,CUST00108,2026-05-11,Tmall,ST001,1958.85,0.0,WeChatPay,Completed,
TXN000556,CUST00109,2025-10-05,App,ST004,597.78,0.0,CreditCard,Returned,
TXN000557,CUST00109,2025-12-03,App,ST009,83.36,0.0,StoreValueCard,Completed,
TXN000558,CUST00109,2026-06-01,Tmall,ST005,916.91,0.0,Cash,Completed,CMP004
TXN000559,CUST00110,2026-02-13,POS,ST008,952.81,44.54,WeChatPay,Completed,
TXN000560,CUST00110,2026-04-01,App,ST011,2865.98,0.0,StoreValueCard,Completed,CMP003
TXN000561,CUST00111,2026-02-24,MiniProgram,ST005,559.98,0.0,WeChatPay,Completed,
TXN000562,CUST00111,2026-02-25,POS,ST009,924.63,28.12,Alipay,Completed,
TXN000563,CUST00111,2026-03-15,WeChatStore,ST009,515.47,35.59,Alipay,Completed,
TXN000564,CUST00111,2026-04-07,WeChatStore,ST001,1318.21,0.0,WeChatPay,Completed,
TXN000565,CUST00111,2026-04-08,POS,ST009,1032.16,0.0,Alipay,Completed,
TXN000566,CUST00111,2026-05-30,App,ST007,1556.09,141.37,Alipay,Completed,
TXN000567,CUST00111,2026-06-04,POS,ST009,546.69,74.55,Alipay,Completed,
TXN000568,CUST00112,2026-06-06,WeChatStore,ST005,965.82,0.0,WeChatPay,Completed,
TXN000569,CUST00112,2026-06-07,Tmall,ST011,273.18,23.76,Cash,Completed,CMP004
TXN000570,CUST00113,2024-08-17,Tmall,ST012,1011.7,0.0,Alipay,Returned,
TXN000571,CUST00113,2026-02-26,WeChatStore,ST012,523.89,0.0,CreditCard,Completed,
TXN000572,CUST00114,2025-04-21,App,ST009,1088.95,0.0,WeChatPay,Completed,
TXN000573,CUST00114,2025-08-30,Tmall,ST006,986.24,85.76,Cash,Completed,CMP002
TXN000574,CUST00114,2025-12-07,POS,ST003,1081.28,0.0,StoreValueCard,Returned,
TXN000575,CUST00115,2025-04-12,POS,ST006,2265.7,0.0,StoreValueCard,Completed,
TXN000576,CUST00115,2026-04-24,MiniProgram,ST012,864.11,0.0,WeChatPay,Completed,
TXN000577,CUST00116,2025-09-17,App,ST002,581.25,30.09,WeChatPay,PartiallyReturned,
TXN000578,CUST00116,2025-09-25,WeChatStore,ST001,1485.97,153.3,Cash,Completed,
TXN000579,CUST00117,2025-08-12,App,ST012,173.24,4.73,CreditCard,Completed,
TXN000580,CUST00117,2025-10-29,Douyin,ST012,932.18,0.0,Alipay,PartiallyReturned,
TXN000581,CUST00117,2025-10-29,Douyin,ST010,471.23,0.0,CreditCard,Completed,
TXN000582,CUST00117,2025-11-03,Douyin,ST009,1831.99,0.0,Cash,Completed,
TXN000583,CUST00117,2026-02-14,Douyin,ST008,636.36,55.34,Cash,Completed,
TXN000584,CUST00117,2026-02-20,WeChatStore,ST004,333.93,17.58,Alipay,Completed,
TXN000585,CUST00117,2026-03-29,WeChatStore,ST007,927.35,21.27,Cash,PartiallyReturned,CMP005
TXN000586,CUST00117,2026-05-28,Tmall,ST002,1171.54,0.0,Alipay,Completed,
TXN000587,CUST00118,2025-12-22,WeChatStore,ST011,484.0,0.0,Cash,Completed,
TXN000588,CUST00118,2026-01-18,Douyin,ST002,334.06,0.0,Alipay,Completed,CMP004
TXN000589,CUST00118,2026-04-27,Douyin,ST005,470.7,0.0,WeChatPay,Completed,
TXN000590,CUST00118,2026-05-01,Douyin,ST005,994.59,0.0,WeChatPay,Completed,CMP003
TXN000591,CUST00119,2026-01-29,MiniProgram,ST008,619.91,4.66,Alipay,Completed,
TXN000592,CUST00119,2026-03-04,App,ST010,1053.28,64.95,Alipay,Completed,
TXN000593,CUST00119,2026-05-09,Tmall,ST011,72.32,8.04,WeChatPay,Completed,
TXN000594,CUST00120,2026-05-31,POS,ST001,1144.82,0.0,Alipay,Completed,
TXN000595,CUST00121,2025-11-06,Tmall,ST006,1452.41,126.3,StoreValueCard,Completed,
TXN000596,CUST00121,2025-11-23,App,ST007,1969.24,125.25,CreditCard,Completed,
TXN000597,CUST00121,2025-12-28,Tmall,ST009,440.6,0.0,CreditCard,Completed,
TXN000598,CUST00121,2026-01-01,MiniProgram,ST006,791.2,18.45,CreditCard,Completed,
TXN000599,CUST00122,2026-01-10,POS,ST008,93.12,0.0,CreditCard,Completed,
TXN000600,CUST00122,2026-01-24,MiniProgram,ST008,1316.64,156.08,WeChatPay,Completed,
TXN000601,CUST00122,2026-06-06,POS,ST008,912.1,52.39,Cash,Completed,
TXN000602,CUST00122,2026-06-22,POS,ST008,583.11,67.69,WeChatPay,Completed,
TXN000603,CUST00123,2024-11-19,MiniProgram,ST001,871.06,45.85,Alipay,Completed,
TXN000604,CUST00123,2026-05-23,Tmall,ST011,947.13,0.0,Cash,Completed,CMP004
TXN000605,CUST00124,2026-06-05,Tmall,ST007,1223.39,60.12,WeChatPay,Completed,
TXN000606,CUST00124,2026-06-26,WeChatStore,ST002,820.59,91.18,Alipay,Completed,
TXN000607,CUST00125,2025-09-07,POS,ST005,2118.88,0.0,WeChatPay,Completed,CMP006
TXN000608,CUST00125,2025-09-24,Tmall,ST001,1716.04,0.0,WeChatPay,Completed,
TXN000609,CUST00125,2026-02-01,Douyin,ST007,1924.83,0.0,StoreValueCard,Completed,
TXN000610,CUST00125,2026-03-10,POS,ST005,1907.0,211.88,CreditCard,Completed,
TXN000611,CUST00125,2026-04-28,Douyin,ST006,759.72,0.0,CreditCard,Completed,CMP005
TXN000612,CUST00126,2025-10-21,Douyin,ST004,334.06,0.0,Cash,Completed,
TXN000613,CUST00126,2025-10-23,Tmall,ST012,516.08,0.0,Alipay,Completed,
TXN000614,CUST00126,2025-10-27,WeChatStore,ST012,186.24,0.0,StoreValueCard,Completed,
TXN000615,CUST00127,2026-06-12,WeChatStore,ST009,79.19,4.17,CreditCard,Completed,CMP001
TXN000616,CUST00128,2025-03-27,WeChatStore,ST002,1716.83,94.75,Alipay,Completed,CMP006
TXN000617,CUST00128,2025-04-18,App,ST005,684.34,0.0,StoreValueCard,Completed,CMP004
TXN000618,CUST00128,2025-07-24,WeChatStore,ST001,852.82,81.35,WeChatPay,Completed,
TXN000619,CUST00129,2025-05-25,Douyin,ST001,1011.51,0.0,CreditCard,Completed,
TXN000620,CUST00129,2025-11-26,Tmall,ST001,1894.26,0.0,StoreValueCard,Completed,CMP003
TXN000621,CUST00129,2026-01-05,WeChatStore,ST007,2124.37,102.65,CreditCard,Completed,
TXN000622,CUST00129,2026-02-01,POS,ST004,771.34,0.0,StoreValueCard,Completed,
TXN000623,CUST00129,2026-03-28,Douyin,ST011,296.94,0.0,StoreValueCard,Completed,
TXN000624,CUST00129,2026-04-04,App,ST005,933.81,0.0,StoreValueCard,Completed,CMP004
TXN000625,CUST00129,2026-06-02,MiniProgram,ST011,613.33,83.64,Cash,Completed,
TXN000626,CUST00130,2025-09-04,App,ST007,1016.94,71.99,StoreValueCard,Completed,
TXN000627,CUST00130,2025-10-04,Tmall,ST002,1512.98,155.32,StoreValueCard,Completed,
TXN000628,CUST00130,2025-12-27,App,ST002,1331.1,110.78,Cash,Completed,
TXN000629,CUST00130,2026-02-20,App,ST009,1843.24,0.0,StoreValueCard,Completed,
TXN000630,CUST00130,2026-03-22,MiniProgram,ST008,911.2,160.8,Cash,Completed,
TXN000631,CUST00130,2026-04-04,Douyin,ST012,604.62,37.61,WeChatPay,Completed,
TXN000632,CUST00130,2026-05-10,POS,ST006,2125.15,0.0,WeChatPay,Completed,
TXN000633,CUST00130,2026-05-23,WeChatStore,ST003,1494.83,0.0,StoreValueCard,Completed,
TXN000634,CUST00131,2025-03-06,App,ST011,899.01,19.58,WeChatPay,Completed,
TXN000635,CUST00131,2025-07-22,Douyin,ST003,233.42,0.0,CreditCard,Completed,
TXN000636,CUST00131,2025-07-29,Tmall,ST009,899.97,47.37,StoreValueCard,Completed,
TXN000637,CUST00132,2025-07-21,Tmall,ST012,369.05,0.0,Alipay,Returned,
TXN000638,CUST00132,2025-08-21,Tmall,ST002,840.25,35.15,Alipay,Completed,
TXN000639,CUST00132,2025-10-24,POS,ST005,334.06,0.0,WeChatPay,PartiallyReturned,
TXN000640,CUST00132,2026-02-19,MiniProgram,ST011,1389.79,162.19,StoreValueCard,Completed,
TXN000641,CUST00132,2026-03-30,MiniProgram,ST003,753.27,42.64,CreditCard,PartiallyReturned,
TXN000642,CUST00133,2026-04-16,MiniProgram,ST004,1174.14,42.52,Alipay,Completed,CMP002
TXN000643,CUST00133,2026-05-08,Douyin,ST012,74.34,6.46,WeChatPay,Completed,
TXN000644,CUST00133,2026-05-27,MiniProgram,ST009,457.54,0.0,Cash,Returned,CMP004
TXN000645,CUST00134,2025-12-09,MiniProgram,ST005,1239.5,131.86,Cash,Completed,
TXN000646,CUST00134,2026-03-11,MiniProgram,ST008,2118.88,0.0,Cash,Completed,
TXN000647,CUST00134,2026-03-12,POS,ST009,296.94,0.0,WeChatPay,Completed,
TXN000648,CUST00134,2026-04-15,App,ST009,261.31,35.63,CreditCard,Completed,
TXN000649,CUST00134,2026-05-14,Tmall,ST001,94.61,0.0,Cash,Completed,
TXN000650,CUST00135,2025-05-01,WeChatStore,ST011,213.11,37.61,CreditCard,Completed,
TXN000651,CUST00135,2025-06-01,MiniProgram,ST008,391.51,0.0,CreditCard,Completed,
TXN000652,CUST00135,2025-08-28,WeChatStore,ST012,1388.24,159.98,Alipay,Completed,CMP001
TXN000653,CUST00135,2026-02-15,App,ST012,473.24,83.51,WeChatPay,Completed,
TXN000654,CUST00135,2026-06-10,Douyin,ST008,812.78,80.81,StoreValueCard,Completed,
TXN000655,CUST00136,2026-05-19,Tmall,ST012,1051.74,0.0,CreditCard,Completed,
TXN000656,CUST00136,2026-05-19,Tmall,ST002,214.75,18.67,Cash,Completed,CMP006
TXN000657,CUST00136,2026-05-28,Douyin,ST009,889.03,72.15,StoreValueCard,Completed,
TXN000658,CUST00136,2026-05-28,Douyin,ST004,988.01,110.72,WeChatPay,Completed,
TXN000659,CUST00136,2026-05-28,App,ST011,607.74,0.0,WeChatPay,Completed,
TXN000660,CUST00137,2026-06-03,Douyin,ST002,1630.38,13.3,StoreValueCard,Completed,
TXN000661,CUST00137,2026-06-04,App,ST009,2315.22,65.64,Cash,Completed,
TXN000662,CUST00138,2025-12-21,WeChatStore,ST012,736.43,0.0,StoreValueCard,Completed,
TXN000663,CUST00138,2026-03-17,App,ST007,78.0,10.64,WeChatPay,Completed,
TXN000664,CUST00139,2026-04-05,Douyin,ST005,771.37,0.0,CreditCard,Completed,CMP003
TXN000665,CUST00139,2026-04-18,POS,ST002,1664.17,0.0,StoreValueCard,Completed,
TXN000666,CUST00139,2026-05-02,WeChatStore,ST010,216.23,0.0,StoreValueCard,Completed,
TXN000667,CUST00139,2026-05-17,App,ST003,194.61,21.62,CreditCard,Completed,
TXN000668,CUST00139,2026-05-17,App,ST009,2516.53,0.0,WeChatPay,Completed,
TXN000669,CUST00139,2026-06-01,Tmall,ST012,323.95,35.99,CreditCard,Completed,
TXN000670,CUST00139,2026-06-15,Douyin,ST010,1464.43,180.42,StoreValueCard,Completed,
TXN000671,CUST00140,2025-06-16,Douyin,ST003,1444.84,188.84,WeChatPay,Completed,
TXN000672,CUST00140,2026-06-26,WeChatStore,ST011,1749.94,55.39,CreditCard,Completed,
TXN000673,CUST00141,2026-04-04,Tmall,ST002,2455.53,131.38,Alipay,Completed,
TXN000674,CUST00141,2026-04-28,App,ST007,890.13,121.38,Cash,Completed,CMP003
TXN000675,CUST00141,2026-05-03,Douyin,ST008,1845.17,113.68,Alipay,Completed,CMP005
TXN000676,CUST00141,2026-05-09,WeChatStore,ST012,930.93,0.0,StoreValueCard,Completed,
TXN000677,CUST00141,2026-05-09,App,ST003,992.99,110.33,WeChatPay,Completed,
TXN000678,CUST00141,2026-06-01,Douyin,ST002,2451.3,43.21,CreditCard,Completed,
TXN000679,CUST00141,2026-06-06,App,ST008,233.42,0.0,StoreValueCard,Completed,
TXN000680,CUST00142,2025-11-23,Douyin,ST004,1107.82,0.0,Cash,Completed,
TXN000681,CUST00143,2026-04-16,Tmall,ST009,2252.31,0.0,CreditCard,Completed,CMP002
TXN000682,CUST00143,2026-04-18,MiniProgram,ST001,471.23,0.0,CreditCard,Completed,
TXN000683,CUST00143,2026-04-27,Douyin,ST011,547.04,0.0,Cash,Completed,
TXN000684,CUST00143,2026-05-06,WeChatStore,ST002,975.38,32.43,WeChatPay,Completed,
TXN000685,CUST00143,2026-05-23,Douyin,ST011,965.82,0.0,Cash,Completed,
TXN000686,CUST00144,2025-08-14,Douyin,ST003,470.7,0.0,Alipay,Completed,
TXN000687,CUST00144,2025-10-28,POS,ST009,621.24,0.0,Alipay,PartiallyReturned,
TXN000688,CUST00144,2026-01-30,App,ST003,457.54,0.0,CreditCard,Completed,
TXN000689,CUST00144,2026-06-03,Douyin,ST007,398.38,34.64,StoreValueCard,Completed,CMP002
TXN000690,CUST00145,2026-04-17,App,ST005,317.35,43.27,StoreValueCard,Completed,
TXN000691,CUST00145,2026-04-21,POS,ST011,263.54,0.0,Alipay,Completed,
TXN000692,CUST00145,2026-04-24,WeChatStore,ST008,319.78,35.53,StoreValueCard,Completed,
TXN000693,CUST00145,2026-04-26,App,ST010,767.1,45.75,Cash,Completed,
TXN000694,CUST00145,2026-04-27,Douyin,ST012,1103.32,0.0,StoreValueCard,Returned,CMP005
TXN000695,CUST00145,2026-04-28,App,ST001,1103.32,0.0,Cash,Completed,CMP005
TXN000696,CUST00145,2026-04-29,App,ST012,604.62,37.61,WeChatPay,Completed,
TXN000697,CUST00145,2026-04-30,POS,ST011,1728.22,0.0,CreditCard,Completed,
TXN000698,CUST00145,2026-05-01,App,ST011,1526.39,102.65,CreditCard,Completed,
TXN000699,CUST00145,2026-05-01,WeChatStore,ST006,613.05,108.19,Alipay,Completed,
TXN000700,CUST00145,2026-05-02,POS,ST011,1180.76,0.0,StoreValueCard,Completed,
TXN000701,CUST00145,2026-05-02,POS,ST011,629.3,29.93,Alipay,Completed,
TXN000702,CUST00145,2026-05-03,POS,ST011,216.23,0.0,CreditCard,Completed,
TXN000703,CUST00145,2026-05-04,WeChatStore,ST003,1892.1,0.0,WeChatPay,Completed,
TXN000704,CUST00145,2026-05-06,Tmall,ST011,360.62,0.0,Alipay,Completed,
TXN000705,CUST00145,2026-05-10,Douyin,ST009,1353.68,13.18,StoreValueCard,Completed,
TXN000706,CUST00146,2025-11-29,WeChatStore,ST005,1937.72,20.06,Cash,Completed,CMP004
TXN000707,CUST00146,2026-01-21,Douyin,ST008,2137.36,0.0,StoreValueCard,Completed,
TXN000708,CUST00146,2026-03-30,Douyin,ST010,697.51,0.0,WeChatPay,Completed,CMP006
TXN000709,CUST00147,2025-05-22,Douyin,ST010,661.83,14.96,Cash,Completed,
TXN000710,CUST00147,2025-07-11,Tmall,ST006,682.27,0.0,CreditCard,Completed,
TXN000711,CUST00147,2025-08-05,App,ST008,516.38,0.0,WeChatPay,Completed,CMP002
TXN000712,CUST00147,2025-10-14,MiniProgram,ST008,1165.4,30.2,Cash,Completed,
TXN000713,CUST00147,2025-12-03,Tmall,ST006,269.36,29.93,StoreValueCard,Completed,
TXN000714,CUST00147,2026-03-12,Tmall,ST001,670.27,0.0,CreditCard,Completed,
TXN000715,CUST00148,2026-06-05,Douyin,ST005,1499.33,0.0,StoreValueCard,Completed,
TXN000716,CUST00148,2026-06-20,Tmall,ST006,508.79,89.79,StoreValueCard,Completed,
TXN000717,CUST00149,2025-11-04,WeChatStore,ST011,1447.82,164.29,Alipay,Completed,CMP002
TXN000718,CUST00149,2025-11-15,POS,ST004,1275.97,30.09,WeChatPay,Completed,
TXN000719,CUST00149,2026-02-09,Tmall,ST006,369.05,0.0,Cash,Completed,
TXN000720,CUST00149,2026-06-25,WeChatStore,ST006,332.01,0.0,Alipay,Completed,
TXN000721,CUST00150,2025-10-31,Tmall,ST001,1103.32,0.0,StoreValueCard,Completed,CMP005
TXN000722,CUST00150,2025-11-16,MiniProgram,ST012,3047.27,329.16,WeChatPay,Completed,CMP001
TXN000723,CUST00150,2025-12-16,POS,ST002,721.24,0.0,Alipay,Completed,
TXN000724,CUST00150,2026-04-20,Douyin,ST005,960.93,50.58,StoreValueCard,Completed,
TXN000725,CUST00151,2025-11-14,Douyin,ST001,944.7,0.0,Cash,Completed,
TXN000726,CUST00151,2025-12-29,Douyin,ST009,316.36,35.15,WeChatPay,Completed,
TXN000727,CUST00151,2026-05-09,WeChatStore,ST005,261.31,35.63,CreditCard,Completed,
TXN000728,CUST00151,2026-06-03,App,ST009,796.23,26.19,StoreValueCard,Returned,
TXN000729,CUST00151,2026-06-16,Tmall,ST007,750.23,29.85,WeChatPay,Completed,
TXN000730,CUST00152,2025-06-05,POS,ST001,1284.33,37.99,CreditCard,Completed,
TXN000731,CUST00152,2025-12-15,WeChatStore,ST006,360.37,29.69,CreditCard,Completed,
TXN000732,CUST00152,2026-06-01,MiniProgram,ST003,163.71,0.0,Alipay,Completed,
TXN000733,CUST00153,2026-02-24,App,ST007,2464.29,60.17,WeChatPay,Completed,CMP005
TXN000734,CUST00153,2026-03-11,App,ST001,1061.3,0.0,WeChatPay,PartiallyReturned,CMP002
TXN000735,CUST00153,2026-03-27,POS,ST010,1905.76,321.6,Cash,Completed,
TXN000736,CUST00153,2026-06-01,MiniProgram,ST012,3240.55,108.9,WeChatPay,Completed,
TXN000737,CUST00154,2026-05-26,MiniProgram,ST008,682.27,0.0,CreditCard,Completed,
TXN000738,CUST00154,2026-06-07,POS,ST004,602.47,0.0,WeChatPay,Completed,CMP002
TXN000739,CUST00154,2026-06-08,MiniProgram,ST006,1058.13,0.0,WeChatPay,Completed,CMP003
TXN000740,CUST00154,2026-06-08,Tmall,ST005,1178.12,0.0,WeChatPay,Completed,CMP006
TXN000741,CUST00154,2026-06-13,MiniProgram,ST008,1424.36,39.15,Cash,Completed,CMP006
TXN000742,CUST00154,2026-06-13,MiniProgram,ST003,697.51,0.0,WeChatPay,Completed,
TXN000743,CUST00155,2026-04-02,POS,ST009,379.86,0.0,WeChatPay,Completed,
TXN000744,CUST00155,2026-04-10,WeChatStore,ST006,62.29,0.0,Alipay,Completed,CMP005
TXN000745,CUST00155,2026-04-18,App,ST011,75.23,0.0,StoreValueCard,Returned,
TXN000746,CUST00155,2026-04-28,WeChatStore,ST001,1494.57,165.5,CreditCard,Completed,
TXN000747,CUST00155,2026-05-04,MiniProgram,ST008,559.98,0.0,Alipay,PartiallyReturned,
TXN000748,CUST00156,2026-01-22,POS,ST004,1102.13,0.0,WeChatPay,Completed,
TXN000749,CUST00156,2026-02-11,WeChatStore,ST006,1889.4,0.0,CreditCard,Completed,
TXN000750,CUST00156,2026-03-30,Douyin,ST010,1969.59,142.1,Alipay,Completed,
TXN000751,CUST00156,2026-04-04,MiniProgram,ST009,1011.51,0.0,WeChatPay,Returned,
TXN000752,CUST00156,2026-04-07,POS,ST004,1605.99,283.41,StoreValueCard,PartiallyReturned,
TXN000753,CUST00157,2025-10-22,App,ST010,947.34,0.0,WeChatPay,Completed,
TXN000754,CUST00157,2025-12-14,Douyin,ST002,834.97,26.35,Cash,Completed,
TXN000755,CUST00157,2026-05-27,Tmall,ST012,355.31,0.0,StoreValueCard,Completed,
TXN000756,CUST00158,2026-01-27,App,ST010,433.02,0.0,StoreValueCard,Completed,CMP004
TXN000757,CUST00158,2026-02-05,MiniProgram,ST006,640.34,0.0,WeChatPay,Completed,CMP005
TXN000758,CUST00158,2026-04-28,Douyin,ST004,713.24,34.26,Alipay,Completed,
TXN000759,CUST00158,2026-05-22,Douyin,ST002,391.51,0.0,StoreValueCard,Completed,CMP005
TXN000760,CUST00159,2026-03-17,Douyin,ST005,299.29,0.0,Cash,Completed,
TXN000761,CUST00159,2026-03-25,App,ST007,866.18,45.59,Cash,Completed,
TXN000762,CUST00159,2026-04-03,WeChatStore,ST001,1053.13,0.0,WeChatPay,Completed,
TXN000763,CUST00159,2026-04-15,POS,ST003,481.55,0.0,WeChatPay,Completed,
TXN000764,CUST00160,2026-01-24,POS,ST003,332.01,0.0,Cash,Completed,
TXN000765,CUST00160,2026-04-04,App,ST008,1592.16,132.4,Cash,Completed,
TXN000766,CUST00161,2025-10-01,POS,ST003,2531.72,96.54,WeChatPay,Completed,
TXN000767,CUST00161,2025-10-17,WeChatStore,ST005,947.34,0.0,WeChatPay,Completed,
TXN000768,CUST00161,2025-12-11,App,ST005,331.77,28.85,StoreValueCard,Completed,
TXN000769,CUST00161,2025-12-20,MiniProgram,ST009,1793.37,47.24,Alipay,Completed,CMP006
TXN000770,CUST00161,2026-02-12,App,ST007,1081.28,0.0,Alipay,Completed,
TXN000771,CUST00161,2026-03-19,App,ST006,233.42,0.0,CreditCard,Completed,
TXN000772,CUST00161,2026-05-13,POS,ST003,2202.86,139.5,Alipay,Completed,
TXN000773,CUST00162,2026-03-14,WeChatStore,ST012,1011.51,0.0,CreditCard,Completed,
TXN000774,CUST00162,2026-03-21,WeChatStore,ST003,1341.24,0.0,Cash,Completed,CMP005
TXN000775,CUST00162,2026-05-20,POS,ST002,1032.12,0.0,Alipay,Completed,
TXN000776,CUST00163,2025-11-13,WeChatStore,ST010,2392.06,96.68,StoreValueCard,Completed,
TXN000777,CUST00163,2026-02-23,WeChatStore,ST012,1019.19,88.63,Alipay,PartiallyReturned,
TXN000778,CUST00163,2026-04-08,MiniProgram,ST007,481.4,65.64,WeChatPay,Completed,
TXN000779,CUST00163,2026-05-13,WeChatStore,ST012,914.39,79.51,Cash,Returned,
TXN000780,CUST00164,2026-06-06,App,ST008,351.51,0.0,StoreValueCard,Completed,
TXN000781,CUST00164,2026-06-07,POS,ST005,970.53,84.79,WeChatPay,Completed,CMP004
TXN000782,CUST00165,2025-03-14,WeChatStore,ST009,1645.3,121.4,Alipay,Completed,
TXN000783,CUST00165,2025-03-17,App,ST001,1634.78,35.91,WeChatPay,PartiallyReturned,
TXN000784,CUST00165,2025-07-24,App,ST006,1170.54,47.76,Cash,Completed,
TXN000785,CUST00165,2026-04-07,MiniProgram,ST004,1861.89,156.29,Alipay,Completed,
TXN000786,CUST00166,2025-07-22,POS,ST002,1025.01,49.7,WeChatPay,Completed,
TXN000787,CUST00167,2025-09-02,WeChatStore,ST002,592.88,104.63,WeChatPay,Completed,
TXN000788,CUST00167,2025-10-31,MiniProgram,ST005,1229.94,119.27,CreditCard,Completed,CMP006
TXN000789,CUST00167,2025-11-13,MiniProgram,ST012,360.62,0.0,StoreValueCard,PartiallyReturned,
TXN000790,CUST00167,2025-12-23,MiniProgram,ST004,993.9,0.0,WeChatPay,Completed,
TXN000791,CUST00167,2026-04-05,App,ST008,355.31,0.0,Alipay,Completed,
TXN000792,CUST00167,2026-05-15,WeChatStore,ST003,622.17,20.06,CreditCard,Completed,
TXN000793,CUST00168,2025-01-04,POS,ST003,379.86,0.0,CreditCard,Completed,
TXN000794,CUST00168,2025-06-22,MiniProgram,ST001,1536.68,132.94,CreditCard,Completed,
TXN000795,CUST00168,2025-08-08,App,ST009,2215.64,0.0,Cash,Completed,
TXN000796,CUST00168,2025-10-12,Tmall,ST011,1734.89,23.34,Alipay,Completed,CMP004
TXN000797,CUST00168,2025-12-01,App,ST009,993.9,0.0,Alipay,Completed,
TXN000798,CUST00168,2026-04-19,WeChatStore,ST006,250.72,0.0,CreditCard,Completed,
TXN000799,CUST00168,2026-05-13,App,ST002,706.93,83.7,Alipay,Completed,
TXN000800,CUST00169,2025-12-19,MiniProgram,ST009,667.96,26.72,CreditCard,Completed,
TXN000801,CUST00169,2026-01-13,Douyin,ST008,974.88,132.94,WeChatPay,Completed,
TXN000802,CUST00169,2026-02-05,Douyin,ST008,484.0,0.0,Alipay,Completed,
TXN000803,CUST00169,2026-02-22,WeChatStore,ST011,2217.09,204.25,Cash,Completed,
TXN000804,CUST00169,2026-05-13,POS,ST007,1254.8,11.35,Alipay,Completed,
TXN000805,CUST00169,2026-06-05,MiniProgram,ST002,1449.86,93.1,StoreValueCard,Completed,
TXN000806,CUST00169,2026-06-13,Tmall,ST011,684.34,0.0,StoreValueCard,Completed,
TXN000807,CUST00169,2026-06-14,Douyin,ST003,916.91,0.0,WeChatPay,Completed,CMP002
TXN000808,CUST00170,2025-05-23,MiniProgram,ST009,94.61,0.0,StoreValueCard,Completed,
TXN000809,CUST00170,2026-05-21,App,ST012,1329.95,178.98,Cash,Completed,CMP002
TXN000810,CUST00171,2026-05-13,MiniProgram,ST006,359.94,0.0,Cash,Completed,
TXN000811,CUST00171,2026-06-03,POS,ST011,2089.56,85.76,StoreValueCard,Completed,
TXN000812,CUST00172,2024-12-18,POS,ST005,2042.4,50.59,Alipay,Completed,
TXN000813,CUST00172,2025-07-05,Douyin,ST007,1247.21,9.31,StoreValueCard,Completed,
TXN000814,CUST00172,2025-10-29,POS,ST005,1565.28,0.0,WeChatPay,Completed,
TXN000815,CUST00172,2026-05-09,App,ST008,597.78,0.0,Cash,Completed,CMP001
TXN000816,CUST00173,2026-05-18,POS,ST007,369.05,0.0,Cash,Completed,
TXN000817,CUST00173,2026-06-05,Tmall,ST009,377.5,0.0,Alipay,Completed,
TXN000818,CUST00174,2025-04-02,POS,ST006,561.8,0.0,Alipay,Completed,
TXN000819,CUST00174,2025-05-13,POS,ST006,559.98,0.0,StoreValueCard,Completed,
TXN000820,CUST00174,2025-06-21,App,ST010,88.64,0.0,Cash,Completed,
TXN000821,CUST00175,2025-04-12,App,ST002,947.13,0.0,WeChatPay,Completed,
TXN000822,CUST00175,2025-07-17,Douyin,ST007,820.59,91.18,StoreValueCard,Completed,
TXN000823,CUST00176,2026-03-15,Douyin,ST004,831.34,113.36,CreditCard,Completed,
TXN000824,CUST00176,2026-03-20,App,ST011,627.69,54.58,WeChatPay,Completed,
TXN000825,CUST00176,2026-03-22,Tmall,ST008,70.42,9.6,WeChatPay,Completed,
TXN000826,CUST00176,2026-04-12,MiniProgram,ST011,516.06,0.0,WeChatPay,Completed,
TXN000827,CUST00176,2026-04-13,Tmall,ST002,1437.38,0.0,CreditCard,Completed,
TXN000828,CUST00176,2026-04-20,App,ST001,516.06,0.0,WeChatPay,Completed,
TXN000829,CUST00176,2026-04-27,Tmall,ST010,379.86,0.0,Alipay,Completed,
TXN000830,CUST00176,2026-05-02,App,ST007,974.88,132.94,Alipay,Completed,
TXN000831,CUST00177,2026-03-07,Tmall,ST007,470.7,0.0,WeChatPay,Completed,
TXN000832,CUST00177,2026-03-11,MiniProgram,ST010,2161.25,0.0,Cash,Completed,
TXN000833,CUST00177,2026-03-13,WeChatStore,ST009,1045.8,125.97,WeChatPay,Completed,CMP004
TXN000834,CUST00177,2026-03-29,Tmall,ST003,334.06,0.0,CreditCard,Completed,
TXN000835,CUST00177,2026-03-29,Tmall,ST006,1555.56,48.4,Alipay,Completed,
TXN000836,CUST00177,2026-04-01,Tmall,ST009,1426.41,166.31,Cash,Completed,
TXN000837,CUST00177,2026-04-08,MiniProgram,ST002,1224.79,72.95,WeChatPay,Completed,
TXN000838,CUST00177,2026-04-15,MiniProgram,ST004,947.52,47.07,CreditCard,Completed,
TXN000839,CUST00178,2026-06-28,POS,ST009,440.6,0.0,Cash,Completed,CMP002
TXN000840,CUST00179,2026-01-29,Tmall,ST010,481.98,41.91,Alipay,PartiallyReturned,
TXN000841,CUST00179,2026-02-06,MiniProgram,ST011,481.55,0.0,WeChatPay,Completed,CMP004
TXN000842,CUST00179,2026-02-23,MiniProgram,ST005,334.06,0.0,WeChatPay,Completed,
TXN000843,CUST00179,2026-05-04,MiniProgram,ST006,417.16,9.46,Cash,Completed,
TXN000844,CUST00180,2025-05-07,Tmall,ST004,1107.82,0.0,CreditCard,Completed,
TXN000845,CUST00180,2025-08-07,Douyin,ST007,1510.76,44.94,CreditCard,Completed,
TXN000846,CUST00180,2025-08-08,POS,ST004,1210.85,94.47,StoreValueCard,Completed,
TXN000847,CUST00180,2025-08-20,Tmall,ST006,523.89,0.0,Cash,Completed,
TXN000848,CUST00181,2025-03-30,POS,ST005,457.54,0.0,StoreValueCard,Completed,
TXN000849,CUST00181,2025-05-18,MiniProgram,ST012,379.86,0.0,Alipay,Completed,
TXN000850,CUST00182,2026-05-04,MiniProgram,ST008,916.91,0.0,CreditCard,Completed,
TXN000851,CUST00182,2026-06-15,WeChatStore,ST009,2172.32,243.34,CreditCard,Completed,
TXN000852,CUST00183,2026-01-30,MiniProgram,ST008,205.42,10.81,Alipay,Completed,
TXN000853,CUST00183,2026-03-04,MiniProgram,ST009,1107.82,0.0,Cash,PartiallyReturned,
TXN000854,CUST00183,2026-04-08,WeChatStore,ST004,941.65,166.17,Cash,Returned,
TXN000855,CUST00183,2026-04-18,Douyin,ST012,2791.77,242.76,CreditCard,Completed,CMP001
TXN000856,CUST00183,2026-05-03,Tmall,ST007,1001.83,87.12,WeChatPay,Completed,
TXN000857,CUST00183,2026-05-16,WeChatStore,ST003,420.94,36.6,CreditCard,Completed,CMP001
TXN000858,CUST00184,2025-08-14,WeChatStore,ST002,601.69,31.66,CreditCard,Completed,
TXN000859,CUST00184,2025-09-07,WeChatStore,ST010,2150.1,35.25,Cash,Completed,
TXN000860,CUST00184,2025-11-11,POS,ST002,253.75,44.78,StoreValueCard,Completed,
TXN000861,CUST00185,2026-05-25,App,ST012,156.03,0.0,WeChatPay,PartiallyReturned,
TXN000862,CUST00185,2026-06-07,Tmall,ST010,1017.26,46.61,WeChatPay,Completed,
TXN000863,CUST00185,2026-06-10,MiniProgram,ST006,83.36,0.0,StoreValueCard,Completed,
TXN000864,CUST00185,2026-06-24,MiniProgram,ST008,640.34,0.0,Cash,Completed,
TXN000865,CUST00185,2026-06-29,POS,ST010,379.86,0.0,Alipay,Completed,
TXN000866,CUST00186,2025-08-07,MiniProgram,ST008,474.78,41.28,StoreValueCard,Completed,
TXN000867,CUST00186,2025-08-24,WeChatStore,ST008,523.89,0.0,WeChatPay,Completed,
TXN000868,CUST00186,2025-11-17,Tmall,ST009,642.6,0.0,Cash,Completed,
TXN000869,CUST00186,2025-12-16,Tmall,ST002,94.61,0.0,WeChatPay,Completed,
TXN000870,CUST00186,2026-05-30,POS,ST010,2883.07,415.0,Cash,Completed,
TXN000871,CUST00187,2026-04-20,App,ST005,1444.34,131.29,CreditCard,Completed,
TXN000872,CUST00187,2026-04-25,MiniProgram,ST005,962.93,0.0,WeChatPay,Completed,
TXN000873,CUST00187,2026-04-25,App,ST005,1088.95,0.0,CreditCard,Completed,
TXN000874,CUST00187,2026-04-27,App,ST010,470.7,0.0,StoreValueCard,Returned,
TXN000875,CUST00187,2026-05-20,Douyin,ST006,470.7,0.0,CreditCard,Completed,
TXN000876,CUST00187,2026-06-07,App,ST001,2028.85,44.8,WeChatPay,Completed,
TXN000877,CUST00188,2025-09-14,WeChatStore,ST005,597.78,0.0,Cash,Completed,
TXN000878,CUST00188,2025-09-27,Douyin,ST011,887.44,98.6,WeChatPay,Completed,CMP006
TXN000879,CUST00188,2026-06-17,MiniProgram,ST009,629.59,54.75,CreditCard,Completed,
TXN000880,CUST00189,2026-03-26,WeChatStore,ST002,83.36,0.0,Alipay,Completed,
TXN000881,CUST00189,2026-04-08,App,ST002,80.42,14.19,Cash,Returned,
TXN000882,CUST00189,2026-04-24,Tmall,ST004,79.15,13.97,WeChatPay,Returned,
TXN000883,CUST00189,2026-05-03,Douyin,ST008,233.42,0.0,CreditCard,Completed,CMP006
TXN000884,CUST00190,2026-06-04,App,ST011,1120.95,0.0,Alipay,Completed,CMP005
TXN000885,CUST00190,2026-06-06,MiniProgram,ST006,760.42,103.69,Cash,Completed,CMP003
TXN000886,CUST00191,2026-01-21,Douyin,ST006,771.34,0.0,CreditCard,Completed,
TXN000887,CUST00191,2026-04-01,MiniProgram,ST001,519.69,27.35,WeChatPay,Completed,
TXN000888,CUST00191,2026-05-21,Douyin,ST011,571.18,30.06,CreditCard,Completed,
TXN000889,CUST00192,2025-10-21,Douyin,ST001,1164.17,70.3,CreditCard,Completed,
TXN000890,CUST00192,2025-12-24,POS,ST004,150.46,0.0,CreditCard,Completed,
TXN000891,CUST00192,2026-01-28,Douyin,ST006,2030.33,173.02,WeChatPay,Completed,
TXN000892,CUST00192,2026-04-02,Tmall,ST004,302.01,53.3,CreditCard,Completed,CMP006
TXN000893,CUST00192,2026-04-07,Douyin,ST011,684.34,0.0,WeChatPay,Completed,CMP001
TXN000894,CUST00192,2026-04-22,WeChatStore,ST008,84.21,4.43,CreditCard,Completed,
TXN000895,CUST00192,2026-05-06,POS,ST004,685.21,0.0,Alipay,Completed,CMP004
TXN000896,CUST00193,2026-04-15,App,ST003,864.11,0.0,Cash,Completed,
TXN000897,CUST00193,2026-05-25,Tmall,ST011,682.27,0.0,Alipay,Completed,
TXN000898,CUST00194,2025-11-04,Douyin,ST011,779.37,137.54,CreditCard,Completed,
TXN000899,CUST00194,2025-11-27,App,ST008,696.97,0.0,StoreValueCard,PartiallyReturned,
TXN000900,CUST00194,2025-12-24,Tmall,ST003,1465.55,77.13,Alipay,Completed,
TXN000901,CUST00194,2026-01-26,App,ST003,553.14,48.1,CreditCard,Completed,CMP006
TXN000902,CUST00194,2026-04-18,App,ST003,359.94,0.0,WeChatPay,Returned,
TXN000903,CUST00194,2026-05-07,Tmall,ST011,601.24,0.0,Cash,Returned,
TXN000904,CUST00194,2026-05-07,WeChatStore,ST010,696.97,0.0,Cash,Completed,CMP002
TXN000905,CUST00195,2025-03-29,App,ST010,1087.33,0.0,WeChatPay,Completed,CMP002
TXN000906,CUST00195,2025-04-28,MiniProgram,ST011,829.75,55.36,WeChatPay,Completed,
TXN000907,CUST00195,2025-05-25,MiniProgram,ST010,1735.71,0.0,WeChatPay,Completed,
TXN000908,CUST00196,2025-06-14,MiniProgram,ST006,1047.53,0.0,Alipay,Completed,
TXN000909,CUST00196,2025-09-12,App,ST008,986.04,0.0,CreditCard,Completed,
TXN000910,CUST00196,2025-12-07,MiniProgram,ST002,1370.42,0.0,WeChatPay,Completed,
TXN000911,CUST00196,2025-12-11,Douyin,ST005,470.7,0.0,CreditCard,PartiallyReturned,
TXN000912,CUST00196,2025-12-24,WeChatStore,ST006,213.04,4.66,StoreValueCard,Completed,
TXN000913,CUST00196,2026-02-07,MiniProgram,ST012,80.35,0.0,WeChatPay,Completed,
TXN000914,CUST00196,2026-05-22,WeChatStore,ST002,1486.01,56.61,Alipay,Completed,
TXN000915,CUST00197,2025-08-05,App,ST007,63.95,11.28,Alipay,Completed,CMP001
TXN000916,CUST00198,2026-01-23,MiniProgram,ST006,2055.16,0.0,Alipay,Completed,CMP004
TXN000917,CUST00198,2026-03-23,MiniProgram,ST009,359.94,0.0,StoreValueCard,Completed,
TXN000918,CUST00199,2024-08-23,POS,ST012,1081.28,0.0,Cash,Completed,
TXN000919,CUST00199,2025-03-01,App,ST002,970.23,61.93,WeChatPay,Completed,
TXN000920,CUST00199,2026-03-29,App,ST005,594.04,0.0,WeChatPay,Returned,
TXN000921,CUST00199,2026-04-18,MiniProgram,ST012,771.34,0.0,CreditCard,Completed,
TXN000922,CUST00200,2026-04-30,Douyin,ST007,629.59,54.75,CreditCard,Completed,
TXN000923,CUST00200,2026-05-01,Douyin,ST010,961.86,0.0,CreditCard,Completed,CMP005
TXN000924,CUST00200,2026-05-01,MiniProgram,ST004,824.23,71.67,Cash,Completed,
TXN000925,CUST00200,2026-05-01,MiniProgram,ST011,2567.02,0.0,Alipay,Completed,
TXN000926,CUST00200,2026-05-07,Douyin,ST004,947.34,0.0,CreditCard,Completed,
TXN000927,CUST00200,2026-05-13,WeChatStore,ST002,696.97,0.0,Alipay,Completed,
TXN000928,CUST00200,2026-05-13,MiniProgram,ST009,838.13,147.91,Cash,Completed,
TXN000929,CUST00201,2025-10-04,MiniProgram,ST009,405.35,35.25,CreditCard,Completed,
TXN000930,CUST00201,2025-10-29,MiniProgram,ST005,836.88,95.0,StoreValueCard,Completed,
TXN000931,CUST00201,2025-11-04,POS,ST011,814.59,0.0,StoreValueCard,Completed,
TXN000932,CUST00201,2025-11-04,MiniProgram,ST005,1242.48,0.0,StoreValueCard,Returned,CMP006
TXN000933,CUST00202,2025-10-23,App,ST012,332.78,58.73,Cash,Completed,
TXN000934,CUST00202,2026-01-02,POS,ST003,1175.07,166.17,CreditCard,Completed,
TXN000935,CUST00202,2026-01-02,App,ST004,1195.56,0.0,Alipay,Completed,
TXN000936,CUST00202,2026-03-15,App,ST003,2015.36,128.64,Cash,Completed,
TXN000937,CUST00202,2026-05-09,Tmall,ST005,1057.45,0.0,Alipay,Completed,
TXN000938,CUST00202,2026-06-05,App,ST001,1395.02,0.0,WeChatPay,Completed,
TXN000939,CUST00202,2026-06-08,App,ST001,263.54,0.0,Cash,Completed,CMP003
TXN000940,CUST00203,2026-02-22,MiniProgram,ST006,503.28,43.76,WeChatPay,Completed,
TXN000941,CUST00203,2026-02-24,Tmall,ST009,581.69,102.65,CreditCard,Completed,
TXN000942,CUST00203,2026-03-02,POS,ST010,81.95,11.17,CreditCard,Completed,
TXN000943,CUST00204,2025-07-12,POS,ST003,1201.64,81.87,WeChatPay,Completed,
TXN000944,CUST00204,2025-07-15,Tmall,ST008,2873.08,0.0,CreditCard,Completed,CMP006
TXN000945,CUST00204,2025-09-20,WeChatStore,ST012,925.61,163.34,CreditCard,Completed,
TXN000946,CUST00204,2026-02-18,App,ST009,3112.35,0.0,CreditCard,Completed,CMP003
TXN000947,CUST00204,2026-04-29,App,ST011,670.27,0.0,StoreValueCard,Completed,
TXN000948,CUST00204,2026-05-02,Tmall,ST005,696.97,0.0,WeChatPay,Completed,CMP001
TXN000949,CUST00204,2026-06-16,POS,ST003,1816.93,44.8,Cash,Completed,
TXN000950,CUST00205,2026-06-04,Douyin,ST012,1168.25,48.29,Cash,Completed,
TXN000951,CUST00206,2025-12-25,Tmall,ST006,1418.37,91.18,WeChatPay,Completed,
TXN000952,CUST00206,2025-12-28,WeChatStore,ST011,696.97,0.0,Cash,Completed,
TXN000953,CUST00206,2026-01-10,MiniProgram,ST002,1432.55,143.47,WeChatPay,Completed,
TXN000954,CUST00206,2026-01-23,Douyin,ST010,2075.29,68.63,CreditCard,Completed,
TXN000955,CUST00206,2026-02-07,App,ST005,1711.28,191.67,Alipay,Completed,
TXN000956,CUST00206,2026-02-28,App,ST002,1426.55,137.05,StoreValueCard,Completed,
TXN000957,CUST00206,2026-04-04,Douyin,ST005,980.06,108.9,Cash,Completed,
TXN000958,CUST00206,2026-04-15,App,ST006,986.04,0.0,Cash,Completed,
TXN000959,CUST00206,2026-05-10,POS,ST008,910.53,101.17,Cash,Completed,CMP001
TXN000960,CUST00206,2026-05-16,Tmall,ST009,1284.49,82.12,StoreValueCard,Completed,
TXN000961,CUST00207,2026-06-01,App,ST009,391.51,0.0,WeChatPay,Completed,
TXN000962,CUST00208,2026-03-24,MiniProgram,ST002,935.84,0.0,Cash,Completed,CMP006
TXN000963,CUST00208,2026-04-01,App,ST001,955.59,90.04,Alipay,Completed,
TXN000964,CUST00208,2026-04-07,MiniProgram,ST005,943.0,104.78,StoreValueCard,Completed,
TXN000965,CUST00208,2026-04-13,App,ST012,411.4,72.6,StoreValueCard,Completed,
TXN000966,CUST00208,2026-04-13,WeChatStore,ST003,801.09,64.95,Cash,Completed,
TXN000967,CUST00208,2026-05-17,MiniProgram,ST011,299.29,0.0,CreditCard,Completed,
TXN000968,CUST00208,2026-06-06,MiniProgram,ST002,299.29,0.0,WeChatPay,Completed,
TXN000969,CUST00209,2025-08-21,WeChatStore,ST002,512.21,44.54,CreditCard,Completed,CMP005
TXN000970,CUST00209,2025-10-31,App,ST006,1872.43,37.35,CreditCard,Completed,
TXN000971,CUST00209,2025-11-12,Douyin,ST010,2000.15,160.8,Alipay,Completed,
TXN000972,CUST00210,2025-10-09,POS,ST005,1029.48,63.77,StoreValueCard,Completed,
TXN000973,CUST00210,2026-01-27,MiniProgram,ST002,1691.86,0.0,Cash,Completed,
TXN000974,CUST00210,2026-05-14,MiniProgram,ST011,1894.26,0.0,Cash,PartiallyReturned,CMP003
TXN000975,CUST00211,2026-04-26,POS,ST009,1034.5,54.45,StoreValueCard,Completed,
TXN000976,CUST00211,2026-04-26,Douyin,ST010,1609.48,0.0,StoreValueCard,Completed,
TXN000977,CUST00211,2026-04-30,MiniProgram,ST010,684.34,0.0,Alipay,Completed,
TXN000978,CUST00211,2026-05-14,Douyin,ST011,1589.96,138.26,WeChatPay,PartiallyReturned,
TXN000979,CUST00211,2026-05-30,WeChatStore,ST005,916.91,0.0,Alipay,Completed,CMP006
TXN000980,CUST00211,2026-05-31,Tmall,ST001,1354.61,0.0,Cash,Completed,
TXN000981,CUST00211,2026-06-01,POS,ST009,986.04,0.0,Cash,Completed,
TXN000982,CUST00211,2026-06-01,Tmall,ST006,1171.54,0.0,Cash,Completed,
TXN000983,CUST00211,2026-06-06,Douyin,ST001,1011.7,0.0,WeChatPay,Completed,
TXN000984,CUST00211,2026-06-08,Tmall,ST006,1178.23,102.45,CreditCard,Completed,
TXN000985,CUST00211,2026-06-11,App,ST009,2092.26,147.35,WeChatPay,Completed,
TXN000986,CUST00211,2026-06-12,App,ST011,1579.53,64.87,Alipay,Completed,
TXN000987,CUST00212,2025-04-21,POS,ST008,1339.08,155.4,CreditCard,Completed,
TXN000988,CUST00212,2025-06-24,WeChatStore,ST009,703.02,0.0,CreditCard,Completed,
TXN000989,CUST00212,2025-08-18,WeChatStore,ST011,419.78,0.0,WeChatPay,Completed,
TXN000990,CUST00212,2026-01-19,Tmall,ST004,800.19,141.21,CreditCard,Completed,
TXN000991,CUST00213,2026-05-05,Douyin,ST012,1673.93,224.84,CreditCard,Completed,
TXN000992,CUST00213,2026-06-05,POS,ST010,165.03,9.6,Alipay,Completed,CMP002
TXN000993,CUST00213,2026-06-06,POS,ST010,808.69,0.0,StoreValueCard,Completed,
TXN000994,CUST00214,2026-05-31,App,ST004,2858.89,39.15,WeChatPay,Completed,
TXN000995,CUST00214,2026-06-01,App,ST009,1875.64,331.0,Cash,Completed,
TXN000996,CUST00214,2026-06-03,MiniProgram,ST008,160.7,0.0,StoreValueCard,Completed,
TXN000997,CUST00214,2026-06-05,Tmall,ST003,1544.28,113.68,StoreValueCard,Completed,
TXN000998,CUST00214,2026-06-05,App,ST011,337.54,17.77,Cash,Completed,
TXN000999,CUST00215,2026-04-29,MiniProgram,ST001,947.13,0.0,Alipay,Completed,
TXN001000,CUST00215,2026-05-05,POS,ST010,2537.31,0.0,CreditCard,Returned,
TXN001001,CUST00215,2026-05-11,Tmall,ST008,1101.65,109.41,StoreValueCard,Completed,
TXN001002,CUST00215,2026-05-14,Tmall,ST006,747.27,44.31,WeChatPay,Completed,
TXN001003,CUST00215,2026-05-19,MiniProgram,ST009,788.39,107.51,WeChatPay,Completed,
TXN001004,CUST00216,2026-03-27,Douyin,ST007,992.99,110.33,Cash,Returned,
TXN001005,CUST00216,2026-06-08,Douyin,ST008,1061.84,0.0,Cash,Completed,CMP002
TXN001006,CUST00217,2026-03-03,Tmall,ST007,696.97,0.0,Cash,Completed,
TXN001007,CUST00217,2026-03-08,MiniProgram,ST010,947.34,0.0,CreditCard,Completed,CMP003
TXN001008,CUST00217,2026-03-28,App,ST007,1088.95,0.0,WeChatPay,Completed,CMP002
TXN001009,CUST00217,2026-04-21,Tmall,ST008,1066.22,82.06,WeChatPay,Completed,
TXN001010,CUST00217,2026-05-02,App,ST004,1152.54,28.01,Alipay,Completed,
TXN001011,CUST00218,2025-07-28,WeChatStore,ST003,423.76,57.79,CreditCard,Returned,
TXN001012,CUST00218,2025-08-01,POS,ST002,1061.85,14.19,CreditCard,Completed,
TXN001013,CUST00218,2025-08-04,Douyin,ST010,83.36,0.0,WeChatPay,Completed,
TXN001014,CUST00218,2025-10-04,Douyin,ST001,637.43,94.88,WeChatPay,Returned,
TXN001015,CUST00219,2026-05-20,POS,ST009,391.51,0.0,WeChatPay,Completed,
TXN001016,CUST00219,2026-06-02,Douyin,ST001,477.53,84.27,Alipay,Completed,
TXN001017,CUST00220,2025-06-16,WeChatStore,ST005,801.2,110.11,StoreValueCard,Completed,
TXN001018,CUST00220,2025-10-18,Tmall,ST002,75.23,0.0,WeChatPay,Completed,
TXN001019,CUST00220,2025-10-31,App,ST006,80.8,0.0,CreditCard,Completed,
TXN001020,CUST00220,2026-01-08,POS,ST004,160.7,0.0,CreditCard,Completed,
TXN001021,CUST00220,2026-01-23,Douyin,ST006,80.35,0.0,Cash,Completed,
TXN001022,CUST00220,2026-05-13,POS,ST004,442.79,23.3,Alipay,Completed,
TXN001023,CUST00221,2026-06-21,POS,ST011,1354.09,31.32,StoreValueCard,Completed,
TXN001024,CUST00222,2026-03-29,WeChatStore,ST009,653.1,0.0,Alipay,Completed,
TXN001025,CUST00222,2026-04-20,Tmall,ST008,341.94,18.0,StoreValueCard,Completed,
TXN001026,CUST00222,2026-04-27,Douyin,ST010,423.63,47.07,StoreValueCard,Completed,
TXN001027,CUST00222,2026-05-03,WeChatStore,ST009,548.04,11.17,CreditCard,Completed,
TXN001028,CUST00222,2026-05-11,MiniProgram,ST012,396.18,69.91,Cash,Completed,
TXN001029,CUST00222,2026-05-15,MiniProgram,ST002,244.69,22.35,StoreValueCard,Completed,
TXN001030,CUST00222,2026-05-17,WeChatStore,ST008,1280.68,0.0,WeChatPay,Completed,
TXN001031,CUST00223,2025-08-31,Douyin,ST011,166.51,22.71,WeChatPay,Completed,
TXN001032,CUST00223,2025-09-02,MiniProgram,ST008,83.36,0.0,StoreValueCard,Completed,
TXN001033,CUST00223,2025-10-07,Douyin,ST011,614.04,68.23,WeChatPay,Completed,
TXN001034,CUST00224,2025-11-18,MiniProgram,ST001,1011.7,0.0,StoreValueCard,Completed,
TXN001035,CUST00224,2026-01-03,POS,ST010,1205.03,202.08,WeChatPay,Completed,
TXN001036,CUST00224,2026-01-25,POS,ST010,963.1,0.0,WeChatPay,Completed,
TXN001037,CUST00224,2026-02-16,MiniProgram,ST010,871.19,30.2,CreditCard,Completed,CMP001
TXN001038,CUST00224,2026-02-16,Douyin,ST008,864.11,0.0,CreditCard,Completed,CMP006
TXN001039,CUST00224,2026-02-19,Douyin,ST004,497.7,35.01,StoreValueCard,Completed,
TXN001040,CUST00224,2026-05-10,WeChatStore,ST005,300.65,33.41,CreditCard,Completed,
TXN001041,CUST00224,2026-05-26,Tmall,ST003,1032.16,0.0,Alipay,Completed,
TXN001042,CUST00224,2026-06-06,App,ST006,83.36,0.0,Alipay,Returned,
TXN001043,CUST00225,2026-04-21,Tmall,ST010,601.24,0.0,Cash,Completed,
TXN001044,CUST00225,2026-05-18,Tmall,ST005,1512.86,0.0,Cash,Completed,
TXN001045,CUST00225,2026-06-01,MiniProgram,ST003,2263.67,259.51,StoreValueCard,Completed,
TXN001046,CUST00225,2026-06-13,Douyin,ST001,334.28,45.58,Cash,PartiallyReturned,
TXN001047,CUST00225,2026-06-14,MiniProgram,ST009,2033.72,37.75,StoreValueCard,Completed,
TXN001048,CUST00226,2026-02-07,MiniProgram,ST002,79.15,13.97,Alipay,Completed,
TXN001049,CUST00226,2026-02-07,WeChatStore,ST012,1054.39,117.15,CreditCard,Completed,
TXN001050,CUST00226,2026-03-18,MiniProgram,ST007,1504.68,0.0,StoreValueCard,Completed,
TXN001051,CUST00226,2026-03-28,App,ST001,610.92,0.0,CreditCard,Completed,CMP006
TXN001052,CUST00226,2026-04-01,MiniProgram,ST001,1107.82,0.0,Cash,Completed,
TXN001053,CUST00226,2026-04-11,POS,ST009,623.48,0.0,Cash,Completed,
TXN001054,CUST00226,2026-05-04,Douyin,ST008,911.2,160.8,WeChatPay,Completed,
TXN001055,CUST00227,2025-12-18,App,ST010,2303.5,283.41,StoreValueCard,Completed,
TXN001056,CUST00227,2026-01-12,WeChatStore,ST002,682.27,0.0,CreditCard,Completed,
TXN001057,CUST00227,2026-01-16,POS,ST009,1011.51,0.0,Alipay,Completed,CMP006
TXN001058,CUST00227,2026-02-06,POS,ST009,1467.76,0.0,Alipay,Completed,
TXN001059,CUST00227,2026-03-03,WeChatStore,ST007,225.65,25.07,WeChatPay,Completed,
TXN001060,CUST00227,2026-04-14,Tmall,ST008,312.67,42.64,Cash,PartiallyReturned,
TXN001061,CUST00227,2026-04-27,Douyin,ST001,1011.67,118.3,Cash,Completed,
TXN001062,CUST00228,2026-04-05,App,ST009,2359.64,150.09,Alipay,Completed,
TXN001063,CUST00228,2026-04-06,MiniProgram,ST009,3478.33,54.09,Cash,Completed,CMP003
TXN001064,CUST00228,2026-04-25,App,ST007,1875.64,331.0,WeChatPay,Completed,CMP005
TXN001065,CUST00228,2026-04-28,MiniProgram,ST005,759.1,64.87,Cash,Completed,
TXN001066,CUST00228,2026-04-29,WeChatStore,ST005,1171.54,0.0,StoreValueCard,Completed,
TXN001067,CUST00228,2026-05-02,WeChatStore,ST007,2020.15,140.62,Cash,Completed,
TXN001068,CUST00228,2026-06-01,App,ST002,1103.32,0.0,CreditCard,Completed,
TXN001069,CUST00229,2025-11-19,POS,ST005,736.43,60.86,WeChatPay,Completed,
TXN001070,CUST00229,2026-03-25,App,ST007,298.53,0.0,StoreValueCard,Completed,
TXN001071,CUST00229,2026-04-01,MiniProgram,ST007,629.59,54.75,CreditCard,Completed,
TXN001072,CUST00229,2026-05-01,Douyin,ST009,528.05,93.19,Cash,Completed,
TXN001073,CUST00229,2026-05-28,MiniProgram,ST005,230.66,20.06,Alipay,PartiallyReturned,
TXN001074,CUST00230,2026-06-19,WeChatStore,ST007,1470.04,0.0,WeChatPay,Completed,CMP003
TXN001075,CUST00231,2026-03-21,MiniProgram,ST006,337.54,17.77,CreditCard,Returned,
TXN001076,CUST00231,2026-06-22,Tmall,ST002,331.14,28.8,CreditCard,Completed,
TXN001077,CUST00232,2025-08-30,WeChatStore,ST007,410.62,24.25,Alipay,Completed,
TXN001078,CUST00232,2025-11-14,App,ST001,598.58,0.0,WeChatPay,Completed,CMP003
TXN001079,CUST00232,2026-06-04,WeChatStore,ST011,1430.08,22.03,CreditCard,Completed,CMP003
TXN001080,CUST00233,2024-11-22,Douyin,ST001,864.11,0.0,Cash,Completed,
TXN001081,CUST00233,2025-09-07,MiniProgram,ST005,826.73,76.96,Cash,Completed,CMP001
TXN001082,CUST00233,2025-12-13,Tmall,ST007,1107.82,0.0,CreditCard,Completed,
TXN001083,CUST00233,2026-02-02,Tmall,ST005,391.51,0.0,StoreValueCard,Completed,CMP005
TXN001084,CUST00233,2026-04-16,Douyin,ST002,1941.24,0.0,Cash,Completed,
TXN001085,CUST00234,2026-06-15,WeChatStore,ST003,2435.27,94.47,WeChatPay,Completed,
TXN001086,CUST00234,2026-06-21,POS,ST006,172.0,0.0,StoreValueCard,Completed,
TXN001087,CUST00234,2026-06-27,Tmall,ST012,685.21,0.0,StoreValueCard,Completed,CMP003
TXN001088,CUST00234,2026-06-27,WeChatStore,ST006,87.04,7.57,CreditCard,Completed,
TXN001089,CUST00235,2026-06-09,Tmall,ST003,262.71,35.82,Alipay,Completed,CMP006
TXN001090,CUST00235,2026-06-10,WeChatStore,ST001,2274.8,332.35,Alipay,Completed,CMP004
TXN001091,CUST00236,2025-07-01,MiniProgram,ST007,577.61,28.42,CreditCard,Completed,
TXN001092,CUST00236,2025-09-08,App,ST002,263.54,0.0,StoreValueCard,Completed,
TXN001093,CUST00236,2025-12-09,MiniProgram,ST008,250.72,0.0,Cash,Completed,
TXN001094,CUST00236,2026-02-07,Douyin,ST003,1012.24,134.39,CreditCard,Completed,
TXN001095,CUST00236,2026-02-24,POS,ST012,1088.95,0.0,Cash,Completed,
TXN001096,CUST00236,2026-03-15,POS,ST012,263.54,0.0,CreditCard,Completed,
TXN001097,CUST00236,2026-04-11,Douyin,ST004,974.88,132.94,StoreValueCard,Completed,
TXN001098,CUST00236,2026-06-02,POS,ST012,1604.76,0.0,WeChatPay,Completed,
TXN001099,CUST00236,2026-06-14,Tmall,ST007,1894.68,0.0,StoreValueCard,PartiallyReturned,
TXN001100,CUST00236,2026-06-14,Douyin,ST002,1247.17,138.24,Cash,Completed,
TXN001101,CUST00237,2026-04-10,POS,ST001,1627.94,34.85,StoreValueCard,Completed,
TXN001102,CUST00237,2026-05-05,WeChatStore,ST003,2697.93,0.0,Alipay,Completed,
TXN001103,CUST00238,2024-08-29,App,ST005,820.9,43.21,Cash,Completed,
TXN001104,CUST00238,2025-07-03,Douyin,ST009,1382.0,99.9,Alipay,Completed,
TXN001105,CUST00238,2026-06-14,MiniProgram,ST005,1573.7,109.41,Cash,PartiallyReturned,
TXN001106,CUST00239,2026-01-08,Douyin,ST004,1347.37,48.4,Cash,Completed,
TXN001107,CUST00239,2026-01-20,POS,ST003,433.53,37.7,CreditCard,Completed,
TXN001108,CUST00239,2026-02-08,App,ST012,601.24,0.0,CreditCard,Completed,
TXN001109,CUST00239,2026-03-06,POS,ST003,682.27,0.0,StoreValueCard,Completed,CMP006
TXN001110,CUST00239,2026-03-30,WeChatStore,ST002,2818.57,205.67,StoreValueCard,Completed,
TXN001111,CUST00239,2026-06-11,Douyin,ST004,899.77,47.36,Cash,Completed,
TXN001112,CUST00240,2025-11-04,Tmall,ST010,1324.35,107.59,CreditCard,Completed,
TXN001113,CUST00240,2025-12-18,App,ST006,1066.54,141.71,Alipay,Completed,
TXN001114,CUST00240,2026-06-23,MiniProgram,ST002,2118.69,39.53,Cash,Completed,
TXN001115,CUST00241,2025-02-22,App,ST012,379.86,0.0,Alipay,Completed,CMP003
TXN001116,CUST00241,2025-11-21,MiniProgram,ST004,950.32,67.2,StoreValueCard,Completed,
TXN001117,CUST00241,2025-12-10,App,ST003,889.81,0.0,Alipay,Returned,
TXN001118,CUST00241,2026-06-20,WeChatStore,ST008,1055.25,6.02,StoreValueCard,Completed,
TXN001119,CUST00242,2026-02-23,MiniProgram,ST011,503.98,56.0,CreditCard,Completed,CMP005
TXN001120,CUST00242,2026-03-25,App,ST009,2312.86,114.94,Alipay,Completed,
TXN001121,CUST00242,2026-05-06,Tmall,ST007,1520.83,207.39,WeChatPay,Completed,
TXN001122,CUST00242,2026-05-18,WeChatStore,ST002,75.23,0.0,CreditCard,Completed,
TXN001123,CUST00242,2026-05-27,POS,ST008,1389.2,0.0,WeChatPay,Completed,
TXN001124,CUST00243,2026-05-28,Tmall,ST004,2038.39,177.25,StoreValueCard,Completed,
TXN001125,CUST00243,2026-05-31,Douyin,ST003,1015.05,88.27,WeChatPay,Completed,
TXN001126,CUST00244,2025-04-18,POS,ST006,331.77,28.85,Cash,Completed,
TXN001127,CUST00244,2026-01-11,Douyin,ST002,359.94,0.0,StoreValueCard,Completed,
TXN001128,CUST00244,2026-06-22,MiniProgram,ST010,993.9,0.0,Alipay,Completed,
TXN001129,CUST00245,2025-06-05,App,ST006,1641.81,86.41,CreditCard,Completed,
TXN001130,CUST00245,2025-06-28,MiniProgram,ST008,820.95,144.87,StoreValueCard,Completed,
TXN001131,CUST00245,2025-08-25,MiniProgram,ST007,80.35,0.0,WeChatPay,Completed,
TXN001132,CUST00245,2025-10-31,Tmall,ST003,965.82,0.0,Alipay,Completed,
TXN001133,CUST00245,2025-12-27,WeChatStore,ST010,553.14,48.1,WeChatPay,Completed,
TXN001134,CUST00245,2026-03-17,App,ST010,697.51,0.0,Cash,Returned,
TXN001135,CUST00245,2026-04-15,Douyin,ST012,613.33,83.64,Cash,Completed,
TXN001136,CUST00246,2025-07-18,App,ST009,1300.25,68.43,Alipay,Completed,
TXN001137,CUST00246,2025-09-21,WeChatStore,ST006,788.39,107.51,WeChatPay,Completed,
TXN001138,CUST00246,2025-11-22,Tmall,ST006,670.27,0.0,CreditCard,Completed,
TXN001139,CUST00246,2026-03-16,Douyin,ST002,1635.99,0.0,WeChatPay,PartiallyReturned,
TXN001140,CUST00246,2026-03-17,App,ST008,305.95,53.99,WeChatPay,Completed,
TXN001141,CUST00246,2026-04-07,Douyin,ST003,917.53,48.29,Alipay,Completed,
TXN001142,CUST00247,2025-10-15,MiniProgram,ST011,1281.4,0.0,WeChatPay,Completed,
TXN001143,CUST00247,2025-11-04,MiniProgram,ST006,944.7,0.0,Cash,Completed,
TXN001144,CUST00247,2026-02-02,POS,ST001,1806.72,0.0,CreditCard,Completed,
TXN001145,CUST00247,2026-02-23,POS,ST001,993.9,0.0,StoreValueCard,Completed,
TXN001146,CUST00247,2026-06-13,WeChatStore,ST006,3159.34,0.0,Cash,Completed,
TXN001147,CUST00248,2025-12-19,Douyin,ST005,2605.71,53.99,StoreValueCard,Completed,
TXN001148,CUST00248,2026-03-10,POS,ST003,1282.24,17.77,CreditCard,PartiallyReturned,
TXN001149,CUST00248,2026-04-14,WeChatStore,ST012,379.86,0.0,WeChatPay,Completed,
TXN001150,CUST00248,2026-06-24,App,ST012,332.78,58.73,CreditCard,Completed,CMP001
TXN001151,CUST00249,2024-08-18,Tmall,ST012,1381.23,79.51,Alipay,Completed,
TXN001152,CUST00249,2026-06-21,MiniProgram,ST010,1200.19,114.51,StoreValueCard,Completed,CMP003
TXN001153,CUST00250,2026-03-27,App,ST012,1582.8,0.0,WeChatPay,Completed,
TXN001154,CUST00250,2026-04-03,WeChatStore,ST007,603.24,67.03,Cash,Returned,
TXN001155,CUST00250,2026-04-12,POS,ST008,923.63,0.0,Alipay,PartiallyReturned,
TXN001156,CUST00250,2026-05-09,POS,ST008,410.16,55.93,Cash,Completed,
TXN001157,CUST00250,2026-05-12,POS,ST008,88.64,0.0,Alipay,Completed,
TXN001158,CUST00250,2026-05-13,MiniProgram,ST006,516.86,44.94,Cash,Completed,
TXN001159,CUST00250,2026-05-25,App,ST005,466.09,0.0,StoreValueCard,Completed,
TXN001160,CUST00250,2026-06-09,MiniProgram,ST008,590.59,93.97,Alipay,Completed,
TXN001161,CUST00251,2025-05-28,WeChatStore,ST010,833.06,0.0,WeChatPay,Completed,
TXN001162,CUST00251,2025-07-26,Douyin,ST010,860.42,43.3,Cash,Completed,
TXN001163,CUST00251,2025-09-12,App,ST010,1245.09,0.0,CreditCard,Completed,
TXN001164,CUST00251,2026-03-08,MiniProgram,ST002,334.06,0.0,Alipay,Completed,
TXN001165,CUST00251,2026-06-09,Tmall,ST004,600.4,81.87,Alipay,Completed,
TXN001166,CUST00251,2026-06-27,Tmall,ST001,339.75,37.75,CreditCard,Completed,
TXN001167,CUST00252,2026-05-29,Tmall,ST005,1561.08,0.0,StoreValueCard,Completed,
TXN001168,CUST00252,2026-05-29,WeChatStore,ST008,2443.86,0.0,WeChatPay,Completed,CMP003
TXN001169,CUST00253,2024-05-14,Tmall,ST008,1706.03,0.0,CreditCard,Completed,
TXN001170,CUST00253,2024-10-20,Tmall,ST009,986.04,0.0,WeChatPay,Completed,CMP001
TXN001171,CUST00253,2025-05-04,WeChatStore,ST005,379.86,0.0,StoreValueCard,Completed,
TXN001172,CUST00253,2025-09-21,Douyin,ST006,75.23,0.0,Alipay,Completed,
TXN001173,CUST00253,2026-01-03,Douyin,ST002,444.23,18.99,WeChatPay,Returned,CMP005
TXN001174,CUST00253,2026-02-25,App,ST010,80.02,0.0,CreditCard,Completed,CMP005
TXN001175,CUST00253,2026-05-03,Douyin,ST011,85.15,9.46,Alipay,Completed,
TXN001176,CUST00254,2026-05-15,POS,ST011,2691.78,197.21,Alipay,Completed,
TXN001177,CUST00254,2026-06-02,WeChatStore,ST004,464.98,82.06,CreditCard,Completed,
TXN001178,CUST00255,2024-02-20,WeChatStore,ST001,2025.37,125.73,CreditCard,Returned,
TXN001179,CUST00255,2025-04-11,POS,ST008,874.63,119.27,WeChatPay,Returned,
TXN001180,CUST00255,2025-06-19,MiniProgram,ST002,1328.63,192.21,CreditCard,Completed,
TXN001181,CUST00255,2025-07-06,Douyin,ST001,3018.64,141.71,WeChatPay,Completed,CMP004
TXN001182,CUST00256,2025-12-17,App,ST010,1038.17,105.45,WeChatPay,Completed,CMP005
TXN001183,CUST00256,2026-03-13,Douyin,ST004,511.05,90.19,WeChatPay,Completed,
TXN001184,CUST00256,2026-03-20,MiniProgram,ST003,1242.32,0.0,Cash,Completed,CMP004
TXN001185,CUST00257,2026-04-29,WeChatStore,ST007,904.02,11.67,StoreValueCard,Completed,CMP002
TXN001186,CUST00257,2026-05-01,Tmall,ST002,993.9,0.0,CreditCard,Completed,CMP003
TXN001187,CUST00257,2026-05-03,Douyin,ST003,233.42,0.0,Alipay,Completed,
TXN001188,CUST00257,2026-05-04,WeChatStore,ST005,1726.76,0.0,WeChatPay,Completed,
TXN001189,CUST00257,2026-05-06,Douyin,ST001,1030.96,140.58,WeChatPay,Completed,
TXN001190,CUST00257,2026-05-09,Douyin,ST009,1923.93,212.74,Cash,Completed,
TXN001191,CUST00257,2026-05-12,Douyin,ST003,793.63,99.32,Alipay,Completed,
TXN001192,CUST00258,2026-01-20,Tmall,ST001,1171.54,0.0,Alipay,Completed,
TXN001193,CUST00258,2026-05-05,MiniProgram,ST012,1669.62,0.0,Alipay,Completed,
TXN001194,CUST00258,2026-05-12,MiniProgram,ST012,216.23,0.0,WeChatPay,Completed,
TXN001195,CUST00259,2026-04-04,POS,ST004,1282.12,0.0,Alipay,Completed,
TXN001196,CUST00259,2026-04-04,Tmall,ST003,1334.55,77.41,Alipay,Completed,
TXN001197,CUST00259,2026-05-09,MiniProgram,ST008,2354.71,0.0,StoreValueCard,Completed,
TXN001198,CUST00259,2026-06-11,Tmall,ST012,1548.45,0.0,Alipay,Completed,
TXN001199,CUST00259,2026-06-16,Tmall,ST012,859.95,151.76,CreditCard,Completed,
TXN001200,CUST00260,2026-04-09,POS,ST004,1033.9,103.4,StoreValueCard,Completed,
TXN001201,CUST00260,2026-04-16,MiniProgram,ST004,438.65,77.41,Cash,Completed,
TXN001202,CUST00260,2026-04-21,POS,ST004,80.35,0.0,WeChatPay,Completed,
TXN001203,CUST00260,2026-04-23,Tmall,ST010,792.68,47.07,StoreValueCard,Completed,
TXN001204,CUST00260,2026-04-27,POS,ST004,492.78,67.2,Alipay,Completed,CMP003
TXN001205,CUST00261,2025-01-05,MiniProgram,ST005,1320.93,37.61,Alipay,Completed,
TXN001206,CUST00261,2025-10-05,MiniProgram,ST006,806.31,89.59,CreditCard,Completed,
TXN001207,CUST00261,2026-05-26,Tmall,ST005,1617.62,115.9,Alipay,Completed,
TXN001208,CUST00262,2025-08-25,MiniProgram,ST004,369.05,0.0,WeChatPay,Completed,CMP002
TXN001209,CUST00263,2026-03-31,WeChatStore,ST010,409.32,72.23,CreditCard,Completed,
TXN001210,CUST00263,2026-04-01,POS,ST010,93.12,0.0,Cash,Completed,
TXN001211,CUST00263,2026-04-03,MiniProgram,ST001,1532.02,0.0,Cash,Completed,
TXN001212,CUST00263,2026-04-13,Douyin,ST010,1270.11,68.63,WeChatPay,Completed,
TXN001213,CUST00263,2026-04-17,Tmall,ST011,80.35,0.0,WeChatPay,Returned,
TXN001214,CUST00263,2026-04-20,WeChatStore,ST007,708.26,39.24,StoreValueCard,Completed,
TXN001215,CUST00263,2026-05-01,POS,ST010,318.6,11.28,Alipay,Completed,CMP005
TXN001216,CUST00264,2024-12-24,POS,ST009,1610.37,72.15,Alipay,Completed,
TXN001217,CUST00264,2024-12-29,POS,ST009,464.98,82.06,WeChatPay,Completed,
TXN001218,CUST00264,2025-12-17,WeChatStore,ST007,547.04,0.0,WeChatPay,Completed,
TXN001219,CUST00264,2026-04-25,Tmall,ST012,2509.99,0.0,CreditCard,Completed,
TXN001220,CUST00264,2026-05-22,App,ST005,2650.5,0.0,Alipay,Completed,
TXN001221,CUST00264,2026-06-25,App,ST007,2259.46,237.77,Cash,Completed,
TXN001222,CUST00265,2024-07-27,Douyin,ST012,186.24,0.0,WeChatPay,Completed,
TXN001223,CUST00265,2024-08-13,Tmall,ST001,1094.08,0.0,WeChatPay,Completed,
TXN001224,CUST00265,2025-09-18,WeChatStore,ST001,782.12,9.46,CreditCard,Completed,
TXN001225,CUST00266,2025-08-15,MiniProgram,ST002,794.98,69.13,Cash,Completed,CMP004
TXN001226,CUST00266,2025-10-25,MiniProgram,ST008,571.18,30.06,Cash,Returned,
TXN001227,CUST00266,2026-03-18,MiniProgram,ST002,3009.44,0.0,Alipay,Completed,
TXN001228,CUST00267,2026-03-25,App,ST004,529.56,8.0,CreditCard,Completed,
TXN001229,CUST00267,2026-04-03,POS,ST012,1996.36,0.0,Alipay,Completed,
TXN001230,CUST00267,2026-04-25,WeChatStore,ST005,639.02,112.77,WeChatPay,PartiallyReturned,CMP001
TXN001231,CUST00267,2026-04-27,POS,ST012,93.12,0.0,StoreValueCard,Completed,
TXN001232,CUST00267,2026-05-18,WeChatStore,ST010,887.44,98.6,CreditCard,Completed,CMP002
TXN001233,CUST00267,2026-05-20,MiniProgram,ST011,697.51,0.0,Cash,Completed,
TXN001234,CUST00267,2026-06-23,MiniProgram,ST003,2144.0,0.0,Cash,Completed,CMP005
TXN001235,CUST00268,2026-04-30,Douyin,ST012,561.8,0.0,Alipay,Returned,
TXN001236,CUST00268,2026-05-10,POS,ST002,189.22,0.0,WeChatPay,Completed,
TXN001237,CUST00268,2026-05-12,Tmall,ST006,94.61,0.0,WeChatPay,Completed,
TXN001238,CUST00268,2026-05-24,POS,ST002,474.06,78.09,CreditCard,Completed,
TXN001239,CUST00268,2026-05-26,Douyin,ST011,602.31,12.5,CreditCard,Completed,
TXN001240,CUST00268,2026-06-08,App,ST005,976.48,56.55,Alipay,Completed,CMP004
TXN001241,CUST00268,2026-06-09,Douyin,ST003,1582.62,0.0,Alipay,Completed,
TXN001242,CUST00269,2024-07-30,App,ST009,189.22,0.0,StoreValueCard,PartiallyReturned,
TXN001243,CUST00269,2024-08-06,App,ST005,600.4,81.87,StoreValueCard,Completed,
TXN001244,CUST00269,2024-09-25,POS,ST003,701.79,88.3,Cash,Completed,CMP004
TXN001245,CUST00269,2025-05-18,Tmall,ST006,1099.92,95.64,Alipay,PartiallyReturned,CMP005
TXN001246,CUST00270,2026-04-05,Tmall,ST005,576.14,67.2,WeChatPay,PartiallyReturned,
TXN001247,CUST00270,2026-04-05,Douyin,ST007,471.23,0.0,StoreValueCard,Completed,
TXN001248,CUST00270,2026-04-06,MiniProgram,ST012,457.54,0.0,StoreValueCard,Returned,
TXN001249,CUST00270,2026-04-06,MiniProgram,ST005,385.46,8.0,Alipay,Completed,
TXN001250,CUST00270,2026-04-09,App,ST007,773.85,0.0,CreditCard,Completed,
TXN001251,CUST00270,2026-04-11,Douyin,ST007,189.22,0.0,Alipay,Completed,
TXN001252,CUST00270,2026-04-11,MiniProgram,ST005,1923.7,96.58,Alipay,Completed,
TXN001253,CUST00270,2026-04-14,MiniProgram,ST003,1103.32,0.0,StoreValueCard,Completed,
TXN001254,CUST00271,2026-06-01,POS,ST006,621.24,0.0,StoreValueCard,Completed,
TXN001255,CUST00271,2026-06-14,POS,ST006,73.36,10.0,StoreValueCard,Returned,
TXN001256,CUST00272,2024-09-01,App,ST005,613.05,108.19,StoreValueCard,Completed,
TXN001257,CUST00272,2025-02-10,POS,ST012,640.34,0.0,Alipay,Completed,
TXN001258,CUST00272,2025-05-19,Tmall,ST008,1309.78,0.0,CreditCard,Completed,
TXN001259,CUST00273,2026-06-02,POS,ST003,369.05,0.0,WeChatPay,Completed,
TXN001260,CUST00274,2026-03-18,Tmall,ST003,1411.54,32.43,WeChatPay,Completed,CMP002
TXN001261,CUST00274,2026-04-19,Douyin,ST005,359.94,0.0,StoreValueCard,Completed,
TXN001262,CUST00275,2025-05-14,MiniProgram,ST011,484.0,0.0,Cash,Completed,
TXN001263,CUST00275,2025-09-13,POS,ST006,369.05,0.0,CreditCard,Returned,
TXN001264,CUST00275,2026-05-31,Douyin,ST012,1781.62,0.0,WeChatPay,Completed,
TXN001265,CUST00276,2025-12-31,Douyin,ST012,1171.54,0.0,Alipay,Completed,
TXN001266,CUST00276,2026-01-15,Tmall,ST011,947.34,0.0,StoreValueCard,Completed,CMP002
TXN001267,CUST00276,2026-03-03,Douyin,ST002,697.51,0.0,CreditCard,Completed,
TXN001268,CUST00276,2026-05-25,MiniProgram,ST010,2341.7,132.94,WeChatPay,Completed,
TXN001269,CUST00277,2026-06-19,WeChatStore,ST003,470.7,0.0,Alipay,PartiallyReturned,
TXN001270,CUST00278,2024-06-28,Tmall,ST002,379.86,0.0,StoreValueCard,PartiallyReturned,
TXN001271,CUST00278,2024-06-28,Douyin,ST006,601.24,0.0,Cash,Completed,
TXN001272,CUST00278,2025-03-02,Tmall,ST006,391.51,0.0,Alipay,Completed,
TXN001273,CUST00278,2025-03-02,Tmall,ST002,516.06,0.0,Alipay,Completed,
TXN001274,CUST00278,2025-04-27,Douyin,ST012,160.04,0.0,CreditCard,Completed,
TXN001275,CUST00278,2025-06-04,WeChatStore,ST001,706.91,7.45,StoreValueCard,Completed,
TXN001276,CUST00278,2025-09-26,POS,ST009,516.86,44.94,StoreValueCard,Completed,CMP005
TXN001277,CUST00278,2025-12-21,POS,ST009,1184.85,209.09,Alipay,Completed,
TXN001278,CUST00278,2026-04-12,Douyin,ST007,987.8,8.08,Alipay,PartiallyReturned,
TXN001279,CUST00278,2026-05-12,POS,ST009,1145.95,90.6,Alipay,Completed,
TXN001280,CUST00279,2026-01-03,Douyin,ST012,597.78,0.0,StoreValueCard,Completed,CMP006
TXN001281,CUST00279,2026-01-20,Douyin,ST007,1254.55,139.39,Alipay,Completed,CMP003
TXN001282,CUST00279,2026-01-26,App,ST007,614.04,68.23,Alipay,Completed,
TXN001283,CUST00279,2026-02-19,Douyin,ST011,1427.96,90.19,StoreValueCard,Completed,
TXN001284,CUST00279,2026-03-18,MiniProgram,ST003,516.06,0.0,Alipay,Completed,
TXN001285,CUST00280,2026-03-31,App,ST008,475.98,84.0,Cash,Completed,CMP003
TXN001286,CUST00280,2026-04-18,POS,ST003,250.24,0.0,StoreValueCard,Completed,
TXN001287,CUST00280,2026-05-05,Tmall,ST003,1381.17,0.0,StoreValueCard,Completed,CMP005
TXN001288,CUST00280,2026-05-19,MiniProgram,ST002,1629.11,134.83,WeChatPay,Completed,
TXN001289,CUST00280,2026-05-27,MiniProgram,ST012,70.86,12.5,Cash,PartiallyReturned,
TXN001290,CUST00280,2026-05-27,App,ST010,80.42,14.19,Cash,Completed,
TXN001291,CUST00281,2025-07-26,Douyin,ST002,484.0,0.0,WeChatPay,Completed,
TXN001292,CUST00281,2025-08-06,Tmall,ST008,1543.92,0.0,WeChatPay,Completed,
TXN001293,CUST00282,2026-05-14,Tmall,ST008,148.67,12.93,WeChatPay,Completed,
TXN001294,CUST00282,2026-06-06,POS,ST009,73.36,10.0,WeChatPay,Completed,
TXN001295,CUST00283,2025-01-23,Tmall,ST004,79.78,8.86,Cash,Completed,
TXN001296,CUST00283,2025-10-14,Tmall,ST011,588.24,26.57,CreditCard,Completed,
TXN001297,CUST00283,2026-04-14,Tmall,ST012,845.25,0.0,CreditCard,Completed,
TXN001298,CUST00284,2026-01-19,POS,ST007,2581.56,183.38,StoreValueCard,Completed,
TXN001299,CUST00284,2026-01-19,MiniProgram,ST012,1594.46,45.58,Cash,Completed,CMP005
TXN001300,CUST00284,2026-01-24,Tmall,ST002,1181.46,60.12,WeChatPay,Completed,
TXN001301,CUST00284,2026-05-05,App,ST003,695.36,90.79,Cash,Completed,
TXN001302,CUST00284,2026-05-17,MiniProgram,ST011,1171.31,144.67,Cash,Completed,
TXN001303,CUST00284,2026-05-22,App,ST012,1030.0,51.61,CreditCard,Completed,CMP001
TXN001304,CUST00285,2025-02-01,App,ST004,1081.28,0.0,CreditCard,Completed,
TXN001305,CUST00285,2025-09-24,POS,ST007,916.91,0.0,Cash,Completed,
TXN001306,CUST00285,2025-10-28,Douyin,ST009,1679.06,0.0,Alipay,Completed,
TXN001307,CUST00285,2026-01-26,Douyin,ST005,947.13,0.0,Cash,Completed,
TXN001308,CUST00285,2026-05-27,MiniProgram,ST002,1931.64,0.0,CreditCard,PartiallyReturned,CMP002
TXN001309,CUST00285,2026-06-01,App,ST007,825.22,91.69,Cash,Completed,
TXN001310,CUST00286,2025-10-09,MiniProgram,ST007,339.75,37.75,StoreValueCard,PartiallyReturned,
TXN001311,CUST00287,2025-04-02,MiniProgram,ST005,657.56,0.0,Alipay,Completed,
TXN001312,CUST00287,2025-12-02,POS,ST001,1057.59,0.0,WeChatPay,Returned,
TXN001313,CUST00288,2025-04-16,WeChatStore,ST004,1695.43,0.0,Cash,Completed,
TXN001314,CUST00288,2025-05-09,POS,ST006,3016.94,361.24,WeChatPay,Completed,
TXN001315,CUST00288,2025-07-26,Douyin,ST010,697.51,0.0,Alipay,Completed,
TXN001316,CUST00289,2026-02-17,App,ST002,1357.74,120.61,WeChatPay,Completed,
TXN001317,CUST00289,2026-03-10,Douyin,ST005,360.87,18.99,Alipay,Completed,
TXN001318,CUST00289,2026-04-05,POS,ST004,515.18,44.8,Alipay,Completed,
TXN001319,CUST00289,2026-04-10,WeChatStore,ST002,470.7,0.0,StoreValueCard,Completed,
TXN001320,CUST00290,2026-03-29,Tmall,ST006,720.56,0.0,WeChatPay,Returned,
TXN001321,CUST00290,2026-04-15,WeChatStore,ST010,1938.6,0.0,Alipay,Completed,
TXN001322,CUST00290,2026-05-09,App,ST008,250.72,0.0,WeChatPay,Completed,
TXN001323,CUST00291,2026-05-25,App,ST003,83.36,0.0,Alipay,Completed,
TXN001324,CUST00291,2026-05-25,WeChatStore,ST004,1370.42,0.0,StoreValueCard,Completed,CMP004
TXN001325,CUST00291,2026-05-26,Douyin,ST012,685.49,0.0,StoreValueCard,Completed,
TXN001326,CUST00291,2026-06-02,POS,ST001,759.72,0.0,Cash,Completed,
TXN001327,CUST00291,2026-06-03,Tmall,ST012,807.06,0.0,StoreValueCard,Completed,
TXN001328,CUST00291,2026-06-09,MiniProgram,ST006,993.51,37.7,WeChatPay,Completed,
TXN001329,CUST00292,2026-05-28,App,ST008,464.98,82.06,Alipay,Completed,
TXN001330,CUST00292,2026-06-05,Douyin,ST004,1858.9,0.0,StoreValueCard,Completed,
TXN001331,CUST00293,2026-06-27,Douyin,ST012,1335.54,0.0,Alipay,Completed,CMP002
TXN001332,CUST00293,2026-06-30,Tmall,ST005,216.23,0.0,Alipay,Completed,
TXN001333,CUST00294,2026-04-24,MiniProgram,ST011,1470.24,85.76,WeChatPay,Returned,
TXN001334,CUST00294,2026-05-20,POS,ST004,2183.39,260.64,CreditCard,Completed,
TXN001335,CUST00294,2026-05-22,WeChatStore,ST001,1589.37,14.85,StoreValueCard,Completed,CMP001
TXN001336,CUST00295,2024-09-16,Douyin,ST006,333.93,17.58,Alipay,Completed,
TXN001337,CUST00295,2024-10-15,POS,ST011,516.06,0.0,StoreValueCard,Completed,CMP003
TXN001338,CUST00295,2024-12-20,App,ST007,824.7,71.65,Cash,Completed,
TXN001339,CUST00295,2025-07-02,App,ST010,846.89,73.64,WeChatPay,Completed,
TXN001340,CUST00295,2026-03-24,WeChatStore,ST009,299.29,0.0,WeChatPay,Completed,
TXN001341,CUST00295,2026-03-26,Tmall,ST009,556.75,0.0,Alipay,Completed,CMP003
TXN001342,CUST00296,2025-04-26,WeChatStore,ST008,334.06,0.0,StoreValueCard,Returned,
TXN001343,CUST00296,2025-07-02,App,ST003,615.96,50.11,CreditCard,Completed,CMP001
TXN001344,CUST00296,2025-09-28,POS,ST005,664.4,90.6,Alipay,Completed,
TXN001345,CUST00296,2025-10-16,POS,ST005,516.06,0.0,Alipay,Completed,
TXN001346,CUST00296,2026-05-02,MiniProgram,ST001,381.06,51.96,Cash,Completed,
TXN001347,CUST00296,2026-05-02,Douyin,ST009,505.62,56.18,Cash,Completed,
TXN001348,CUST00297,2025-08-21,WeChatStore,ST010,701.57,68.43,WeChatPay,Completed,
TXN001349,CUST00297,2025-08-21,Douyin,ST009,516.08,0.0,CreditCard,Returned,CMP002
TXN001350,CUST00297,2025-09-29,MiniProgram,ST007,379.86,0.0,StoreValueCard,Completed,
TXN001351,CUST00297,2025-11-09,Tmall,ST002,293.97,40.09,Alipay,Completed,
TXN001352,CUST00297,2025-11-14,App,ST002,177.28,0.0,WeChatPay,Completed,CMP002
TXN001353,CUST00297,2025-12-12,Douyin,ST006,381.06,51.96,Alipay,Completed,
TXN001354,CUST00297,2026-02-19,App,ST012,633.83,49.7,WeChatPay,PartiallyReturned,
TXN001355,CUST00297,2026-05-04,App,ST001,471.23,0.0,WeChatPay,Completed,
TXN001356,CUST00297,2026-05-24,App,ST003,752.66,61.93,WeChatPay,Completed,CMP004
TXN001357,CUST00298,2025-06-27,Tmall,ST006,1594.04,0.0,CreditCard,Completed,
TXN001358,CUST00298,2025-07-07,POS,ST006,1498.02,169.22,Alipay,Completed,
TXN001359,CUST00298,2025-10-10,App,ST001,1956.96,104.55,Cash,Completed,
TXN001360,CUST00298,2025-11-08,Tmall,ST007,930.76,80.94,Alipay,Completed,
TXN001361,CUST00298,2026-04-26,App,ST012,1987.87,87.12,StoreValueCard,Completed,
TXN001362,CUST00298,2026-05-09,WeChatStore,ST007,490.26,25.8,CreditCard,Completed,
TXN001363,CUST00298,2026-06-11,App,ST011,1739.07,34.22,Cash,Completed,
TXN001364,CUST00299,2026-05-17,Douyin,ST005,396.18,69.91,WeChatPay,PartiallyReturned,CMP006
TXN001365,CUST00299,2026-06-10,POS,ST011,189.22,0.0,Alipay,Completed,
TXN001366,CUST00300,2025-11-26,POS,ST012,528.91,27.84,CreditCard,Completed,CMP006
TXN001367,CUST00300,2026-01-04,Tmall,ST008,784.53,0.0,WeChatPay,Completed,
TXN001368,CUST00300,2026-03-20,Tmall,ST009,963.1,0.0,CreditCard,Completed,
TXN001369,CUST00300,2026-04-13,POS,ST012,190.28,25.95,StoreValueCard,Completed,CMP001
TXN001370,CUST00300,2026-06-29,MiniProgram,ST008,2020.48,52.87,CreditCard,Completed,
TXN001371,CUST00301,2026-06-06,POS,ST002,1842.52,163.34,Cash,Completed,CMP005
TXN001372,CUST00302,2026-03-26,MiniProgram,ST003,947.13,0.0,Cash,Completed,
TXN001373,CUST00302,2026-04-04,MiniProgram,ST007,1094.08,0.0,WeChatPay,Returned,
TXN001374,CUST00302,2026-05-01,WeChatStore,ST009,980.06,108.9,StoreValueCard,Completed,
TXN001375,CUST00302,2026-05-06,WeChatStore,ST011,2257.45,0.0,CreditCard,Completed,
TXN001376,CUST00302,2026-05-18,MiniProgram,ST005,567.89,29.89,Alipay,Completed,
TXN001377,CUST00302,2026-06-15,MiniProgram,ST002,171.34,14.9,WeChatPay,Completed,
TXN001378,CUST00303,2025-06-08,POS,ST007,161.6,0.0,CreditCard,Completed,
TXN001379,CUST00303,2025-06-17,Tmall,ST009,1153.72,19.39,Cash,Completed,
TXN001380,CUST00303,2025-09-23,Tmall,ST004,419.48,46.61,StoreValueCard,Completed,
TXN001381,CUST00303,2025-10-09,WeChatStore,ST008,80.8,0.0,CreditCard,Completed,CMP003
TXN001382,CUST00303,2025-11-05,WeChatStore,ST004,1081.72,132.0,Cash,Completed,
TXN001383,CUST00303,2026-01-01,App,ST007,369.05,0.0,Alipay,Completed,
TXN001384,CUST00303,2026-01-26,WeChatStore,ST012,440.6,0.0,CreditCard,Completed,
TXN001385,CUST00303,2026-02-23,App,ST009,831.85,0.0,StoreValueCard,PartiallyReturned,CMP001
TXN001386,CUST00303,2026-03-12,POS,ST007,1283.69,0.0,Cash,Completed,
TXN001387,CUST00303,2026-03-22,MiniProgram,ST011,880.31,54.75,CreditCard,Completed,
TXN001388,CUST00303,2026-04-29,MiniProgram,ST001,484.0,0.0,Alipay,Completed,
TXN001389,CUST00303,2026-05-11,Douyin,ST005,263.54,0.0,Alipay,Completed,
TXN001390,CUST00304,2026-04-27,MiniProgram,ST008,547.04,0.0,StoreValueCard,Completed,
TXN001391,CUST00304,2026-05-04,Douyin,ST002,615.91,68.43,WeChatPay,Completed,CMP003
TXN001392,CUST00304,2026-05-07,Douyin,ST011,852.42,94.71,StoreValueCard,Completed,
TXN001393,CUST00304,2026-06-15,MiniProgram,ST004,1371.31,121.95,Cash,Completed,
TXN001394,CUST00305,2025-07-25,WeChatStore,ST007,1107.82,0.0,Cash,Completed,
TXN001395,CUST00306,2026-02-02,App,ST007,379.86,0.0,CreditCard,Completed,
TXN001396,CUST00306,2026-03-11,WeChatStore,ST001,94.61,0.0,Alipay,Completed,
TXN001397,CUST00306,2026-03-27,WeChatStore,ST005,1150.21,68.52,CreditCard,Completed,
TXN001398,CUST00306,2026-03-31,POS,ST008,1478.91,0.0,WeChatPay,Completed,CMP001
TXN001399,CUST00306,2026-04-17,App,ST007,150.46,0.0,WeChatPay,Completed,CMP003
TXN001400,CUST00306,2026-05-18,POS,ST008,640.34,0.0,Cash,Completed,
TXN001401,CUST00306,2026-06-04,POS,ST008,559.98,0.0,StoreValueCard,Completed,
TXN001402,CUST00306,2026-06-07,MiniProgram,ST010,62.29,0.0,Alipay,Completed,
TXN001403,CUST00306,2026-06-16,MiniProgram,ST001,1196.28,4.66,CreditCard,Completed,
TXN001404,CUST00306,2026-06-17,Tmall,ST011,640.34,0.0,CreditCard,Completed,
TXN001405,CUST00306,2026-06-20,POS,ST008,640.34,0.0,WeChatPay,Completed,
TXN001406,CUST00306,2026-06-29,Tmall,ST005,1479.9,0.0,Cash,Completed,
TXN001407,CUST00307,2026-04-18,Tmall,ST009,1254.96,55.36,Cash,Completed,
TXN001408,CUST00307,2026-05-28,Tmall,ST007,516.08,0.0,StoreValueCard,Completed,CMP004
TXN001409,CUST00308,2026-05-23,Tmall,ST009,421.89,37.99,StoreValueCard,Completed,
TXN001410,CUST00308,2026-06-23,Douyin,ST010,1404.77,37.99,Alipay,Completed,CMP003
TXN001411,CUST00309,2024-03-24,MiniProgram,ST011,547.04,0.0,CreditCard,Completed,
TXN001412,CUST00309,2024-11-09,Tmall,ST003,2039.39,0.0,Alipay,Completed,
TXN001413,CUST00309,2025-04-02,WeChatStore,ST002,3450.28,0.0,Cash,Completed,
TXN001414,CUST00309,2025-05-26,App,ST010,2285.24,0.0,StoreValueCard,Completed,CMP002
TXN001415,CUST00309,2026-01-22,WeChatStore,ST007,895.9,0.0,Alipay,Completed,
TXN001416,CUST00309,2026-05-17,App,ST012,1136.36,0.0,StoreValueCard,Completed,
TXN001417,CUST00309,2026-06-08,Tmall,ST005,1533.08,0.0,Alipay,Completed,
TXN001418,CUST00309,2026-06-08,POS,ST012,905.91,71.73,Alipay,Completed,
TXN001419,CUST00310,2026-01-16,WeChatStore,ST001,2144.87,142.8,Alipay,Completed,CMP006
TXN001420,CUST00310,2026-01-17,POS,ST001,1913.18,71.67,WeChatPay,Returned,
TXN001421,CUST00310,2026-02-07,POS,ST001,973.15,108.13,Alipay,Completed,CMP003
TXN001422,CUST00310,2026-02-11,POS,ST001,2139.22,49.3,Cash,PartiallyReturned,
TXN001423,CUST00310,2026-04-25,App,ST012,1218.51,23.54,CreditCard,Completed,CMP004
TXN001424,CUST00310,2026-05-15,MiniProgram,ST007,1220.99,146.14,Cash,Completed,
TXN001425,CUST00310,2026-06-07,Douyin,ST008,1631.47,0.0,Alipay,Completed,
TXN001426,CUST00311,2025-06-13,MiniProgram,ST011,640.34,0.0,Alipay,Completed,
TXN001427,CUST00311,2025-12-28,App,ST002,670.27,0.0,CreditCard,Completed,CMP004
TXN001428,CUST00311,2026-04-07,Douyin,ST008,1364.19,23.54,WeChatPay,Completed,
TXN001429,CUST00311,2026-05-04,POS,ST010,470.7,0.0,CreditCard,Completed,
TXN001430,CUST00312,2026-03-28,App,ST004,1781.74,101.02,WeChatPay,Completed,
TXN001431,CUST00312,2026-04-06,WeChatStore,ST004,1393.94,0.0,WeChatPay,Completed,
TXN001432,CUST00312,2026-04-12,Douyin,ST001,597.78,0.0,CreditCard,Completed,
TXN001433,CUST00312,2026-04-12,App,ST007,475.98,84.0,WeChatPay,Completed,CMP002
TXN001434,CUST00312,2026-04-24,Douyin,ST006,1835.06,96.58,CreditCard,Completed,CMP006
TXN001435,CUST00313,2025-12-11,MiniProgram,ST004,334.06,0.0,Cash,Completed,CMP004
TXN001436,CUST00313,2026-01-25,Tmall,ST009,1368.68,0.0,StoreValueCard,Completed,
TXN001437,CUST00313,2026-02-02,POS,ST001,334.06,0.0,CreditCard,Completed,
TXN001438,CUST00313,2026-05-01,MiniProgram,ST003,398.38,34.64,CreditCard,Completed,
TXN001439,CUST00313,2026-05-14,Tmall,ST007,298.53,0.0,WeChatPay,Completed,
TXN001440,CUST00313,2026-06-16,Tmall,ST008,1256.72,56.63,StoreValueCard,Completed,
TXN001441,CUST00314,2024-12-29,POS,ST008,1072.0,0.0,CreditCard,Completed,
TXN001442,CUST00314,2025-05-24,Tmall,ST012,1019.19,88.63,StoreValueCard,Completed,
TXN001443,CUST00314,2025-05-31,Douyin,ST010,1072.0,0.0,Alipay,Completed,
TXN001444,CUST00314,2025-06-16,Tmall,ST005,467.68,63.77,CreditCard,Completed,
TXN001445,CUST00314,2026-06-02,Tmall,ST010,1289.23,46.98,StoreValueCard,Completed,CMP005
TXN001446,CUST00315,2025-11-08,App,ST009,1710.78,90.05,Cash,Completed,
TXN001447,CUST00315,2026-01-19,Douyin,ST006,697.51,0.0,WeChatPay,Completed,
TXN001448,CUST00315,2026-03-04,Douyin,ST005,1656.53,34.88,WeChatPay,Completed,
TXN001449,CUST00315,2026-03-13,MiniProgram,ST007,1030.96,140.58,CreditCard,Completed,CMP003
TXN001450,CUST00315,2026-03-17,Tmall,ST006,2092.87,181.99,WeChatPay,Completed,CMP006
TXN001451,CUST00315,2026-04-09,WeChatStore,ST002,2144.0,0.0,Cash,Completed,
TXN001452,CUST00315,2026-05-28,MiniProgram,ST007,1052.43,55.39,WeChatPay,Completed,CMP002
TXN001453,CUST00316,2026-05-27,WeChatStore,ST003,160.82,0.0,CreditCard,Completed,
TXN001454,CUST00316,2026-06-08,POS,ST012,561.8,0.0,CreditCard,Completed,CMP004
TXN001455,CUST00317,2025-02-27,MiniProgram,ST006,1371.0,47.36,CreditCard,Completed,
TXN001456,CUST00317,2025-06-15,POS,ST006,958.28,130.67,Alipay,Completed,
TXN001457,CUST00317,2025-06-18,POS,ST006,2209.78,96.58,CreditCard,Returned,
TXN001458,CUST00317,2025-07-22,Tmall,ST004,2500.32,59.78,CreditCard,Completed,CMP004
TXN001459,CUST00317,2025-09-19,App,ST009,696.97,0.0,StoreValueCard,Completed,
TXN001460,CUST00317,2025-09-29,POS,ST006,1903.89,0.0,WeChatPay,Completed,
TXN001461,CUST00317,2025-11-01,Douyin,ST006,1552.06,118.32,StoreValueCard,Completed,
TXN001462,CUST00317,2025-11-21,MiniProgram,ST007,1241.58,0.0,Cash,Completed,
TXN001463,CUST00317,2025-11-28,Douyin,ST004,1931.64,0.0,CreditCard,Completed,
TXN001464,CUST00317,2025-12-06,App,ST010,2078.81,101.17,StoreValueCard,Completed,CMP006
TXN001465,CUST00317,2025-12-23,App,ST001,1791.8,0.0,Alipay,Completed,
TXN001466,CUST00317,2026-01-06,Tmall,ST001,597.78,0.0,Alipay,Completed,
TXN001467,CUST00317,2026-02-08,WeChatStore,ST010,895.9,0.0,WeChatPay,Completed,CMP005
TXN001468,CUST00317,2026-04-03,Tmall,ST001,1054.72,12.12,WeChatPay,Returned,
TXN001469,CUST00317,2026-04-20,App,ST006,313.69,55.36,Alipay,Completed,
TXN001470,CUST00317,2026-05-26,Tmall,ST003,1195.56,0.0,WeChatPay,Completed,
TXN001471,CUST00318,2025-03-17,POS,ST006,996.52,55.76,CreditCard,Completed,
TXN001472,CUST00318,2025-09-04,POS,ST006,2069.01,47.24,Alipay,Completed,
TXN001473,CUST00318,2025-09-06,App,ST006,1103.32,0.0,WeChatPay,Completed,
TXN001474,CUST00318,2025-10-29,POS,ST006,355.31,0.0,StoreValueCard,Completed,
TXN001475,CUST00318,2025-11-12,Douyin,ST005,4099.04,227.36,CreditCard,Completed,
TXN001476,CUST00318,2026-03-14,WeChatStore,ST009,341.94,18.0,Alipay,Completed,
TXN001477,CUST00318,2026-04-03,POS,ST006,3681.65,107.2,CreditCard,Completed,
TXN001478,CUST00318,2026-05-12,WeChatStore,ST012,433.02,0.0,CreditCard,Completed,
TXN001479,CUST00319,2026-05-01,WeChatStore,ST006,2554.38,0.0,Cash,Completed,
TXN001480,CUST00319,2026-05-05,App,ST010,2809.58,0.0,StoreValueCard,Completed,CMP005
TXN001481,CUST00319,2026-05-07,App,ST005,1468.81,0.0,WeChatPay,Completed,
TXN001482,CUST00319,2026-05-08,App,ST003,947.13,0.0,Alipay,Completed,
TXN001483,CUST00319,2026-05-11,MiniProgram,ST006,492.34,54.7,Cash,Completed,
TXN001484,CUST00319,2026-05-20,App,ST011,2405.64,0.0,StoreValueCard,Completed,
TXN001485,CUST00319,2026-05-22,WeChatStore,ST011,867.72,118.32,CreditCard,Completed,CMP002
TXN001486,CUST00319,2026-05-25,WeChatStore,ST012,1674.6,0.0,WeChatPay,Completed,
TXN001487,CUST00320,2025-08-24,WeChatStore,ST001,1583.67,166.61,StoreValueCard,Completed,
TXN001488,CUST00320,2025-09-12,Douyin,ST010,1420.91,147.37,Cash,Completed,
TXN001489,CUST00320,2025-09-15,Douyin,ST006,466.09,0.0,WeChatPay,Completed,
TXN001490,CUST00320,2025-09-16,MiniProgram,ST011,1048.15,55.17,Alipay,Completed,
TXN001491,CUST00321,2025-06-01,MiniProgram,ST006,888.55,77.27,CreditCard,Completed,CMP006
TXN001492,CUST00322,2025-08-25,Tmall,ST002,684.34,0.0,CreditCard,Completed,
TXN001493,CUST00322,2025-09-07,POS,ST005,379.86,0.0,StoreValueCard,Completed,
TXN001494,CUST00322,2025-10-13,Douyin,ST005,965.82,0.0,CreditCard,Completed,
TXN001495,CUST00322,2025-10-23,MiniProgram,ST008,1011.7,0.0,CreditCard,Completed,
TXN001496,CUST00323,2025-05-08,App,ST007,1011.7,0.0,StoreValueCard,Completed,
TXN001497,CUST00323,2025-05-09,Douyin,ST011,864.11,0.0,Cash,Completed,
TXN001498,CUST00323,2026-01-27,WeChatStore,ST004,284.33,14.96,CreditCard,Completed,
TXN001499,CUST00324,2025-01-28,WeChatStore,ST004,1886.88,164.07,CreditCard,Completed,
TXN001500,CUST00324,2025-08-21,App,ST008,1972.08,0.0,Alipay,Completed,
TXN001501,CUST00324,2026-06-09,Tmall,ST009,1189.49,54.58,StoreValueCard,Completed,CMP001
TXN001502,CUST00325,2026-03-28,WeChatStore,ST008,1387.1,154.12,Alipay,Completed,
TXN001503,CUST00325,2026-03-28,WeChatStore,ST001,895.9,0.0,WeChatPay,Completed,
TXN001504,CUST00325,2026-03-31,POS,ST011,1395.02,0.0,WeChatPay,Completed,CMP001
TXN001505,CUST00325,2026-04-01,Tmall,ST009,1971.93,0.0,Alipay,Completed,
TXN001506,CUST00325,2026-04-01,Tmall,ST001,263.54,0.0,WeChatPay,Completed,CMP002
TXN001507,CUST00325,2026-04-18,Tmall,ST008,242.46,21.08,StoreValueCard,Completed,
TXN001508,CUST00325,2026-04-26,MiniProgram,ST010,993.9,0.0,Cash,Completed,
TXN001509,CUST00325,2026-05-07,MiniProgram,ST006,1756.01,109.41,Alipay,Completed,
TXN001510,CUST00325,2026-05-22,POS,ST011,252.4,44.54,CreditCard,Completed,
TXN001511,CUST00325,2026-05-29,POS,ST011,1713.97,107.96,WeChatPay,Completed,
TXN001512,CUST00325,2026-05-31,Douyin,ST007,359.94,0.0,Cash,Completed,CMP002
TXN001513,CUST00325,2026-06-08,Tmall,ST012,993.9,0.0,StoreValueCard,Completed,CMP002
TXN001514,CUST00326,2026-04-05,POS,ST002,763.03,0.0,Cash,Completed,
TXN001515,CUST00326,2026-04-21,App,ST008,934.53,9.6,StoreValueCard,Completed,
TXN001516,CUST00326,2026-05-04,POS,ST002,916.91,0.0,CreditCard,Completed,
TXN001517,CUST00326,2026-05-27,MiniProgram,ST002,760.44,0.0,WeChatPay,Completed,
TXN001518,CUST00326,2026-06-12,App,ST002,1386.32,122.82,Cash,Completed,
TXN001519,CUST00327,2025-10-01,WeChatStore,ST002,670.27,0.0,CreditCard,Completed,CMP001
TXN001520,CUST00327,2025-11-26,Tmall,ST002,621.24,0.0,CreditCard,Completed,
TXN001521,CUST00327,2025-11-28,App,ST004,977.48,134.61,WeChatPay,Completed,CMP001
TXN001522,CUST00327,2026-03-24,WeChatStore,ST009,377.8,41.98,Cash,Completed,
TXN001523,CUST00327,2026-03-31,Tmall,ST012,961.45,141.35,Cash,Completed,CMP006
TXN001524,CUST00327,2026-04-21,Tmall,ST003,755.0,0.0,WeChatPay,Completed,
TXN001525,CUST00328,2025-06-09,Douyin,ST012,1011.7,0.0,Cash,Completed,
TXN001526,CUST00328,2025-06-12,Douyin,ST011,696.97,0.0,Alipay,PartiallyReturned,
TXN001527,CUST00328,2025-06-15,MiniProgram,ST008,2386.57,0.0,StoreValueCard,Completed,
TXN001528,CUST00328,2025-06-15,WeChatStore,ST012,1069.01,0.0,CreditCard,PartiallyReturned,CMP004
TXN001529,CUST00329,2026-02-13,POS,ST006,2041.96,216.79,Alipay,Completed,
TXN001530,CUST00329,2026-05-01,Tmall,ST011,1326.31,57.59,StoreValueCard,Completed,
TXN001531,CUST00330,2024-10-27,WeChatStore,ST011,1581.54,54.45,StoreValueCard,Completed,
TXN001532,CUST00330,2025-03-26,Tmall,ST004,282.21,49.8,WeChatPay,Completed,
TXN001533,CUST00330,2025-04-04,WeChatStore,ST003,1742.12,91.7,Alipay,Completed,
TXN001534,CUST00330,2025-08-12,Tmall,ST003,1081.28,0.0,Cash,Completed,
TXN001535,CUST00330,2025-11-13,App,ST002,682.27,0.0,Alipay,Completed,
TXN001536,CUST00330,2026-01-27,MiniProgram,ST003,1823.54,0.0,CreditCard,Completed,
TXN001537,CUST00330,2026-02-04,App,ST010,1615.94,34.22,CreditCard,Completed,
TXN001538,CUST00330,2026-04-29,WeChatStore,ST003,73.62,6.4,Alipay,Returned,CMP001
TXN001539,CUST00330,2026-06-12,POS,ST002,1318.38,0.0,WeChatPay,Completed,
TXN001540,CUST00331,2026-03-08,App,ST007,1894.68,0.0,Cash,PartiallyReturned,CMP003
TXN001541,CUST00331,2026-04-22,App,ST006,2888.58,0.0,CreditCard,Completed,
TXN001542,CUST00331,2026-05-28,MiniProgram,ST008,1341.24,0.0,WeChatPay,Completed,CMP004
TXN001543,CUST00331,2026-06-17,Douyin,ST010,1030.96,140.58,Cash,Completed,
TXN001544,CUST00332,2026-06-12,Tmall,ST003,919.09,162.19,Alipay,Completed,
TXN001545,CUST00332,2026-06-30,Douyin,ST010,958.28,130.67,StoreValueCard,Completed,
TXN001546,CUST00333,2026-05-31,Tmall,ST002,1890.5,47.82,WeChatPay,Completed,
TXN001547,CUST00334,2026-03-27,Douyin,ST006,1056.11,186.37,CreditCard,Completed,
TXN001548,CUST00334,2026-04-22,POS,ST011,1902.01,37.7,WeChatPay,Completed,
TXN001549,CUST00334,2026-05-17,MiniProgram,ST005,1114.83,189.88,Alipay,Completed,
TXN001550,CUST00335,2025-11-13,Tmall,ST006,965.82,0.0,CreditCard,Completed,
TXN001551,CUST00335,2026-03-11,App,ST006,662.12,34.85,Cash,Completed,
TXN001552,CUST00335,2026-04-09,App,ST003,2799.64,0.0,CreditCard,Completed,
TXN001553,CUST00335,2026-04-16,Douyin,ST010,2089.36,0.0,CreditCard,Completed,
TXN001554,CUST00335,2026-06-18,Douyin,ST012,760.42,103.69,Cash,Completed,
TXN001555,CUST00336,2026-04-08,POS,ST005,332.2,45.3,Alipay,Completed,CMP001
TXN001556,CUST00336,2026-04-11,POS,ST005,1434.61,119.27,Cash,Completed,
TXN001557,CUST00336,2026-04-29,Douyin,ST012,516.06,0.0,CreditCard,Completed,
TXN001558,CUST00336,2026-05-06,Tmall,ST010,283.6,14.93,Cash,Completed,
TXN001559,CUST00336,2026-05-07,Douyin,ST002,547.04,0.0,Cash,Completed,
TXN001560,CUST00337,2025-12-05,MiniProgram,ST003,1065.07,0.0,WeChatPay,Returned,
TXN001561,CUST00338,2026-03-13,Tmall,ST006,1085.43,6.43,StoreValueCard,Completed,
TXN001562,CUST00338,2026-06-09,POS,ST008,360.62,0.0,CreditCard,Completed,
TXN001563,CUST00338,2026-06-21,App,ST006,1011.51,0.0,Cash,Completed,
TXN001564,CUST00339,2026-03-04,App,ST002,1443.05,135.1,WeChatPay,Completed,
TXN001565,CUST00339,2026-03-13,Douyin,ST011,516.66,59.51,CreditCard,Completed,CMP006
TXN001566,CUST00339,2026-04-14,WeChatStore,ST007,1022.11,180.37,WeChatPay,Completed,
TXN001567,CUST00339,2026-04-19,POS,ST012,254.4,44.89,CreditCard,Completed,CMP003
TXN001568,CUST00339,2026-04-24,MiniProgram,ST001,474.79,41.29,Cash,Completed,
TXN001569,CUST00339,2026-05-05,App,ST003,556.75,0.0,Cash,Completed,
TXN001570,CUST00339,2026-05-12,POS,ST012,1035.03,0.0,StoreValueCard,Completed,
TXN001571,CUST00339,2026-05-28,Tmall,ST008,464.47,51.61,Alipay,Completed,
TXN001572,CUST00340,2026-05-19,Douyin,ST011,987.94,68.22,CreditCard,Completed,
TXN001573,CUST00340,2026-06-30,App,ST001,1011.51,0.0,CreditCard,Completed,
TXN001574,CUST00341,2025-05-13,POS,ST011,1692.16,132.4,Cash,Completed,
TXN001575,CUST00341,2025-06-30,App,ST003,216.23,0.0,Alipay,Completed,
TXN001576,CUST00341,2025-09-29,App,ST007,697.51,0.0,Cash,Completed,
TXN001577,CUST00341,2025-12-14,MiniProgram,ST011,1043.26,119.62,CreditCard,Completed,
TXN001578,CUST00341,2026-01-05,Tmall,ST003,76.69,6.67,Cash,Completed,
TXN001579,CUST00341,2026-03-13,POS,ST011,1107.82,0.0,CreditCard,Completed,CMP005
TXN001580,CUST00341,2026-04-12,Tmall,ST005,944.7,0.0,StoreValueCard,Completed,
TXN001581,CUST00341,2026-05-22,Douyin,ST003,233.42,0.0,CreditCard,Completed,
TXN001582,CUST00342,2026-02-06,Douyin,ST012,1314.08,213.69,Alipay,Completed,
TXN001583,CUST00342,2026-02-18,WeChatStore,ST002,1736.34,219.99,StoreValueCard,Completed,
TXN001584,CUST00342,2026-03-11,POS,ST003,351.51,0.0,StoreValueCard,Completed,CMP004
TXN001585,CUST00342,2026-04-04,WeChatStore,ST010,914.57,0.0,CreditCard,Returned,
TXN001586,CUST00342,2026-04-22,App,ST003,1088.95,0.0,StoreValueCard,Completed,
TXN001587,CUST00343,2025-09-04,Douyin,ST011,351.51,0.0,StoreValueCard,Completed,
TXN001588,CUST00343,2026-01-21,WeChatStore,ST008,2311.97,18.67,StoreValueCard,Completed,
TXN001589,CUST00343,2026-05-31,WeChatStore,ST009,1449.76,18.0,StoreValueCard,Completed,
TXN001590,CUST00344,2024-06-21,WeChatStore,ST008,360.62,0.0,StoreValueCard,Completed,
TXN001591,CUST00344,2025-12-21,Douyin,ST007,895.9,0.0,StoreValueCard,Completed,
TXN001592,CUST00344,2026-05-17,WeChatStore,ST004,2096.31,110.33,Alipay,PartiallyReturned,
TXN001593,CUST00345,2025-03-02,App,ST003,1340.54,0.0,StoreValueCard,Completed,
TXN001594,CUST00345,2025-03-10,Tmall,ST009,547.04,0.0,Alipay,Completed,CMP002
TXN001595,CUST00345,2025-08-27,Douyin,ST004,993.9,0.0,Alipay,Completed,
TXN001596,CUST00345,2026-04-09,MiniProgram,ST001,601.24,0.0,StoreValueCard,Completed,
TXN001597,CUST00345,2026-05-10,Douyin,ST006,1695.59,147.44,Cash,Completed,CMP004
TXN001598,CUST00346,2026-03-29,WeChatStore,ST008,526.05,71.73,CreditCard,Completed,CMP006
TXN001599,CUST00346,2026-03-31,Douyin,ST008,2572.59,245.85,StoreValueCard,Completed,
TXN001600,CUST00346,2026-04-11,Douyin,ST001,600.4,81.87,Cash,Completed,
TXN001601,CUST00346,2026-04-29,App,ST002,1916.55,261.35,CreditCard,Completed,
TXN001602,CUST00346,2026-04-30,Douyin,ST004,3181.46,0.0,CreditCard,Completed,
TXN001603,CUST00346,2026-06-02,MiniProgram,ST002,1233.3,107.24,StoreValueCard,Completed,
TXN001604,CUST00347,2026-02-11,App,ST005,1767.73,92.56,StoreValueCard,Completed,
TXN001605,CUST00347,2026-03-12,WeChatStore,ST009,88.64,0.0,WeChatPay,Completed,
TXN001606,CUST00348,2025-07-30,WeChatStore,ST006,724.76,88.57,WeChatPay,Completed,CMP004
TXN001607,CUST00348,2026-03-28,MiniProgram,ST010,1443.86,89.04,WeChatPay,Completed,
TXN001608,CUST00348,2026-06-07,MiniProgram,ST007,1984.41,169.84,Cash,Completed,
TXN001609,CUST00349,2024-07-10,MiniProgram,ST003,1460.28,75.79,StoreValueCard,Completed,
TXN001610,CUST00349,2024-09-09,MiniProgram,ST001,426.22,75.22,CreditCard,Completed,
TXN001611,CUST00349,2024-12-02,Tmall,ST001,371.93,19.58,StoreValueCard,Completed,
TXN001612,CUST00349,2025-05-27,Tmall,ST006,571.54,0.0,Alipay,Returned,
TXN001613,CUST00349,2025-08-13,POS,ST004,1011.51,0.0,StoreValueCard,Completed,
TXN001614,CUST00349,2025-08-15,WeChatStore,ST010,744.73,26.59,StoreValueCard,Completed,
TXN001615,CUST00349,2026-05-09,WeChatStore,ST001,993.9,0.0,Cash,Completed,
TXN001616,CUST00350,2025-07-29,POS,ST010,1058.13,0.0,Cash,Returned,
TXN001617,CUST00350,2026-01-30,Douyin,ST010,640.34,0.0,StoreValueCard,Completed,
TXN001618,CUST00350,2026-04-14,App,ST008,2155.63,187.45,StoreValueCard,Completed,CMP001
TXN001619,CUST00350,2026-04-17,App,ST004,1018.59,109.41,StoreValueCard,Completed,
TXN001620,CUST00350,2026-06-08,App,ST007,484.0,0.0,Alipay,Completed,
TXN001621,CUST00351,2026-05-10,Tmall,ST004,1504.46,0.0,Alipay,Completed,
TXN001622,CUST00351,2026-06-09,POS,ST008,250.72,0.0,StoreValueCard,Completed,CMP005
TXN001623,CUST00352,2026-06-04,WeChatStore,ST002,333.93,17.58,StoreValueCard,Completed,
TXN001624,CUST00353,2026-03-05,MiniProgram,ST011,156.53,19.95,WeChatPay,Completed,
TXN001625,CUST00353,2026-04-12,WeChatStore,ST002,62.29,0.0,Cash,Completed,
TXN001626,CUST00353,2026-04-13,Tmall,ST011,561.8,0.0,WeChatPay,Completed,
TXN001627,CUST00353,2026-04-25,Tmall,ST010,561.8,0.0,StoreValueCard,Completed,
TXN001628,CUST00353,2026-05-24,Douyin,ST010,442.79,23.3,CreditCard,Completed,
TXN001629,CUST00353,2026-06-07,POS,ST010,252.35,0.0,Alipay,Completed,
TXN001630,CUST00354,2025-12-21,POS,ST003,508.11,89.67,WeChatPay,Completed,
TXN001631,CUST00354,2026-01-17,App,ST003,903.73,53.99,WeChatPay,Completed,
TXN001632,CUST00354,2026-02-20,App,ST011,859.78,151.73,WeChatPay,Completed,CMP003
TXN001633,CUST00354,2026-02-28,MiniProgram,ST001,296.94,0.0,CreditCard,Completed,CMP003
TXN001634,CUST00354,2026-05-30,Tmall,ST002,813.64,143.59,Alipay,Completed,
TXN001635,CUST00354,2026-06-09,Tmall,ST003,419.78,0.0,CreditCard,Completed,
TXN001636,CUST00354,2026-06-09,WeChatStore,ST012,1183.04,0.0,CreditCard,Returned,
TXN001637,CUST00355,2024-12-12,WeChatStore,ST012,1186.33,0.0,Cash,Completed,
TXN001638,CUST00355,2026-05-05,POS,ST009,341.94,18.0,StoreValueCard,Completed,
TXN001639,CUST00356,2024-11-19,Tmall,ST004,670.27,0.0,Cash,PartiallyReturned,
TXN001640,CUST00356,2025-04-19,Douyin,ST005,357.71,3.11,Cash,Completed,
TXN001641,CUST00356,2025-06-27,Douyin,ST012,71.1,9.7,WeChatPay,Completed,
TXN001642,CUST00357,2025-12-18,MiniProgram,ST001,2372.19,270.16,Alipay,Completed,CMP006
TXN001643,CUST00357,2026-06-16,Tmall,ST012,1832.91,234.41,StoreValueCard,Completed,
TXN001644,CUST00358,2025-12-24,Douyin,ST009,613.33,83.64,CreditCard,Completed,
TXN001645,CUST00358,2026-01-26,App,ST011,3089.67,0.0,Cash,Completed,
TXN001646,CUST00358,2026-02-27,MiniProgram,ST006,965.82,0.0,Alipay,Completed,
TXN001647,CUST00358,2026-03-31,Douyin,ST012,1587.28,0.0,Cash,Returned,
TXN001648,CUST00358,2026-04-06,Tmall,ST006,994.78,86.5,CreditCard,Completed,
TXN001649,CUST00358,2026-05-03,WeChatStore,ST008,1357.56,185.12,StoreValueCard,Completed,
TXN001650,CUST00359,2026-04-25,Douyin,ST003,912.81,21.65,StoreValueCard,Completed,
TXN001651,CUST00359,2026-04-26,POS,ST003,1072.0,0.0,CreditCard,Completed,CMP001
TXN001652,CUST00359,2026-05-02,WeChatStore,ST001,1093.63,53.6,CreditCard,Returned,
TXN001653,CUST00359,2026-05-07,Douyin,ST010,1970.53,67.42,StoreValueCard,Completed,
TXN001654,CUST00359,2026-05-24,POS,ST003,296.94,0.0,Cash,Completed,CMP004
TXN001655,CUST00360,2025-12-23,POS,ST003,968.0,0.0,Alipay,Completed,
TXN001656,CUST00361,2026-03-13,App,ST005,916.91,0.0,Cash,Completed,
TXN001657,CUST00361,2026-05-06,MiniProgram,ST008,210.08,23.34,CreditCard,Completed,
TXN001658,CUST00361,2026-06-07,Tmall,ST011,1476.15,0.0,CreditCard,Completed,
TXN001659,CUST00362,2025-07-08,Douyin,ST012,319.78,35.53,Cash,Returned,
TXN001660,CUST00362,2025-08-11,MiniProgram,ST008,719.88,0.0,StoreValueCard,Completed,
TXN001661,CUST00362,2025-09-12,POS,ST008,963.1,0.0,Alipay,Returned,
TXN001662,CUST00362,2025-10-11,POS,ST008,252.4,44.54,CreditCard,Completed,
TXN001663,CUST00363,2025-12-14,Douyin,ST004,1391.72,130.16,CreditCard,Completed,
TXN001664,CUST00363,2026-02-17,App,ST004,523.89,0.0,StoreValueCard,Completed,
TXN001665,CUST00363,2026-02-26,App,ST003,1346.1,0.0,StoreValueCard,Completed,CMP001
TXN001666,CUST00363,2026-02-27,Douyin,ST011,755.0,0.0,StoreValueCard,Completed,CMP001
TXN001667,CUST00363,2026-04-17,Douyin,ST006,899.84,66.81,CreditCard,Completed,
TXN001668,CUST00363,2026-05-20,WeChatStore,ST008,924.71,102.75,CreditCard,Completed,
TXN001669,CUST00363,2026-06-05,POS,ST006,299.29,0.0,CreditCard,PartiallyReturned,CMP006
TXN001670,CUST00364,2025-06-16,POS,ST003,993.9,0.0,WeChatPay,Completed,
TXN001671,CUST00364,2025-08-12,MiniProgram,ST004,296.94,0.0,StoreValueCard,Completed,
TXN001672,CUST00364,2026-03-22,MiniProgram,ST010,391.51,0.0,CreditCard,Completed,
TXN001673,CUST00364,2026-04-25,POS,ST003,820.59,91.18,CreditCard,Completed,
TXN001674,CUST00364,2026-06-22,POS,ST003,697.51,0.0,Cash,Returned,
TXN001675,CUST00365,2025-06-04,POS,ST003,445.31,78.58,Alipay,Completed,
TXN001676,CUST00365,2026-05-07,MiniProgram,ST001,780.44,110.04,Alipay,Completed,
TXN001677,CUST00366,2024-09-11,App,ST007,682.27,0.0,WeChatPay,Completed,
TXN001678,CUST00366,2025-10-11,POS,ST001,1163.38,205.3,Alipay,Completed,
TXN001679,CUST00367,2025-09-09,MiniProgram,ST012,1926.59,0.0,Alipay,Completed,
TXN001680,CUST00367,2025-11-24,Tmall,ST004,2018.02,49.3,CreditCard,Completed,
TXN001681,CUST00367,2026-03-29,Douyin,ST006,682.27,0.0,CreditCard,Completed,
TXN001682,CUST00367,2026-04-13,Tmall,ST004,1641.26,0.0,Alipay,Completed,
TXN001683,CUST00368,2026-02-20,Tmall,ST008,1171.54,0.0,CreditCard,Completed,
TXN001684,CUST00368,2026-06-15,Douyin,ST001,2168.75,0.0,Alipay,Completed,
TXN001685,CUST00369,2025-08-03,Douyin,ST004,1589.96,138.26,Alipay,Completed,
TXN001686,CUST00369,2025-08-23,App,ST001,1858.17,91.18,Cash,Completed,
TXN001687,CUST00369,2025-10-26,MiniProgram,ST005,3116.21,53.62,CreditCard,Completed,
TXN001688,CUST00369,2026-04-09,Douyin,ST010,1638.91,47.82,Alipay,Completed,
TXN001689,CUST00369,2026-05-19,Tmall,ST002,1874.75,67.03,WeChatPay,Completed,
TXN001690,CUST00370,2026-06-17,MiniProgram,ST002,572.64,44.38,Cash,Completed,
TXN001691,CUST00370,2026-06-21,WeChatStore,ST002,488.35,45.17,Cash,Completed,
TXN001692,CUST00370,2026-06-23,MiniProgram,ST010,841.87,73.21,StoreValueCard,Completed,
TXN001693,CUST00370,2026-06-23,Douyin,ST006,1473.74,23.56,Alipay,Completed,
TXN001694,CUST00371,2025-10-16,MiniProgram,ST005,993.9,0.0,Alipay,Completed,
TXN001695,CUST00371,2025-11-08,MiniProgram,ST002,1888.41,99.39,Cash,Completed,
TXN001696,CUST00371,2025-12-07,Tmall,ST004,993.9,0.0,Cash,Completed,CMP002
TXN001697,CUST00371,2025-12-20,POS,ST004,656.88,0.0,Alipay,Completed,
TXN001698,CUST00371,2026-05-12,POS,ST004,302.01,53.3,Cash,Completed,
TXN001699,CUST00372,2025-11-17,MiniProgram,ST004,2247.7,78.88,WeChatPay,Completed,
TXN001700,CUST00372,2025-11-21,POS,ST010,696.97,0.0,CreditCard,Returned,
TXN001701,CUST00372,2026-04-06,Tmall,ST009,694.21,77.13,StoreValueCard,Completed,
TXN001702,CUST00372,2026-06-04,MiniProgram,ST006,1595.88,163.34,CreditCard,Completed,
TXN001703,CUST00372,2026-06-16,WeChatStore,ST001,547.04,0.0,Alipay,Completed,
TXN001704,CUST00373,2025-07-19,Tmall,ST012,1010.68,48.1,StoreValueCard,Completed,
TXN001705,CUST00373,2025-09-06,POS,ST011,947.13,0.0,Alipay,Completed,
TXN001706,CUST00373,2025-10-13,POS,ST011,2330.14,91.18,WeChatPay,Completed,
TXN001707,CUST00373,2025-10-20,App,ST005,1027.22,54.06,Cash,Completed,
TXN001708,CUST00373,2025-12-19,MiniProgram,ST003,1393.94,0.0,CreditCard,Completed,
TXN001709,CUST00373,2026-03-22,MiniProgram,ST010,947.13,0.0,Cash,Returned,
TXN001710,CUST00373,2026-04-10,POS,ST011,794.98,69.13,StoreValueCard,Completed,CMP002
TXN001711,CUST00374,2025-08-21,Tmall,ST002,859.98,0.0,WeChatPay,PartiallyReturned,
TXN001712,CUST00374,2025-12-03,Douyin,ST011,80.8,0.0,CreditCard,Completed,CMP004
TXN001713,CUST00374,2026-01-10,Douyin,ST001,1996.17,259.51,CreditCard,Completed,
TXN001714,CUST00374,2026-05-01,App,ST011,70.42,9.6,StoreValueCard,Completed,
TXN001715,CUST00374,2026-05-17,Douyin,ST007,76.33,4.02,Alipay,Completed,
TXN001716,CUST00375,2026-03-03,WeChatStore,ST003,1476.34,137.54,StoreValueCard,Completed,
TXN001717,CUST00375,2026-04-10,MiniProgram,ST009,1088.95,0.0,WeChatPay,Completed,
TXN001718,CUST00375,2026-04-21,WeChatStore,ST004,1195.56,0.0,StoreValueCard,Completed,
TXN001719,CUST00375,2026-05-19,POS,ST005,561.8,0.0,WeChatPay,Completed,
TXN001720,CUST00375,2026-06-14,Tmall,ST001,2763.8,0.0,StoreValueCard,Completed,
TXN001721,CUST00375,2026-06-26,App,ST002,895.9,0.0,StoreValueCard,Completed,
TXN001722,CUST00376,2024-10-22,WeChatStore,ST004,1171.54,0.0,CreditCard,Completed,
TXN001723,CUST00376,2025-03-27,App,ST012,787.44,23.76,CreditCard,Completed,
TXN001724,CUST00376,2025-05-19,WeChatStore,ST011,481.55,0.0,StoreValueCard,Completed,
TXN001725,CUST00377,2026-06-27,Douyin,ST012,1088.95,0.0,CreditCard,PartiallyReturned,
TXN001726,CUST00378,2025-08-06,App,ST002,1052.43,55.39,WeChatPay,Returned,CMP004
TXN001727,CUST00378,2025-08-22,WeChatStore,ST011,81.55,7.09,WeChatPay,Completed,
TXN001728,CUST00378,2025-10-02,Tmall,ST003,1656.31,0.0,WeChatPay,Completed,
TXN001729,CUST00378,2025-11-09,Douyin,ST005,895.9,0.0,Cash,Completed,
TXN001730,CUST00379,2026-05-24,Douyin,ST006,600.18,0.0,Alipay,Completed,CMP004
TXN001731,CUST00379,2026-05-24,Tmall,ST006,293.97,40.09,StoreValueCard,Completed,CMP001
TXN001732,CUST00379,2026-05-27,Douyin,ST012,88.64,0.0,Cash,Completed,
TXN001733,CUST00379,2026-05-29,WeChatStore,ST010,947.13,0.0,CreditCard,Completed,
TXN001734,CUST00379,2026-06-01,App,ST010,161.6,0.0,StoreValueCard,Completed,
TXN001735,CUST00379,2026-06-02,POS,ST010,1443.9,33.41,StoreValueCard,Completed,
TXN001736,CUST00380,2025-09-21,Douyin,ST002,323.95,35.99,Cash,PartiallyReturned,
TXN001737,CUST00381,2025-12-05,Douyin,ST008,72.32,8.04,StoreValueCard,Completed,
TXN001738,CUST00381,2025-12-16,WeChatStore,ST010,1745.43,113.68,Alipay,PartiallyReturned,
TXN001739,CUST00381,2026-03-09,App,ST011,379.86,0.0,Alipay,Completed,
TXN001740,CUST00381,2026-05-05,Tmall,ST006,1650.36,0.0,StoreValueCard,Completed,
TXN001741,CUST00382,2026-01-19,Tmall,ST003,83.36,0.0,StoreValueCard,Completed,
TXN001742,CUST00383,2026-02-21,App,ST008,1542.68,0.0,Cash,Completed,
TXN001743,CUST00383,2026-02-21,Douyin,ST002,2698.68,98.6,WeChatPay,Completed,
TXN001744,CUST00383,2026-03-03,Tmall,ST012,1923.47,0.0,WeChatPay,Completed,
TXN001745,CUST00383,2026-03-16,WeChatStore,ST007,592.42,104.55,Alipay,Completed,CMP003
TXN001746,CUST00383,2026-03-20,Douyin,ST012,601.24,0.0,Cash,Completed,
TXN001747,CUST00383,2026-03-22,WeChatStore,ST007,911.77,0.0,Cash,Completed,
TXN001748,CUST00383,2026-03-29,MiniProgram,ST005,1058.76,8.08,CreditCard,Completed,
TXN001749,CUST00383,2026-04-01,MiniProgram,ST004,684.34,0.0,Cash,Completed,
TXN001750,CUST00383,2026-04-11,Tmall,ST006,466.09,0.0,WeChatPay,Completed,
TXN001751,CUST00383,2026-04-20,Douyin,ST008,1088.95,0.0,Alipay,Completed,
TXN001752,CUST00383,2026-04-24,POS,ST008,2014.62,257.56,CreditCard,Completed,
TXN001753,CUST00383,2026-04-26,POS,ST008,888.55,77.27,CreditCard,Completed,
TXN001754,CUST00383,2026-05-06,WeChatStore,ST011,233.42,0.0,WeChatPay,Completed,
TXN001755,CUST00383,2026-05-11,App,ST007,1599.18,0.0,WeChatPay,Completed,
TXN001756,CUST00383,2026-05-29,WeChatStore,ST011,973.15,108.13,WeChatPay,Completed,
TXN001757,CUST00383,2026-05-29,MiniProgram,ST007,1011.7,0.0,CreditCard,Completed,
TXN001758,CUST00384,2025-12-19,App,ST006,771.34,0.0,WeChatPay,Completed,
TXN001759,CUST00384,2025-12-22,MiniProgram,ST001,849.92,115.9,WeChatPay,Completed,
TXN001760,CUST00384,2026-01-27,Douyin,ST002,1204.44,164.24,CreditCard,Completed,
TXN001761,CUST00384,2026-03-17,App,ST001,2679.49,91.18,WeChatPay,Completed,
TXN001762,CUST00384,2026-05-05,POS,ST004,561.8,0.0,Alipay,Completed,
TXN001763,CUST00384,2026-05-17,POS,ST004,1088.95,0.0,CreditCard,Completed,CMP003
TXN001764,CUST00384,2026-05-19,Tmall,ST001,1344.82,0.0,CreditCard,PartiallyReturned,
TXN001765,CUST00385,2025-12-22,App,ST004,943.94,83.51,Alipay,Completed,CMP005
TXN001766,CUST00385,2026-03-16,MiniProgram,ST009,904.1,48.16,Cash,Completed,
TXN001767,CUST00385,2026-05-07,WeChatStore,ST008,1131.28,0.0,CreditCard,Completed,
TXN001768,CUST00386,2025-07-02,Tmall,ST011,2050.66,0.0,StoreValueCard,Completed,
TXN001769,CUST00386,2025-07-25,Douyin,ST010,2054.61,224.75,Alipay,Completed,
TXN001770,CUST00386,2025-09-25,POS,ST006,1072.0,0.0,CreditCard,Completed,
TXN001771,CUST00386,2025-09-29,Tmall,ST012,1994.08,221.56,Alipay,Completed,
TXN001772,CUST00386,2026-01-30,WeChatStore,ST006,687.65,47.12,Alipay,PartiallyReturned,
TXN001773,CUST00386,2026-02-06,POS,ST006,326.89,28.42,WeChatPay,Completed,
TXN001774,CUST00386,2026-03-02,Tmall,ST010,876.02,0.0,CreditCard,Completed,
TXN001775,CUST00386,2026-04-22,MiniProgram,ST004,662.63,34.88,Alipay,Completed,
TXN001776,CUST00386,2026-04-30,WeChatStore,ST004,1761.06,93.96,WeChatPay,Completed,
TXN001777,CUST00386,2026-06-07,Douyin,ST011,1107.82,0.0,Alipay,Completed,CMP001
TXN001778,CUST00386,2026-06-15,App,ST011,372.17,0.0,StoreValueCard,Completed,
TXN001779,CUST00387,2026-02-02,MiniProgram,ST005,252.4,44.54,Cash,Completed,
TXN001780,CUST00387,2026-05-05,Tmall,ST010,2024.86,140.58,Cash,Completed,
TXN001781,CUST00388,2026-04-24,Tmall,ST009,1088.95,0.0,StoreValueCard,Completed,
TXN001782,CUST00388,2026-04-26,POS,ST002,597.78,0.0,StoreValueCard,Returned,
TXN001783,CUST00388,2026-05-14,POS,ST002,871.87,45.89,WeChatPay,Completed,
TXN001784,CUST00389,2024-09-12,MiniProgram,ST002,943.36,128.64,StoreValueCard,Completed,
TXN001785,CUST00389,2025-01-10,Tmall,ST010,359.94,0.0,StoreValueCard,Completed,
TXN001786,CUST00389,2025-03-02,App,ST005,1820.94,18.03,Alipay,Completed,CMP005
TXN001787,CUST00389,2026-01-23,Tmall,ST001,1949.76,265.88,CreditCard,Completed,
TXN001788,CUST00389,2026-03-29,Douyin,ST005,995.81,175.73,CreditCard,Completed,
TXN001789,CUST00389,2026-05-05,WeChatStore,ST010,355.31,0.0,Cash,Completed,
TXN001790,CUST00390,2026-04-06,Tmall,ST006,80.35,0.0,CreditCard,Completed,
TXN001791,CUST00390,2026-04-20,MiniProgram,ST001,57.31,4.98,Cash,Completed,
TXN001792,CUST00390,2026-04-27,WeChatStore,ST010,633.7,7.09,Cash,Completed,
TXN001793,CUST00390,2026-05-12,Tmall,ST003,163.29,12.12,WeChatPay,Completed,
TXN001794,CUST00390,2026-05-15,Douyin,ST004,1280.68,0.0,CreditCard,Completed,
TXN001795,CUST00391,2026-03-11,WeChatStore,ST010,1379.38,119.95,Alipay,Completed,
TXN001796,CUST00391,2026-03-11,Douyin,ST007,1329.19,58.58,Alipay,Completed,
TXN001797,CUST00391,2026-03-17,WeChatStore,ST005,662.12,34.85,StoreValueCard,Completed,
TXN001798,CUST00391,2026-03-20,Tmall,ST002,342.59,18.03,Cash,Completed,CMP005
TXN001799,CUST00391,2026-03-27,Douyin,ST005,2975.96,0.0,StoreValueCard,Completed,
TXN001800,CUST00391,2026-04-01,Douyin,ST005,443.5,23.34,WeChatPay,Completed,
TXN001801,CUST00391,2026-04-06,WeChatStore,ST006,993.9,0.0,WeChatPay,Completed,
TXN001802,CUST00391,2026-04-10,POS,ST010,1564.84,104.63,Cash,Completed,CMP003
TXN001803,CUST00392,2026-04-28,Douyin,ST007,914.39,79.51,Cash,Completed,
TXN001804,CUST00392,2026-06-07,App,ST005,2321.11,214.4,Cash,Completed,
TXN001805,CUST00393,2024-08-24,POS,ST006,355.31,0.0,StoreValueCard,Completed,
TXN001806,CUST00393,2025-05-29,Tmall,ST011,1889.4,0.0,Cash,Completed,
TXN001807,CUST00394,2026-06-26,App,ST004,911.77,0.0,WeChatPay,Returned,
TXN001808,CUST00395,2025-06-16,POS,ST003,681.36,30.2,Alipay,Completed,
TXN001809,CUST00395,2026-04-21,WeChatStore,ST010,299.29,0.0,StoreValueCard,Completed,
TXN001810,CUST00396,2024-07-10,POS,ST002,1030.09,137.54,Alipay,Completed,
TXN001811,CUST00396,2025-06-07,MiniProgram,ST008,696.97,0.0,CreditCard,Completed,
TXN001812,CUST00396,2025-08-13,MiniProgram,ST006,994.78,86.5,Alipay,Completed,
TXN001813,CUST00396,2025-09-18,Douyin,ST004,895.9,0.0,Alipay,Completed,
TXN001814,CUST00396,2026-02-03,MiniProgram,ST010,250.36,13.18,CreditCard,Completed,
TXN001815,CUST00396,2026-04-05,App,ST007,1677.66,145.88,WeChatPay,Completed,
TXN001816,CUST00396,2026-06-17,Tmall,ST010,1072.0,0.0,StoreValueCard,Completed,
TXN001817,CUST00397,2025-07-04,Douyin,ST012,615.91,68.43,Cash,Completed,
TXN001818,CUST00397,2025-09-29,Douyin,ST005,986.04,0.0,StoreValueCard,Completed,
TXN001819,CUST00398,2026-06-26,Douyin,ST009,864.11,0.0,StoreValueCard,Completed,
TXN001820,CUST00399,2026-05-13,MiniProgram,ST005,531.45,0.0,Alipay,Completed,
TXN001821,CUST00399,2026-06-11,POS,ST001,418.57,22.03,WeChatPay,Completed,
TXN001822,CUST00400,2025-07-13,WeChatStore,ST002,332.01,0.0,StoreValueCard,Completed,
TXN001823,CUST00400,2025-07-18,WeChatStore,ST012,1081.28,0.0,Alipay,Completed,
TXN001824,CUST00400,2025-10-03,Douyin,ST012,2196.38,0.0,StoreValueCard,Completed,
TXN001825,CUST00400,2026-01-29,WeChatStore,ST002,806.31,89.59,WeChatPay,Completed,CMP005
TXN001826,CUST00400,2026-02-04,Tmall,ST003,1541.33,45.85,StoreValueCard,Completed,
TXN001827,CUST00400,2026-03-14,Tmall,ST002,703.02,0.0,Cash,Completed,CMP006
TXN001828,CUST00400,2026-03-21,MiniProgram,ST011,2378.12,107.24,Cash,Completed,CMP004
TXN001829,CUST00400,2026-05-25,Tmall,ST011,965.82,0.0,WeChatPay,Completed,
TXN001830,CUST00401,2024-12-15,Douyin,ST001,1345.76,0.0,StoreValueCard,Returned,
TXN001831,CUST00401,2025-04-05,WeChatStore,ST007,528.91,27.84,WeChatPay,Completed,
TXN001832,CUST00401,2025-04-14,MiniProgram,ST003,960.35,35.91,WeChatPay,Completed,
TXN001833,CUST00401,2025-05-21,Douyin,ST010,339.53,29.52,StoreValueCard,Completed,
TXN001834,CUST00402,2025-03-06,App,ST010,1077.82,93.72,StoreValueCard,Completed,
TXN001835,CUST00402,2025-05-15,Douyin,ST004,947.34,0.0,Cash,Completed,
TXN001836,CUST00403,2025-09-28,MiniProgram,ST003,57.31,4.98,StoreValueCard,Completed,
TXN001837,CUST00403,2025-11-22,WeChatStore,ST001,1062.9,0.0,StoreValueCard,Completed,
TXN001838,CUST00403,2025-11-29,WeChatStore,ST005,678.39,0.0,CreditCard,Completed,
TXN001839,CUST00403,2025-12-25,MiniProgram,ST011,88.64,0.0,Cash,Completed,
TXN001840,CUST00403,2026-01-12,Douyin,ST008,516.06,0.0,WeChatPay,Completed,
TXN001841,CUST00403,2026-02-22,Douyin,ST009,504.88,26.57,CreditCard,Completed,
TXN001842,CUST00403,2026-03-25,POS,ST011,163.29,12.12,Cash,Completed,
TXN001843,CUST00403,2026-04-28,App,ST008,637.75,88.13,Alipay,Completed,
TXN001844,CUST00403,2026-05-04,MiniProgram,ST005,533.71,28.09,StoreValueCard,Completed,
TXN001845,CUST00403,2026-06-14,Douyin,ST008,75.02,8.34,Cash,Completed,
TXN001846,CUST00403,2026-06-28,App,ST008,83.36,0.0,Alipay,Completed,
TXN001847,CUST00403,2026-06-28,Douyin,ST005,67.71,7.52,CreditCard,Completed,
TXN001848,CUST00404,2026-06-25,Douyin,ST002,431.04,9.6,Cash,Completed,
TXN001849,CUST00405,2025-09-23,WeChatStore,ST008,556.75,0.0,WeChatPay,Completed,
TXN001850,CUST00405,2026-01-20,POS,ST003,298.53,0.0,WeChatPay,Completed,
TXN001851,CUST00405,2026-03-07,App,ST007,968.0,0.0,Alipay,Completed,
TXN001852,CUST00405,2026-04-17,Tmall,ST003,334.06,0.0,Cash,Completed,
TXN001853,CUST00405,2026-04-18,POS,ST003,1107.82,0.0,Cash,Completed,CMP004
TXN001854,CUST00405,2026-05-22,App,ST010,523.89,0.0,WeChatPay,Completed,
TXN001855,CUST00406,2026-06-11,App,ST005,377.5,0.0,Alipay,Completed,
TXN001856,CUST00406,2026-06-14,WeChatStore,ST005,298.78,52.73,StoreValueCard,Completed,
TXN001857,CUST00406,2026-06-17,WeChatStore,ST003,440.6,0.0,Alipay,Completed,CMP004
TXN001858,CUST00406,2026-06-25,App,ST006,1101.6,45.13,CreditCard,Completed,
TXN001859,CUST00406,2026-06-29,WeChatStore,ST010,916.91,0.0,StoreValueCard,Completed,
TXN001860,CUST00407,2025-11-04,POS,ST002,911.2,160.8,StoreValueCard,Completed,CMP001
TXN001861,CUST00407,2025-12-04,MiniProgram,ST002,831.34,113.36,WeChatPay,Completed,
TXN001862,CUST00408,2025-01-20,WeChatStore,ST009,296.94,0.0,Alipay,Completed,
TXN001863,CUST00408,2025-11-10,Douyin,ST002,895.9,0.0,Alipay,Completed,
TXN001864,CUST00408,2026-04-23,WeChatStore,ST010,1601.25,0.0,CreditCard,Completed,
TXN001865,CUST00409,2026-06-15,App,ST008,1115.6,0.0,WeChatPay,Completed,
TXN001866,CUST00409,2026-06-23,MiniProgram,ST010,1110.32,18.45,CreditCard,Completed,CMP001
TXN001867,CUST00410,2026-05-14,POS,ST006,2497.46,94.73,StoreValueCard,Completed,
TXN001868,CUST00410,2026-06-13,Douyin,ST011,1257.41,47.24,StoreValueCard,Completed,
TXN001869,CUST00411,2026-04-24,App,ST012,670.27,0.0,CreditCard,Completed,
TXN001870,CUST00411,2026-06-03,WeChatStore,ST003,771.34,0.0,CreditCard,Completed,
TXN001871,CUST00412,2025-06-27,WeChatStore,ST012,685.21,0.0,WeChatPay,Returned,
TXN001872,CUST00412,2025-07-06,POS,ST004,1011.7,0.0,Alipay,Completed,
TXN001873,CUST00413,2024-05-31,Tmall,ST002,1780.26,242.76,CreditCard,Completed,
TXN001874,CUST00413,2024-11-02,Tmall,ST005,3043.73,191.24,StoreValueCard,Completed,
TXN001875,CUST00413,2026-01-19,MiniProgram,ST009,233.42,0.0,Alipay,Completed,
TXN001876,CUST00413,2026-05-26,POS,ST003,1260.11,171.83,CreditCard,Completed,
TXN001877,CUST00414,2026-01-10,App,ST005,759.72,0.0,Alipay,Completed,
TXN001878,CUST00414,2026-02-21,Tmall,ST009,685.21,0.0,WeChatPay,PartiallyReturned,
TXN001879,CUST00414,2026-03-09,WeChatStore,ST012,360.87,18.99,CreditCard,Completed,CMP002
TXN001880,CUST00414,2026-04-11,POS,ST007,630.39,54.82,Cash,PartiallyReturned,CMP001
TXN001881,CUST00414,2026-04-30,Tmall,ST007,996.57,115.63,WeChatPay,PartiallyReturned,
TXN001882,CUST00415,2026-05-15,POS,ST010,1011.7,0.0,WeChatPay,Completed,
TXN001883,CUST00415,2026-05-16,MiniProgram,ST007,2023.4,0.0,WeChatPay,Completed,
TXN001884,CUST00415,2026-05-29,MiniProgram,ST006,1885.47,78.21,Cash,Completed,
TXN001885,CUST00415,2026-06-05,POS,ST010,1113.86,0.0,Alipay,Completed,
TXN001886,CUST00415,2026-06-08,App,ST010,250.72,0.0,WeChatPay,Completed,
TXN001887,CUST00415,2026-06-18,MiniProgram,ST012,1832.04,34.85,WeChatPay,Completed,
TXN001888,CUST00416,2026-01-09,App,ST011,1048.15,55.17,Cash,Completed,
TXN001889,CUST00416,2026-01-23,POS,ST004,1072.0,0.0,CreditCard,Completed,
TXN001890,CUST00416,2026-04-28,Douyin,ST004,216.23,0.0,StoreValueCard,Completed,
TXN001891,CUST00416,2026-05-14,Tmall,ST009,350.6,18.45,WeChatPay,Returned,
TXN001892,CUST00416,2026-05-21,WeChatStore,ST009,1262.94,103.88,StoreValueCard,Completed,
TXN001893,CUST00416,2026-06-07,WeChatStore,ST010,282.09,14.85,CreditCard,Completed,
TXN001894,CUST00417,2026-04-12,WeChatStore,ST003,2502.84,0.0,CreditCard,Completed,CMP005
TXN001895,CUST00417,2026-04-23,POS,ST005,866.04,0.0,Alipay,Completed,
TXN001896,CUST00417,2026-04-24,Tmall,ST010,296.94,0.0,CreditCard,Completed,
TXN001897,CUST00417,2026-04-26,MiniProgram,ST001,1324.05,0.0,CreditCard,Completed,
TXN001898,CUST00418,2025-10-26,MiniProgram,ST012,261.31,35.63,Alipay,PartiallyReturned,
TXN001899,CUST00418,2026-01-24,MiniProgram,ST002,306.53,54.09,WeChatPay,Completed,CMP004
TXN001900,CUST00418,2026-01-30,Douyin,ST009,557.96,48.07,CreditCard,Completed,
TXN001901,CUST00418,2026-02-12,Tmall,ST010,721.24,0.0,Cash,Completed,
TXN001902,CUST00418,2026-03-03,App,ST006,992.99,110.33,StoreValueCard,Returned,
TXN001903,CUST00419,2025-08-17,WeChatStore,ST005,80.8,0.0,WeChatPay,Completed,
TXN001904,CUST00419,2025-11-05,POS,ST001,2078.66,168.54,WeChatPay,Completed,
TXN001905,CUST00419,2025-12-30,Douyin,ST012,88.64,0.0,StoreValueCard,Completed,CMP005
TXN001906,CUST00419,2026-01-05,App,ST011,1063.96,56.0,CreditCard,Completed,
TXN001907,CUST00419,2026-06-05,App,ST010,759.26,0.0,Cash,Completed,
TXN001908,CUST00419,2026-06-08,Douyin,ST009,124.58,0.0,WeChatPay,Completed,
TXN001909,CUST00420,2026-05-03,Tmall,ST003,2584.69,0.0,StoreValueCard,Completed,
TXN001910,CUST00420,2026-05-24,WeChatStore,ST006,1946.02,0.0,CreditCard,Completed,
TXN001911,CUST00420,2026-06-17,POS,ST006,942.2,52.39,CreditCard,Completed,CMP003
