item_id,transaction_id,product_id,quantity,unit_price,discount_rate,net_amount
ITEM0000001,TXN000001,PRD0004,1,895.9,0,895.9
ITEM0000002,TXN000001,PRD0006,1,670.27,0.15,569.73
ITEM0000003,TXN000001,PRD0017,1,911.77,0,911.77
ITEM0000004,TXN000002,PRD0012,1,696.97,0.15,592.42
ITEM0000005,TXN000003,PRD0053,1,62.29,0.1,56.06
ITEM0000006,TXN000004,PRD0003,1,547.04,0,547.04
ITEM0000007,TXN000005,PRD0001,2,864.11,0,1728.22
ITEM0000008,TXN000005,PRD0018,1,965.82,0,965.82
ITEM0000009,TXN000006,PRD0001,1,864.11,0,864.11
ITEM0000010,TXN000006,PRD0004,1,895.9,0,895.9
ITEM0000011,TXN000007,PRD0032,1,360.62,0,360.62
ITEM0000012,TXN000007,PRD0016,1,1011.7,0.15,859.95
ITEM0000013,TXN000008,PRD0047,1,80.8,0.05,76.76
ITEM0000014,TXN000009,PRD0051,1,93.12,0,93.12
ITEM0000015,TXN000009,PRD0050,1,80.02,0.15,68.02
ITEM0000016,TXN000010,PRD0051,1,93.12,0,93.12
ITEM0000017,TXN000011,PRD0047,1,80.8,0,80.8
ITEM0000018,TXN000012,PRD0026,1,947.34,0.1,852.61
ITEM0000019,TXN000013,PRD0029,1,355.31,0,355.31
ITEM0000020,TXN000013,PRD0044,1,640.34,0,640.34
ITEM0000021,TXN000014,PRD0069,1,377.5,0,377.5
ITEM0000022,TXN000014,PRD0048,1,94.61,0,94.61
ITEM0000023,TXN000015,PRD0069,1,377.5,0.1,339.75
ITEM0000024,TXN000015,PRD0038,1,457.54,0.1,411.79
ITEM0000025,TXN000015,PRD0045,1,559.98,0,559.98
ITEM0000026,TXN000016,PRD0063,2,351.51,0,703.02
ITEM0000027,TXN000017,PRD0066,1,440.6,0,440.6
ITEM0000028,TXN000017,PRD0038,1,457.54,0,457.54
ITEM0000029,TXN000018,PRD0019,1,1011.51,0.05,960.93
ITEM0000030,TXN000018,PRD0072,1,470.7,0.15,400.1
ITEM0000031,TXN000019,PRD0021,1,944.7,0.15,803.0
ITEM0000032,TXN000020,PRD0033,1,296.94,0.12,261.31
ITEM0000033,TXN000021,PRD0044,1,640.34,0,640.34
ITEM0000034,TXN000021,PRD0050,1,80.02,0,80.02
ITEM0000035,TXN000022,PRD0009,1,684.34,0,684.34
ITEM0000036,TXN000022,PRD0059,1,369.05,0,369.05
ITEM0000037,TXN000023,PRD0017,1,911.77,0,911.77
ITEM0000038,TXN000023,PRD0072,1,470.7,0,470.7
ITEM0000039,TXN000023,PRD0063,1,351.51,0.05,333.93
ITEM0000040,TXN000024,PRD0033,1,296.94,0,296.94
ITEM0000041,TXN000025,PRD0052,1,80.35,0.12,70.71
ITEM0000042,TXN000026,PRD0039,2,685.21,0,1370.42
ITEM0000043,TXN000026,PRD0054,2,83.36,0,166.72
ITEM0000044,TXN000027,PRD0038,1,457.54,0.05,434.66
ITEM0000045,TXN000028,PRD0053,1,62.29,0,62.29
ITEM0000046,TXN000029,PRD0054,1,83.36,0.12,73.36
ITEM0000047,TXN000029,PRD0042,1,471.23,0,471.23
ITEM0000048,TXN000030,PRD0045,1,559.98,0,559.98
ITEM0000049,TXN000030,PRD0039,1,685.21,0.1,616.69
ITEM0000050,TXN000031,PRD0051,1,93.12,0.12,81.95
ITEM0000051,TXN000031,PRD0041,1,379.86,0,379.86
ITEM0000052,TXN000032,PRD0053,1,62.29,0,62.29
ITEM0000053,TXN000033,PRD0029,1,355.31,0,355.31
ITEM0000054,TXN000034,PRD0024,1,1107.82,0,1107.82
ITEM0000055,TXN000034,PRD0052,1,80.35,0,80.35
ITEM0000056,TXN000035,PRD0012,1,696.97,0.1,627.27
ITEM0000057,TXN000035,PRD0006,1,670.27,0,670.27
ITEM0000058,TXN000036,PRD0013,2,986.04,0,1972.08
ITEM0000059,TXN000036,PRD0002,1,682.27,0.08,627.69
ITEM0000060,TXN000037,PRD0035,1,233.42,0.1,210.08
ITEM0000061,TXN000037,PRD0016,1,1011.7,0,1011.7
ITEM0000062,TXN000038,PRD0008,1,597.78,0.15,508.11
ITEM0000063,TXN000038,PRD0039,1,685.21,0.12,602.98
ITEM0000064,TXN000038,PRD0014,1,601.24,0,601.24
ITEM0000065,TXN000039,PRD0060,1,556.75,0,556.75
ITEM0000066,TXN000040,PRD0012,1,696.97,0,696.97
ITEM0000067,TXN000040,PRD0012,1,696.97,0,696.97
ITEM0000068,TXN000040,PRD0014,1,601.24,0,601.24
ITEM0000069,TXN000041,PRD0013,1,986.04,0,986.04
ITEM0000070,TXN000042,PRD0010,1,916.91,0,916.91
ITEM0000071,TXN000043,PRD0010,1,916.91,0.15,779.37
ITEM0000072,TXN000043,PRD0023,2,1103.32,0.05,2096.31
ITEM0000073,TXN000043,PRD0023,1,1103.32,0,1103.32
ITEM0000074,TXN000044,PRD0032,1,360.62,0,360.62
ITEM0000075,TXN000045,PRD0035,1,233.42,0.15,198.41
ITEM0000076,TXN000046,PRD0028,2,250.72,0,501.44
ITEM0000077,TXN000047,PRD0065,1,299.29,0,299.29
ITEM0000078,TXN000048,PRD0036,1,359.94,0,359.94
ITEM0000079,TXN000049,PRD0026,1,947.34,0.1,852.61
ITEM0000080,TXN000050,PRD0010,1,916.91,0.08,843.56
ITEM0000081,TXN000051,PRD0052,2,80.35,0.05,152.67
ITEM0000082,TXN000052,PRD0037,1,531.45,0.1,478.31
ITEM0000083,TXN000053,PRD0045,1,559.98,0,559.98
ITEM0000084,TXN000053,PRD0049,1,88.64,0.12,78.0
ITEM0000085,TXN000054,PRD0037,1,531.45,0,531.45
ITEM0000086,TXN000055,PRD0051,1,93.12,0,93.12
ITEM0000087,TXN000056,PRD0048,2,94.61,0,189.22
ITEM0000088,TXN000057,PRD0033,1,296.94,0,296.94
ITEM0000089,TXN000057,PRD0050,1,80.02,0.05,76.02
ITEM0000090,TXN000058,PRD0046,1,75.23,0,75.23
ITEM0000091,TXN000059,PRD0060,2,556.75,0,1113.5
ITEM0000092,TXN000059,PRD0064,1,332.01,0,332.01
ITEM0000093,TXN000059,PRD0037,1,531.45,0,531.45
ITEM0000094,TXN000060,PRD0019,1,1011.51,0,1011.51
ITEM0000095,TXN000061,PRD0045,1,559.98,0,559.98
ITEM0000096,TXN000061,PRD0050,1,80.02,0.12,70.42
ITEM0000097,TXN000062,PRD0007,1,947.13,0,947.13
ITEM0000098,TXN000062,PRD0054,1,83.36,0,83.36
ITEM0000099,TXN000063,PRD0054,1,83.36,0,83.36
ITEM0000100,TXN000063,PRD0041,1,379.86,0,379.86
ITEM0000101,TXN000064,PRD0040,1,561.8,0,561.8
ITEM0000102,TXN000064,PRD0048,1,94.61,0.05,89.88
ITEM0000103,TXN000064,PRD0048,1,94.61,0,94.61
ITEM0000104,TXN000065,PRD0054,1,83.36,0,83.36
ITEM0000105,TXN000066,PRD0047,1,80.8,0,80.8
ITEM0000106,TXN000066,PRD0025,1,1072.0,0.1,964.8
ITEM0000107,TXN000067,PRD0038,2,457.54,0.12,805.27
ITEM0000108,TXN000068,PRD0042,1,471.23,0,471.23
ITEM0000109,TXN000069,PRD0047,2,80.8,0.15,137.36
ITEM0000110,TXN000070,PRD0051,1,93.12,0.1,83.81
ITEM0000111,TXN000071,PRD0066,1,440.6,0.1,396.54
ITEM0000112,TXN000072,PRD0050,2,80.02,0.12,140.84
ITEM0000113,TXN000073,PRD0069,2,377.5,0.1,679.5
ITEM0000114,TXN000073,PRD0026,1,947.34,0.12,833.66
ITEM0000115,TXN000074,PRD0069,2,377.5,0.12,664.4
ITEM0000116,TXN000075,PRD0055,1,433.02,0.08,398.38
ITEM0000117,TXN000075,PRD0039,1,685.21,0.08,630.39
ITEM0000118,TXN000076,PRD0064,1,332.01,0.15,282.21
ITEM0000119,TXN000076,PRD0051,2,93.12,0,186.24
ITEM0000120,TXN000077,PRD0026,1,947.34,0.05,899.97
ITEM0000121,TXN000077,PRD0028,1,250.72,0.1,225.65
ITEM0000122,TXN000078,PRD0022,1,697.51,0,697.51
ITEM0000123,TXN000078,PRD0033,1,296.94,0,296.94
ITEM0000124,TXN000078,PRD0013,1,986.04,0,986.04
ITEM0000125,TXN000079,PRD0025,2,1072.0,0,2144.0
ITEM0000126,TXN000079,PRD0025,1,1072.0,0.05,1018.4
ITEM0000127,TXN000080,PRD0032,1,360.62,0.15,306.53
ITEM0000128,TXN000080,PRD0026,1,947.34,0.1,852.61
ITEM0000129,TXN000081,PRD0029,1,355.31,0,355.31
ITEM0000130,TXN000081,PRD0025,2,1072.0,0,2144.0
ITEM0000131,TXN000082,PRD0027,1,993.9,0.15,844.82
ITEM0000132,TXN000082,PRD0023,1,1103.32,0,1103.32
ITEM0000133,TXN000083,PRD0044,1,640.34,0.12,563.5
ITEM0000134,TXN000083,PRD0022,1,697.51,0.15,592.88
ITEM0000135,TXN000084,PRD0020,1,1171.54,0,1171.54
ITEM0000136,TXN000085,PRD0031,1,263.54,0.1,237.19
ITEM0000137,TXN000085,PRD0022,1,697.51,0,697.51
ITEM0000138,TXN000085,PRD0009,1,684.34,0,684.34
ITEM0000139,TXN000086,PRD0019,1,1011.51,0,1011.51
ITEM0000140,TXN000087,PRD0026,1,947.34,0,947.34
ITEM0000141,TXN000088,PRD0065,1,299.29,0.08,275.35
ITEM0000142,TXN000089,PRD0031,1,263.54,0.05,250.36
ITEM0000143,TXN000090,PRD0021,1,944.7,0.05,897.47
ITEM0000144,TXN000090,PRD0023,1,1103.32,0.08,1015.05
ITEM0000145,TXN000091,PRD0020,1,1171.54,0,1171.54
ITEM0000146,TXN000092,PRD0026,1,947.34,0,947.34
ITEM0000147,TXN000093,PRD0022,1,697.51,0,697.51
ITEM0000148,TXN000094,PRD0024,1,1107.82,0,1107.82
ITEM0000149,TXN000094,PRD0027,2,993.9,0,1987.8
ITEM0000150,TXN000094,PRD0019,1,1011.51,0,1011.51
ITEM0000151,TXN000095,PRD0036,1,359.94,0.05,341.94
ITEM0000152,TXN000096,PRD0018,1,965.82,0,965.82
ITEM0000153,TXN000096,PRD0026,1,947.34,0.08,871.55
ITEM0000154,TXN000096,PRD0027,1,993.9,0.12,874.63
ITEM0000155,TXN000097,PRD0029,1,355.31,0,355.31
ITEM0000156,TXN000097,PRD0026,1,947.34,0.1,852.61
ITEM0000157,TXN000098,PRD0036,1,359.94,0.15,305.95
ITEM0000158,TXN000099,PRD0039,1,685.21,0,685.21
ITEM0000159,TXN000100,PRD0044,1,640.34,0.12,563.5
ITEM0000160,TXN000100,PRD0049,1,88.64,0,88.64
ITEM0000161,TXN000100,PRD0065,1,299.29,0,299.29
ITEM0000162,TXN000101,PRD0045,1,559.98,0.05,531.98
ITEM0000163,TXN000102,PRD0054,1,83.36,0.05,79.19
ITEM0000164,TXN000103,PRD0001,1,864.11,0,864.11
ITEM0000165,TXN000104,PRD0045,1,559.98,0,559.98
ITEM0000166,TXN000105,PRD0043,1,466.09,0,466.09
ITEM0000167,TXN000106,PRD0040,1,561.8,0.05,533.71
ITEM0000168,TXN000106,PRD0054,1,83.36,0,83.36
ITEM0000169,TXN000107,PRD0051,1,93.12,0,93.12
ITEM0000170,TXN000108,PRD0054,1,83.36,0.05,79.19
ITEM0000171,TXN000108,PRD0022,1,697.51,0,697.51
ITEM0000172,TXN000109,PRD0019,1,1011.51,0.08,930.59
ITEM0000173,TXN000110,PRD0049,1,88.64,0.05,84.21
ITEM0000174,TXN000111,PRD0030,1,216.23,0,216.23
ITEM0000175,TXN000111,PRD0021,1,944.7,0.05,897.47
ITEM0000176,TXN000112,PRD0024,1,1107.82,0.12,974.88
ITEM0000177,TXN000113,PRD0002,1,682.27,0,682.27
ITEM0000178,TXN000114,PRD0006,1,670.27,0,670.27
ITEM0000179,TXN000115,PRD0053,1,62.29,0,62.29
ITEM0000180,TXN000116,PRD0032,1,360.62,0.08,331.77
ITEM0000181,TXN000117,PRD0026,1,947.34,0.12,833.66
ITEM0000182,TXN000118,PRD0036,1,359.94,0,359.94
ITEM0000183,TXN000118,PRD0035,1,233.42,0,233.42
ITEM0000184,TXN000119,PRD0039,1,685.21,0,685.21
ITEM0000185,TXN000120,PRD0023,2,1103.32,0,2206.64
ITEM0000186,TXN000121,PRD0021,1,944.7,0,944.7
ITEM0000187,TXN000121,PRD0023,1,1103.32,0,1103.32
ITEM0000188,TXN000121,PRD0026,1,947.34,0,947.34
ITEM0000189,TXN000122,PRD0036,1,359.94,0.15,305.95
ITEM0000190,TXN000123,PRD0056,1,516.08,0,516.08
ITEM0000191,TXN000124,PRD0020,1,1171.54,0,1171.54
ITEM0000192,TXN000125,PRD0019,2,1011.51,0,2023.02
ITEM0000193,TXN000126,PRD0004,1,895.9,0,895.9
ITEM0000194,TXN000126,PRD0059,1,369.05,0,369.05
ITEM0000195,TXN000127,PRD0064,2,332.01,0.15,564.42
ITEM0000196,TXN000127,PRD0061,2,516.06,0,1032.12
ITEM0000197,TXN000128,PRD0024,1,1107.82,0,1107.82
ITEM0000198,TXN000129,PRD0071,1,523.89,0.05,497.7
ITEM0000199,TXN000129,PRD0070,1,334.06,0.05,317.36
ITEM0000200,TXN000130,PRD0049,1,88.64,0.05,84.21
ITEM0000201,TXN000130,PRD0069,1,377.5,0.15,320.88
ITEM0000202,TXN000130,PRD0056,1,516.08,0,516.08
ITEM0000203,TXN000131,PRD0060,1,556.75,0.1,501.08
ITEM0000204,TXN000132,PRD0016,1,1011.7,0,1011.7
ITEM0000205,TXN000132,PRD0035,2,233.42,0,466.84
ITEM0000206,TXN000132,PRD0063,1,351.51,0,351.51
ITEM0000207,TXN000133,PRD0066,1,440.6,0,440.6
ITEM0000208,TXN000133,PRD0064,2,332.01,0.15,564.42
ITEM0000209,TXN000134,PRD0071,1,523.89,0.1,471.5
ITEM0000210,TXN000134,PRD0018,1,965.82,0.08,888.55
ITEM0000211,TXN000135,PRD0070,1,334.06,0,334.06
ITEM0000212,TXN000136,PRD0059,1,369.05,0,369.05
ITEM0000213,TXN000137,PRD0068,1,481.55,0.15,409.32
ITEM0000214,TXN000137,PRD0057,1,621.24,0,621.24
ITEM0000215,TXN000138,PRD0007,1,947.13,0.08,871.36
ITEM0000216,TXN000139,PRD0067,2,298.53,0,597.06
ITEM0000217,TXN000139,PRD0055,1,433.02,0,433.02
ITEM0000218,TXN000140,PRD0037,1,531.45,0,531.45
ITEM0000219,TXN000141,PRD0043,1,466.09,0,466.09
ITEM0000220,TXN000142,PRD0010,1,916.91,0.15,779.37
ITEM0000221,TXN000142,PRD0068,1,481.55,0,481.55
ITEM0000222,TXN000143,PRD0038,1,457.54,0.08,420.94
ITEM0000223,TXN000144,PRD0033,2,296.94,0.08,546.37
ITEM0000224,TXN000145,PRD0052,1,80.35,0,80.35
ITEM0000225,TXN000146,PRD0064,1,332.01,0.05,315.41
ITEM0000226,TXN000147,PRD0071,1,523.89,0.1,471.5
ITEM0000227,TXN000147,PRD0055,1,433.02,0,433.02
ITEM0000228,TXN000148,PRD0056,1,516.08,0.08,474.79
ITEM0000229,TXN000149,PRD0070,1,334.06,0.12,293.97
ITEM0000230,TXN000150,PRD0004,1,895.9,0,895.9
ITEM0000231,TXN000151,PRD0065,1,299.29,0.05,284.33
ITEM0000232,TXN000152,PRD0064,1,332.01,0,332.01
ITEM0000233,TXN000152,PRD0010,1,916.91,0,916.91
ITEM0000234,TXN000153,PRD0059,2,369.05,0.12,649.53
ITEM0000235,TXN000153,PRD0060,1,556.75,0,556.75
ITEM0000236,TXN000154,PRD0057,1,621.24,0,621.24
ITEM0000237,TXN000155,PRD0006,1,670.27,0.05,636.76
ITEM0000238,TXN000155,PRD0002,1,682.27,0.05,648.16
ITEM0000239,TXN000155,PRD0058,1,419.78,0,419.78
ITEM0000240,TXN000156,PRD0024,1,1107.82,0.05,1052.43
ITEM0000241,TXN000157,PRD0003,1,547.04,0,547.04
ITEM0000242,TXN000158,PRD0005,1,771.34,0.12,678.78
ITEM0000243,TXN000158,PRD0011,1,1081.28,0,1081.28
ITEM0000244,TXN000159,PRD0013,1,986.04,0,986.04
ITEM0000245,TXN000160,PRD0065,2,299.29,0,598.58
ITEM0000246,TXN000161,PRD0021,2,944.7,0,1889.4
ITEM0000247,TXN000161,PRD0036,1,359.94,0,359.94
ITEM0000248,TXN000161,PRD0041,1,379.86,0,379.86
ITEM0000249,TXN000162,PRD0050,1,80.02,0,80.02
ITEM0000250,TXN000162,PRD0028,1,250.72,0,250.72
ITEM0000251,TXN000163,PRD0037,2,531.45,0,1062.9
ITEM0000252,TXN000164,PRD0055,1,433.02,0.1,389.72
ITEM0000253,TXN000165,PRD0007,1,947.13,0,947.13
ITEM0000254,TXN000166,PRD0021,1,944.7,0,944.7
ITEM0000255,TXN000167,PRD0007,1,947.13,0,947.13
ITEM0000256,TXN000168,PRD0012,1,696.97,0.12,613.33
ITEM0000257,TXN000169,PRD0003,1,547.04,0.08,503.28
ITEM0000258,TXN000170,PRD0041,1,379.86,0,379.86
ITEM0000259,TXN000171,PRD0037,1,531.45,0,531.45
ITEM0000260,TXN000171,PRD0054,2,83.36,0.12,146.71
ITEM0000261,TXN000172,PRD0048,1,94.61,0,94.61
ITEM0000262,TXN000173,PRD0046,1,75.23,0,75.23
ITEM0000263,TXN000174,PRD0045,1,559.98,0.1,503.98
ITEM0000264,TXN000175,PRD0018,1,965.82,0,965.82
ITEM0000265,TXN000175,PRD0054,1,83.36,0,83.36
ITEM0000266,TXN000176,PRD0010,1,916.91,0.05,871.06
ITEM0000267,TXN000177,PRD0003,1,547.04,0,547.04
ITEM0000268,TXN000178,PRD0015,1,1088.95,0,1088.95
ITEM0000269,TXN000179,PRD0011,1,1081.28,0,1081.28
ITEM0000270,TXN000179,PRD0002,1,682.27,0,682.27
ITEM0000271,TXN000180,PRD0016,1,1011.7,0,1011.7
ITEM0000272,TXN000180,PRD0063,1,351.51,0.08,323.39
ITEM0000273,TXN000181,PRD0059,1,369.05,0.05,350.6
ITEM0000274,TXN000181,PRD0069,1,377.5,0.15,320.88
ITEM0000275,TXN000181,PRD0060,2,556.75,0,1113.5
ITEM0000276,TXN000182,PRD0059,1,369.05,0.05,350.6
ITEM0000277,TXN000183,PRD0002,1,682.27,0.08,627.69
ITEM0000278,TXN000183,PRD0071,1,523.89,0,523.89
ITEM0000279,TXN000184,PRD0059,1,369.05,0.08,339.53
ITEM0000280,TXN000185,PRD0065,1,299.29,0,299.29
ITEM0000281,TXN000186,PRD0057,1,621.24,0,621.24
ITEM0000282,TXN000187,PRD0037,2,531.45,0,1062.9
ITEM0000283,TXN000188,PRD0013,1,986.04,0,986.04
ITEM0000284,TXN000189,PRD0049,1,88.64,0,88.64
ITEM0000285,TXN000189,PRD0002,1,682.27,0.1,614.04
ITEM0000286,TXN000190,PRD0007,1,947.13,0,947.13
ITEM0000287,TXN000191,PRD0004,1,895.9,0,895.9
ITEM0000288,TXN000192,PRD0066,1,440.6,0,440.6
ITEM0000289,TXN000193,PRD0068,1,481.55,0.1,433.4
ITEM0000290,TXN000193,PRD0011,2,1081.28,0.05,2054.43
ITEM0000291,TXN000193,PRD0072,1,470.7,0.05,447.17
ITEM0000292,TXN000194,PRD0032,1,360.62,0,360.62
ITEM0000293,TXN000195,PRD0032,1,360.62,0,360.62
ITEM0000294,TXN000196,PRD0054,2,83.36,0,166.72
ITEM0000295,TXN000196,PRD0054,2,83.36,0.05,158.38
ITEM0000296,TXN000196,PRD0055,2,433.02,0.15,736.13
ITEM0000297,TXN000197,PRD0069,1,377.5,0,377.5
ITEM0000298,TXN000197,PRD0062,1,484.0,0,484.0
ITEM0000299,TXN000197,PRD0049,1,88.64,0,88.64
ITEM0000300,TXN000198,PRD0072,1,470.7,0,470.7
ITEM0000301,TXN000199,PRD0065,1,299.29,0.05,284.33
ITEM0000302,TXN000200,PRD0025,1,1072.0,0,1072.0
ITEM0000303,TXN000201,PRD0063,2,351.51,0.05,667.87
ITEM0000304,TXN000202,PRD0033,1,296.94,0.12,261.31
ITEM0000305,TXN000203,PRD0022,1,697.51,0.1,627.76
ITEM0000306,TXN000204,PRD0025,1,1072.0,0.15,911.2
ITEM0000307,TXN000205,PRD0031,1,263.54,0.15,224.01
ITEM0000308,TXN000205,PRD0019,1,1011.51,0.12,890.13
ITEM0000309,TXN000206,PRD0031,2,263.54,0.05,500.73
ITEM0000310,TXN000206,PRD0032,1,360.62,0,360.62
ITEM0000311,TXN000207,PRD0020,1,1171.54,0,1171.54
ITEM0000312,TXN000208,PRD0034,1,391.51,0.08,360.19
ITEM0000313,TXN000208,PRD0071,2,523.89,0.1,943.0
ITEM0000314,TXN000208,PRD0028,1,250.72,0,250.72
ITEM0000315,TXN000209,PRD0031,2,263.54,0.15,448.02
ITEM0000316,TXN000210,PRD0027,1,993.9,0,993.9
ITEM0000317,TXN000210,PRD0022,1,697.51,0,697.51
ITEM0000318,TXN000211,PRD0027,1,993.9,0,993.9
ITEM0000319,TXN000211,PRD0034,1,391.51,0,391.51
ITEM0000320,TXN000212,PRD0012,1,696.97,0,696.97
ITEM0000321,TXN000213,PRD0071,2,523.89,0.05,995.39
ITEM0000322,TXN000214,PRD0071,1,523.89,0,523.89
ITEM0000323,TXN000215,PRD0070,1,334.06,0,334.06
ITEM0000324,TXN000215,PRD0065,1,299.29,0,299.29
ITEM0000325,TXN000215,PRD0058,1,419.78,0,419.78
ITEM0000326,TXN000216,PRD0069,1,377.5,0,377.5
ITEM0000327,TXN000216,PRD0063,1,351.51,0,351.51
ITEM0000328,TXN000217,PRD0017,1,911.77,0.12,802.36
ITEM0000329,TXN000217,PRD0018,1,965.82,0.12,849.92
ITEM0000330,TXN000218,PRD0045,1,559.98,0.08,515.18
ITEM0000331,TXN000219,PRD0056,1,516.08,0,516.08
ITEM0000332,TXN000219,PRD0017,1,911.77,0.15,775.0
ITEM0000333,TXN000220,PRD0001,1,864.11,0,864.11
ITEM0000334,TXN000221,PRD0018,1,965.82,0,965.82
ITEM0000335,TXN000221,PRD0002,1,682.27,0.15,579.93
ITEM0000336,TXN000221,PRD0070,1,334.06,0,334.06
ITEM0000337,TXN000222,PRD0012,2,696.97,0,1393.94
ITEM0000338,TXN000223,PRD0008,1,597.78,0,597.78
ITEM0000339,TXN000224,PRD0011,1,1081.28,0.15,919.09
ITEM0000340,TXN000225,PRD0054,1,83.36,0,83.36
ITEM0000341,TXN000225,PRD0004,1,895.9,0.1,806.31
ITEM0000342,TXN000226,PRD0007,1,947.13,0.05,899.77
ITEM0000343,TXN000227,PRD0017,1,911.77,0,911.77
ITEM0000344,TXN000228,PRD0060,1,556.75,0.12,489.94
ITEM0000345,TXN000228,PRD0024,1,1107.82,0,1107.82
ITEM0000346,TXN000229,PRD0040,1,561.8,0,561.8
ITEM0000347,TXN000230,PRD0049,2,88.64,0,177.28
ITEM0000348,TXN000230,PRD0009,1,684.34,0.05,650.12
ITEM0000349,TXN000231,PRD0014,1,601.24,0.15,511.05
ITEM0000350,TXN000232,PRD0010,1,916.91,0.08,843.56
ITEM0000351,TXN000233,PRD0065,1,299.29,0.08,275.35
ITEM0000352,TXN000234,PRD0060,1,556.75,0.1,501.08
ITEM0000353,TXN000234,PRD0061,1,516.06,0,516.06
ITEM0000354,TXN000235,PRD0067,1,298.53,0,298.53
ITEM0000355,TXN000236,PRD0065,1,299.29,0,299.29
ITEM0000356,TXN000236,PRD0066,1,440.6,0.08,405.35
ITEM0000357,TXN000236,PRD0068,1,481.55,0.1,433.4
ITEM0000358,TXN000237,PRD0059,1,369.05,0,369.05
ITEM0000359,TXN000237,PRD0064,1,332.01,0.15,282.21
ITEM0000360,TXN000238,PRD0072,1,470.7,0,470.7
ITEM0000361,TXN000239,PRD0057,1,621.24,0,621.24
ITEM0000362,TXN000239,PRD0063,1,351.51,0.05,333.93
ITEM0000363,TXN000240,PRD0067,1,298.53,0,298.53
ITEM0000364,TXN000241,PRD0069,1,377.5,0,377.5
ITEM0000365,TXN000241,PRD0063,1,351.51,0.15,298.78
ITEM0000366,TXN000242,PRD0066,1,440.6,0,440.6
ITEM0000367,TXN000243,PRD0069,1,377.5,0.1,339.75
ITEM0000368,TXN000243,PRD0064,1,332.01,0.1,298.81
ITEM0000369,TXN000244,PRD0015,1,1088.95,0.1,980.06
ITEM0000370,TXN000245,PRD0040,1,561.8,0.15,477.53
ITEM0000371,TXN000246,PRD0053,1,62.29,0.12,54.82
ITEM0000372,TXN000246,PRD0052,1,80.35,0,80.35
ITEM0000373,TXN000247,PRD0050,1,80.02,0.15,68.02
ITEM0000374,TXN000248,PRD0047,1,80.8,0.1,72.72
ITEM0000375,TXN000248,PRD0050,1,80.02,0,80.02
ITEM0000376,TXN000249,PRD0066,2,440.6,0.12,775.46
ITEM0000377,TXN000249,PRD0050,1,80.02,0,80.02
ITEM0000378,TXN000249,PRD0049,1,88.64,0,88.64
ITEM0000379,TXN000250,PRD0052,1,80.35,0.05,76.33
ITEM0000380,TXN000251,PRD0053,1,62.29,0.1,56.06
ITEM0000381,TXN000251,PRD0045,1,559.98,0,559.98
ITEM0000382,TXN000252,PRD0032,2,360.62,0,721.24
ITEM0000383,TXN000253,PRD0035,1,233.42,0,233.42
ITEM0000384,TXN000254,PRD0022,1,697.51,0,697.51
ITEM0000385,TXN000255,PRD0013,1,986.04,0.15,838.13
ITEM0000386,TXN000256,PRD0033,1,296.94,0.15,252.4
ITEM0000387,TXN000256,PRD0030,1,216.23,0,216.23
ITEM0000388,TXN000257,PRD0034,1,391.51,0.08,360.19
ITEM0000389,TXN000257,PRD0021,2,944.7,0,1889.4
ITEM0000390,TXN000258,PRD0027,2,993.9,0,1987.8
ITEM0000391,TXN000259,PRD0030,1,216.23,0,216.23
ITEM0000392,TXN000260,PRD0062,1,484.0,0.1,435.6
ITEM0000393,TXN000260,PRD0062,1,484.0,0.1,435.6
ITEM0000394,TXN000261,PRD0027,1,993.9,0.12,874.63
ITEM0000395,TXN000262,PRD0010,2,916.91,0,1833.82
ITEM0000396,TXN000263,PRD0072,1,470.7,0,470.7
ITEM0000397,TXN000263,PRD0068,1,481.55,0.05,457.47
ITEM0000398,TXN000264,PRD0060,1,556.75,0,556.75
ITEM0000399,TXN000265,PRD0059,1,369.05,0.1,332.15
ITEM0000400,TXN000265,PRD0058,1,419.78,0,419.78
ITEM0000401,TXN000266,PRD0020,1,1171.54,0,1171.54
ITEM0000402,TXN000267,PRD0071,1,523.89,0,523.89
ITEM0000403,TXN000267,PRD0071,1,523.89,0.08,481.98
ITEM0000404,TXN000267,PRD0028,1,250.72,0.15,213.11
ITEM0000405,TXN000268,PRD0061,1,516.06,0,516.06
ITEM0000406,TXN000269,PRD0056,1,516.08,0,516.08
ITEM0000407,TXN000269,PRD0065,1,299.29,0,299.29
ITEM0000408,TXN000270,PRD0061,1,516.06,0.08,474.78
ITEM0000409,TXN000271,PRD0026,1,947.34,0,947.34
ITEM0000410,TXN000272,PRD0059,1,369.05,0,369.05
ITEM0000411,TXN000272,PRD0056,1,516.08,0.1,464.47
ITEM0000412,TXN000273,PRD0063,1,351.51,0,351.51
ITEM0000413,TXN000274,PRD0040,1,561.8,0,561.8
ITEM0000414,TXN000274,PRD0051,1,93.12,0,93.12
ITEM0000415,TXN000275,PRD0047,1,80.8,0.08,74.34
ITEM0000416,TXN000276,PRD0045,1,559.98,0,559.98
ITEM0000417,TXN000276,PRD0040,2,561.8,0,1123.6
ITEM0000418,TXN000277,PRD0063,1,351.51,0.12,309.33
ITEM0000419,TXN000278,PRD0042,1,471.23,0,471.23
ITEM0000420,TXN000279,PRD0052,1,80.35,0.12,70.71
ITEM0000421,TXN000279,PRD0042,1,471.23,0.15,400.55
ITEM0000422,TXN000280,PRD0049,1,88.64,0,88.64
ITEM0000423,TXN000281,PRD0030,1,216.23,0.08,198.93
ITEM0000424,TXN000282,PRD0030,2,216.23,0,432.46
ITEM0000425,TXN000282,PRD0041,1,379.86,0,379.86
ITEM0000426,TXN000283,PRD0052,1,80.35,0,80.35
ITEM0000427,TXN000283,PRD0009,1,684.34,0,684.34
ITEM0000428,TXN000283,PRD0060,1,556.75,0,556.75
ITEM0000429,TXN000284,PRD0021,2,944.7,0.15,1605.99
ITEM0000430,TXN000285,PRD0032,1,360.62,0,360.62
ITEM0000431,TXN000286,PRD0036,1,359.94,0,359.94
ITEM0000432,TXN000287,PRD0036,2,359.94,0,719.88
ITEM0000433,TXN000287,PRD0023,1,1103.32,0,1103.32
ITEM0000434,TXN000288,PRD0016,1,1011.7,0,1011.7
ITEM0000435,TXN000289,PRD0026,1,947.34,0,947.34
ITEM0000436,TXN000290,PRD0005,2,771.34,0,1542.68
ITEM0000437,TXN000291,PRD0001,2,864.11,0,1728.22
ITEM0000438,TXN000292,PRD0002,1,682.27,0,682.27
ITEM0000439,TXN000292,PRD0008,2,597.78,0,1195.56
ITEM0000440,TXN000292,PRD0012,1,696.97,0.05,662.12
ITEM0000441,TXN000293,PRD0016,1,1011.7,0.12,890.3
ITEM0000442,TXN000293,PRD0016,1,1011.7,0,1011.7
ITEM0000443,TXN000294,PRD0001,1,864.11,0,864.11
ITEM0000444,TXN000295,PRD0012,2,696.97,0.12,1226.67
ITEM0000445,TXN000296,PRD0004,1,895.9,0,895.9
ITEM0000446,TXN000297,PRD0005,1,771.34,0.1,694.21
ITEM0000447,TXN000298,PRD0002,1,682.27,0,682.27
ITEM0000448,TXN000299,PRD0014,1,601.24,0,601.24
ITEM0000449,TXN000300,PRD0009,2,684.34,0,1368.68
ITEM0000450,TXN000300,PRD0010,1,916.91,0.12,806.88
ITEM0000451,TXN000300,PRD0032,1,360.62,0,360.62
ITEM0000452,TXN000301,PRD0038,1,457.54,0.05,434.66
ITEM0000453,TXN000302,PRD0034,1,391.51,0,391.51
ITEM0000454,TXN000302,PRD0008,2,597.78,0.15,1016.23
ITEM0000455,TXN000302,PRD0001,1,864.11,0,864.11
ITEM0000456,TXN000303,PRD0001,1,864.11,0,864.11
ITEM0000457,TXN000304,PRD0018,1,965.82,0,965.82
ITEM0000458,TXN000304,PRD0003,1,547.04,0.05,519.69
ITEM0000459,TXN000305,PRD0008,2,597.78,0.08,1099.92
ITEM0000460,TXN000306,PRD0009,1,684.34,0.05,650.12
ITEM0000461,TXN000306,PRD0011,2,1081.28,0.08,1989.56
ITEM0000462,TXN000307,PRD0055,2,433.02,0.05,822.74
ITEM0000463,TXN000308,PRD0058,2,419.78,0,839.56
ITEM0000464,TXN000309,PRD0071,1,523.89,0.08,481.98
ITEM0000465,TXN000310,PRD0066,1,440.6,0.05,418.57
ITEM0000466,TXN000310,PRD0063,1,351.51,0.1,316.36
ITEM0000467,TXN000311,PRD0062,1,484.0,0,484.0
ITEM0000468,TXN000311,PRD0060,2,556.75,0.08,1024.42
ITEM0000469,TXN000311,PRD0038,1,457.54,0.08,420.94
ITEM0000470,TXN000312,PRD0061,1,516.06,0,516.06
ITEM0000471,TXN000312,PRD0069,1,377.5,0,377.5
ITEM0000472,TXN000313,PRD0063,2,351.51,0,703.02
ITEM0000473,TXN000313,PRD0069,1,377.5,0.1,339.75
ITEM0000474,TXN000314,PRD0026,1,947.34,0.1,852.61
ITEM0000475,TXN000314,PRD0023,1,1103.32,0,1103.32
ITEM0000476,TXN000315,PRD0024,1,1107.82,0,1107.82
ITEM0000477,TXN000315,PRD0001,1,864.11,0,864.11
ITEM0000478,TXN000316,PRD0019,1,1011.51,0,1011.51
ITEM0000479,TXN000317,PRD0033,1,296.94,0,296.94
ITEM0000480,TXN000317,PRD0020,1,1171.54,0,1171.54
ITEM0000481,TXN000317,PRD0028,1,250.72,0.12,220.63
ITEM0000482,TXN000318,PRD0032,1,360.62,0,360.62
ITEM0000483,TXN000319,PRD0034,1,391.51,0,391.51
ITEM0000484,TXN000319,PRD0023,1,1103.32,0.12,970.92
ITEM0000485,TXN000319,PRD0013,1,986.04,0.1,887.44
ITEM0000486,TXN000320,PRD0045,1,559.98,0,559.98
ITEM0000487,TXN000320,PRD0023,2,1103.32,0,2206.64
ITEM0000488,TXN000321,PRD0032,1,360.62,0.05,342.59
ITEM0000489,TXN000322,PRD0005,1,771.34,0.15,655.64
ITEM0000490,TXN000322,PRD0009,1,684.34,0,684.34
ITEM0000491,TXN000322,PRD0013,1,986.04,0.15,838.13
ITEM0000492,TXN000323,PRD0052,1,80.35,0,80.35
ITEM0000493,TXN000324,PRD0005,1,771.34,0,771.34
ITEM0000494,TXN000325,PRD0004,1,895.9,0.08,824.23
ITEM0000495,TXN000325,PRD0016,1,1011.7,0,1011.7
ITEM0000496,TXN000326,PRD0018,1,965.82,0,965.82
ITEM0000497,TXN000327,PRD0015,1,1088.95,0,1088.95
ITEM0000498,TXN000327,PRD0050,1,80.02,0,80.02
ITEM0000499,TXN000328,PRD0072,1,470.7,0,470.7
ITEM0000500,TXN000329,PRD0026,1,947.34,0.15,805.24
ITEM0000501,TXN000330,PRD0036,1,359.94,0,359.94
ITEM0000502,TXN000331,PRD0033,1,296.94,0.08,273.18
ITEM0000503,TXN000331,PRD0030,1,216.23,0,216.23
ITEM0000504,TXN000332,PRD0010,1,916.91,0,916.91
ITEM0000505,TXN000332,PRD0019,2,1011.51,0.05,1921.87
ITEM0000506,TXN000333,PRD0014,2,601.24,0,1202.48
ITEM0000507,TXN000334,PRD0028,1,250.72,0,250.72
ITEM0000508,TXN000334,PRD0029,1,355.31,0,355.31
ITEM0000509,TXN000335,PRD0035,1,233.42,0,233.42
ITEM0000510,TXN000335,PRD0031,1,263.54,0,263.54
ITEM0000511,TXN000336,PRD0036,1,359.94,0.08,331.14
ITEM0000512,TXN000337,PRD0019,1,1011.51,0.12,890.13
ITEM0000513,TXN000338,PRD0035,1,233.42,0,233.42
ITEM0000514,TXN000338,PRD0030,1,216.23,0,216.23
ITEM0000515,TXN000339,PRD0036,1,359.94,0,359.94
ITEM0000516,TXN000339,PRD0028,1,250.72,0,250.72
ITEM0000517,TXN000340,PRD0030,1,216.23,0.15,183.8
ITEM0000518,TXN000340,PRD0035,1,233.42,0,233.42
ITEM0000519,TXN000341,PRD0028,1,250.72,0,250.72
ITEM0000520,TXN000341,PRD0027,1,993.9,0,993.9
ITEM0000521,TXN000342,PRD0035,1,233.42,0,233.42
ITEM0000522,TXN000342,PRD0019,1,1011.51,0.08,930.59
ITEM0000523,TXN000343,PRD0021,1,944.7,0,944.7
ITEM0000524,TXN000343,PRD0038,1,457.54,0.08,420.94
ITEM0000525,TXN000343,PRD0024,1,1107.82,0.1,997.04
ITEM0000526,TXN000344,PRD0021,1,944.7,0,944.7
ITEM0000527,TXN000344,PRD0025,1,1072.0,0.15,911.2
ITEM0000528,TXN000345,PRD0026,1,947.34,0,947.34
ITEM0000529,TXN000346,PRD0036,1,359.94,0,359.94
ITEM0000530,TXN000347,PRD0003,1,547.04,0,547.04
ITEM0000531,TXN000347,PRD0006,1,670.27,0,670.27
ITEM0000532,TXN000348,PRD0009,1,684.34,0,684.34
ITEM0000533,TXN000348,PRD0007,1,947.13,0.08,871.36
ITEM0000534,TXN000349,PRD0005,1,771.34,0.08,709.63
ITEM0000535,TXN000350,PRD0063,1,351.51,0.08,323.39
ITEM0000536,TXN000351,PRD0010,1,916.91,0,916.91
ITEM0000537,TXN000351,PRD0070,1,334.06,0,334.06
ITEM0000538,TXN000351,PRD0018,2,965.82,0.15,1641.89
ITEM0000539,TXN000352,PRD0003,1,547.04,0,547.04
ITEM0000540,TXN000352,PRD0016,1,1011.7,0.15,859.95
ITEM0000541,TXN000353,PRD0066,1,440.6,0,440.6
ITEM0000542,TXN000354,PRD0012,1,696.97,0,696.97
ITEM0000543,TXN000354,PRD0007,1,947.13,0.12,833.47
ITEM0000544,TXN000354,PRD0004,1,895.9,0.12,788.39
ITEM0000545,TXN000355,PRD0005,1,771.34,0.15,655.64
ITEM0000546,TXN000356,PRD0012,2,696.97,0,1393.94
ITEM0000547,TXN000357,PRD0014,1,601.24,0,601.24
ITEM0000548,TXN000357,PRD0010,1,916.91,0,916.91
ITEM0000549,TXN000358,PRD0019,2,1011.51,0.1,1820.72
ITEM0000550,TXN000359,PRD0009,1,684.34,0,684.34
ITEM0000551,TXN000360,PRD0008,1,597.78,0,597.78
ITEM0000552,TXN000361,PRD0026,1,947.34,0,947.34
ITEM0000553,TXN000361,PRD0020,1,1171.54,0.1,1054.39
ITEM0000554,TXN000362,PRD0025,2,1072.0,0,2144.0
ITEM0000555,TXN000363,PRD0019,1,1011.51,0.08,930.59
ITEM0000556,TXN000364,PRD0031,1,263.54,0,263.54
ITEM0000557,TXN000365,PRD0020,2,1171.54,0,2343.08
ITEM0000558,TXN000366,PRD0036,1,359.94,0,359.94
ITEM0000559,TXN000367,PRD0035,1,233.42,0.05,221.75
ITEM0000560,TXN000368,PRD0021,1,944.7,0,944.7
ITEM0000561,TXN000369,PRD0035,1,233.42,0,233.42
ITEM0000562,TXN000370,PRD0027,1,993.9,0.15,844.82
ITEM0000563,TXN000370,PRD0033,1,296.94,0,296.94
ITEM0000564,TXN000371,PRD0039,1,685.21,0,685.21
ITEM0000565,TXN000372,PRD0062,2,484.0,0,968.0
ITEM0000566,TXN000372,PRD0045,1,559.98,0,559.98
ITEM0000567,TXN000373,PRD0026,1,947.34,0,947.34
ITEM0000568,TXN000373,PRD0019,1,1011.51,0.15,859.78
ITEM0000569,TXN000374,PRD0032,1,360.62,0.15,306.53
ITEM0000570,TXN000374,PRD0035,1,233.42,0.05,221.75
ITEM0000571,TXN000375,PRD0034,1,391.51,0,391.51
ITEM0000572,TXN000375,PRD0064,2,332.01,0,664.02
ITEM0000573,TXN000376,PRD0027,2,993.9,0.05,1888.41
ITEM0000574,TXN000377,PRD0037,1,531.45,0,531.45
ITEM0000575,TXN000378,PRD0019,2,1011.51,0,2023.02
ITEM0000576,TXN000379,PRD0022,1,697.51,0,697.51
ITEM0000577,TXN000380,PRD0070,1,334.06,0,334.06
ITEM0000578,TXN000380,PRD0047,1,80.8,0,80.8
ITEM0000579,TXN000381,PRD0027,1,993.9,0.12,874.63
ITEM0000580,TXN000381,PRD0029,1,355.31,0,355.31
ITEM0000581,TXN000382,PRD0027,1,993.9,0.05,944.21
ITEM0000582,TXN000382,PRD0018,2,965.82,0,1931.64
ITEM0000583,TXN000382,PRD0032,1,360.62,0,360.62
ITEM0000584,TXN000383,PRD0032,2,360.62,0,721.24
ITEM0000585,TXN000384,PRD0032,1,360.62,0,360.62
ITEM0000586,TXN000384,PRD0066,1,440.6,0,440.6
ITEM0000587,TXN000385,PRD0047,1,80.8,0,80.8
ITEM0000588,TXN000385,PRD0029,1,355.31,0,355.31
ITEM0000589,TXN000385,PRD0032,1,360.62,0,360.62
ITEM0000590,TXN000386,PRD0014,1,601.24,0,601.24
ITEM0000591,TXN000387,PRD0036,1,359.94,0.05,341.94
ITEM0000592,TXN000388,PRD0017,1,911.77,0.12,802.36
ITEM0000593,TXN000389,PRD0009,1,684.34,0.15,581.69
ITEM0000594,TXN000390,PRD0025,1,1072.0,0,1072.0
ITEM0000595,TXN000390,PRD0063,1,351.51,0,351.51
ITEM0000596,TXN000391,PRD0041,1,379.86,0,379.86
ITEM0000597,TXN000391,PRD0026,2,947.34,0,1894.68
ITEM0000598,TXN000392,PRD0032,1,360.62,0.08,331.77
ITEM0000599,TXN000393,PRD0021,1,944.7,0.05,897.47
ITEM0000600,TXN000394,PRD0019,1,1011.51,0,1011.51
ITEM0000601,TXN000394,PRD0024,2,1107.82,0,2215.64
ITEM0000602,TXN000395,PRD0059,1,369.05,0,369.05
ITEM0000603,TXN000396,PRD0066,1,440.6,0,440.6
ITEM0000604,TXN000396,PRD0008,1,597.78,0,597.78
ITEM0000605,TXN000397,PRD0010,1,916.91,0.12,806.88
ITEM0000606,TXN000398,PRD0004,1,895.9,0,895.9
ITEM0000607,TXN000398,PRD0006,1,670.27,0,670.27
ITEM0000608,TXN000398,PRD0010,2,916.91,0.08,1687.11
ITEM0000609,TXN000399,PRD0011,1,1081.28,0,1081.28
ITEM0000610,TXN000400,PRD0004,1,895.9,0.05,851.11
ITEM0000611,TXN000401,PRD0002,1,682.27,0,682.27
ITEM0000612,TXN000402,PRD0005,1,771.34,0,771.34
ITEM0000613,TXN000402,PRD0009,1,684.34,0,684.34
ITEM0000614,TXN000403,PRD0001,1,864.11,0,864.11
ITEM0000615,TXN000403,PRD0060,1,556.75,0.12,489.94
ITEM0000616,TXN000404,PRD0017,1,911.77,0,911.77
ITEM0000617,TXN000404,PRD0010,1,916.91,0.15,779.37
ITEM0000618,TXN000404,PRD0018,2,965.82,0,1931.64
ITEM0000619,TXN000405,PRD0012,1,696.97,0,696.97
ITEM0000620,TXN000405,PRD0015,2,1088.95,0,2177.9
ITEM0000621,TXN000406,PRD0008,1,597.78,0.12,526.05
ITEM0000622,TXN000406,PRD0012,1,696.97,0.05,662.12
ITEM0000623,TXN000407,PRD0025,1,1072.0,0,1072.0
ITEM0000624,TXN000408,PRD0024,2,1107.82,0.12,1949.76
ITEM0000625,TXN000408,PRD0022,1,697.51,0,697.51
ITEM0000626,TXN000409,PRD0008,1,597.78,0,597.78
ITEM0000627,TXN000409,PRD0005,1,771.34,0.15,655.64
ITEM0000628,TXN000409,PRD0006,2,670.27,0,1340.54
ITEM0000629,TXN000410,PRD0010,1,916.91,0,916.91
ITEM0000630,TXN000410,PRD0039,1,685.21,0.12,602.98
ITEM0000631,TXN000411,PRD0030,1,216.23,0,216.23
ITEM0000632,TXN000411,PRD0008,1,597.78,0,597.78
ITEM0000633,TXN000412,PRD0056,1,516.08,0,516.08
ITEM0000634,TXN000413,PRD0067,1,298.53,0,298.53
ITEM0000635,TXN000413,PRD0004,2,895.9,0,1791.8
ITEM0000636,TXN000414,PRD0071,2,523.89,0.12,922.05
ITEM0000637,TXN000415,PRD0048,1,94.61,0.15,80.42
ITEM0000638,TXN000416,PRD0038,1,457.54,0,457.54
ITEM0000639,TXN000417,PRD0059,1,369.05,0,369.05
ITEM0000640,TXN000417,PRD0029,1,355.31,0,355.31
ITEM0000641,TXN000418,PRD0065,1,299.29,0,299.29
ITEM0000642,TXN000418,PRD0066,1,440.6,0,440.6
ITEM0000643,TXN000419,PRD0066,1,440.6,0.08,405.35
ITEM0000644,TXN000419,PRD0067,1,298.53,0,298.53
ITEM0000645,TXN000420,PRD0018,1,965.82,0.1,869.24
ITEM0000646,TXN000421,PRD0043,1,466.09,0.15,396.18
ITEM0000647,TXN000422,PRD0017,1,911.77,0.05,866.18
ITEM0000648,TXN000423,PRD0004,1,895.9,0,895.9
ITEM0000649,TXN000424,PRD0015,1,1088.95,0.08,1001.83
ITEM0000650,TXN000425,PRD0003,1,547.04,0.08,503.28
ITEM0000651,TXN000425,PRD0001,1,864.11,0.15,734.49
ITEM0000652,TXN000425,PRD0016,2,1011.7,0,2023.4
ITEM0000653,TXN000426,PRD0009,1,684.34,0,684.34
ITEM0000654,TXN000427,PRD0016,1,1011.7,0.05,961.12
ITEM0000655,TXN000428,PRD0008,1,597.78,0,597.78
ITEM0000656,TXN000428,PRD0012,1,696.97,0,696.97
ITEM0000657,TXN000429,PRD0005,1,771.34,0.12,678.78
ITEM0000658,TXN000430,PRD0018,2,965.82,0.05,1835.06
ITEM0000659,TXN000431,PRD0011,1,1081.28,0.1,973.15
ITEM0000660,TXN000431,PRD0001,1,864.11,0.05,820.9
ITEM0000661,TXN000432,PRD0046,1,75.23,0,75.23
ITEM0000662,TXN000432,PRD0001,1,864.11,0,864.11
ITEM0000663,TXN000432,PRD0005,1,771.34,0.1,694.21
ITEM0000664,TXN000433,PRD0017,1,911.77,0,911.77
ITEM0000665,TXN000434,PRD0007,1,947.13,0.1,852.42
ITEM0000666,TXN000435,PRD0001,1,864.11,0,864.11
ITEM0000667,TXN000435,PRD0013,1,986.04,0,986.04
ITEM0000668,TXN000436,PRD0033,1,296.94,0,296.94
ITEM0000669,TXN000436,PRD0008,1,597.78,0,597.78
ITEM0000670,TXN000437,PRD0008,1,597.78,0,597.78
ITEM0000671,TXN000437,PRD0001,1,864.11,0,864.11
ITEM0000672,TXN000438,PRD0046,1,75.23,0,75.23
ITEM0000673,TXN000438,PRD0017,1,911.77,0,911.77
ITEM0000674,TXN000439,PRD0067,2,298.53,0,597.06
ITEM0000675,TXN000439,PRD0014,1,601.24,0,601.24
ITEM0000676,TXN000440,PRD0015,2,1088.95,0,2177.9
ITEM0000677,TXN000441,PRD0045,1,559.98,0.15,475.98
ITEM0000678,TXN000442,PRD0018,1,965.82,0,965.82
ITEM0000679,TXN000443,PRD0027,1,993.9,0,993.9
ITEM0000680,TXN000444,PRD0019,2,1011.51,0,2023.02
ITEM0000681,TXN000445,PRD0036,1,359.94,0.05,341.94
ITEM0000682,TXN000446,PRD0036,1,359.94,0,359.94
ITEM0000683,TXN000446,PRD0035,1,233.42,0,233.42
ITEM0000684,TXN000447,PRD0036,1,359.94,0.12,316.75
ITEM0000685,TXN000447,PRD0022,1,697.51,0,697.51
ITEM0000686,TXN000448,PRD0033,1,296.94,0.12,261.31
ITEM0000687,TXN000448,PRD0028,1,250.72,0,250.72
ITEM0000688,TXN000449,PRD0022,1,697.51,0,697.51
ITEM0000689,TXN000449,PRD0032,1,360.62,0,360.62
ITEM0000690,TXN000450,PRD0026,1,947.34,0,947.34
ITEM0000691,TXN000451,PRD0033,1,296.94,0.05,282.09
ITEM0000692,TXN000451,PRD0040,1,561.8,0,561.8
ITEM0000693,TXN000452,PRD0002,1,682.27,0,682.27
ITEM0000694,TXN000453,PRD0010,1,916.91,0.12,806.88
ITEM0000695,TXN000453,PRD0013,1,986.04,0,986.04
ITEM0000696,TXN000453,PRD0013,1,986.04,0.05,936.74
ITEM0000697,TXN000454,PRD0001,1,864.11,0.08,794.98
ITEM0000698,TXN000454,PRD0012,1,696.97,0,696.97
ITEM0000699,TXN000455,PRD0018,2,965.82,0,1931.64
ITEM0000700,TXN000456,PRD0015,1,1088.95,0.1,980.06
ITEM0000701,TXN000456,PRD0019,1,1011.51,0.15,859.78
ITEM0000702,TXN000456,PRD0009,1,684.34,0.1,615.91
ITEM0000703,TXN000457,PRD0016,1,1011.7,0,1011.7
ITEM0000704,TXN000457,PRD0012,1,696.97,0,696.97
ITEM0000705,TXN000458,PRD0011,1,1081.28,0.08,994.78
ITEM0000706,TXN000458,PRD0014,1,601.24,0,601.24
ITEM0000707,TXN000459,PRD0010,1,916.91,0.1,825.22
ITEM0000708,TXN000460,PRD0002,1,682.27,0,682.27
ITEM0000709,TXN000461,PRD0009,2,684.34,0.1,1231.81
ITEM0000710,TXN000461,PRD0010,2,916.91,0,1833.82
ITEM0000711,TXN000462,PRD0018,1,965.82,0,965.82
ITEM0000712,TXN000463,PRD0001,1,864.11,0,864.11
ITEM0000713,TXN000464,PRD0008,1,597.78,0,597.78
ITEM0000714,TXN000464,PRD0010,1,916.91,0.12,806.88
ITEM0000715,TXN000465,PRD0002,1,682.27,0,682.27
ITEM0000716,TXN000466,PRD0064,2,332.01,0.08,610.9
ITEM0000717,TXN000467,PRD0034,1,391.51,0.05,371.93
ITEM0000718,TXN000467,PRD0064,1,332.01,0.15,282.21
ITEM0000719,TXN000468,PRD0059,1,369.05,0.08,339.53
ITEM0000720,TXN000469,PRD0067,1,298.53,0.12,262.71
ITEM0000721,TXN000470,PRD0056,2,516.08,0,1032.16
ITEM0000722,TXN000471,PRD0071,2,523.89,0,1047.78
ITEM0000723,TXN000472,PRD0072,2,470.7,0,941.4
ITEM0000724,TXN000472,PRD0069,1,377.5,0.08,347.3
ITEM0000725,TXN000473,PRD0064,1,332.01,0.12,292.17
ITEM0000726,TXN000473,PRD0067,1,298.53,0,298.53
ITEM0000727,TXN000474,PRD0019,1,1011.51,0.05,960.93
ITEM0000728,TXN000474,PRD0036,1,359.94,0,359.94
ITEM0000729,TXN000474,PRD0019,2,1011.51,0.12,1780.26
ITEM0000730,TXN000475,PRD0022,1,697.51,0,697.51
ITEM0000731,TXN000476,PRD0030,1,216.23,0,216.23
ITEM0000732,TXN000477,PRD0009,1,684.34,0.05,650.12
ITEM0000733,TXN000478,PRD0052,2,80.35,0.12,141.42
ITEM0000734,TXN000478,PRD0042,1,471.23,0.1,424.11
ITEM0000735,TXN000479,PRD0048,1,94.61,0,94.61
ITEM0000736,TXN000480,PRD0040,1,561.8,0,561.8
ITEM0000737,TXN000481,PRD0008,1,597.78,0,597.78
ITEM0000738,TXN000482,PRD0052,1,80.35,0,80.35
ITEM0000739,TXN000483,PRD0037,2,531.45,0,1062.9
ITEM0000740,TXN000483,PRD0019,1,1011.51,0,1011.51
ITEM0000741,TXN000483,PRD0051,1,93.12,0,93.12
ITEM0000742,TXN000484,PRD0032,1,360.62,0.1,324.56
ITEM0000743,TXN000485,PRD0024,1,1107.82,0.05,1052.43
ITEM0000744,TXN000486,PRD0006,1,670.27,0.1,603.24
ITEM0000745,TXN000487,PRD0027,1,993.9,0.15,844.82
ITEM0000746,TXN000487,PRD0030,1,216.23,0,216.23
ITEM0000747,TXN000488,PRD0033,1,296.94,0.1,267.25
ITEM0000748,TXN000488,PRD0030,2,216.23,0.08,397.86
ITEM0000749,TXN000489,PRD0027,1,993.9,0.08,914.39
ITEM0000750,TXN000489,PRD0010,1,916.91,0,916.91
ITEM0000751,TXN000490,PRD0048,1,94.61,0.08,87.04
ITEM0000752,TXN000490,PRD0053,1,62.29,0,62.29
ITEM0000753,TXN000491,PRD0014,1,601.24,0.12,529.09
ITEM0000754,TXN000492,PRD0012,1,696.97,0,696.97
ITEM0000755,TXN000493,PRD0036,1,359.94,0.1,323.95
ITEM0000756,TXN000494,PRD0002,1,682.27,0,682.27
ITEM0000757,TXN000495,PRD0005,1,771.34,0,771.34
ITEM0000758,TXN000495,PRD0059,1,369.05,0,369.05
ITEM0000759,TXN000495,PRD0010,2,916.91,0,1833.82
ITEM0000760,TXN000496,PRD0006,1,670.27,0,670.27
ITEM0000761,TXN000497,PRD0017,1,911.77,0,911.77
ITEM0000762,TXN000498,PRD0002,1,682.27,0,682.27
ITEM0000763,TXN000499,PRD0038,1,457.54,0,457.54
ITEM0000764,TXN000499,PRD0047,2,80.8,0,161.6
ITEM0000765,TXN000499,PRD0002,1,682.27,0,682.27
ITEM0000766,TXN000500,PRD0010,2,916.91,0,1833.82
ITEM0000767,TXN000500,PRD0009,2,684.34,0,1368.68
ITEM0000768,TXN000501,PRD0011,1,1081.28,0,1081.28
ITEM0000769,TXN000502,PRD0007,1,947.13,0,947.13
ITEM0000770,TXN000503,PRD0049,1,88.64,0,88.64
ITEM0000771,TXN000504,PRD0054,1,83.36,0,83.36
ITEM0000772,TXN000505,PRD0037,1,531.45,0,531.45
ITEM0000773,TXN000506,PRD0047,1,80.8,0.05,76.76
ITEM0000774,TXN000506,PRD0039,1,685.21,0.1,616.69
ITEM0000775,TXN000507,PRD0045,1,559.98,0,559.98
ITEM0000776,TXN000508,PRD0032,1,360.62,0,360.62
ITEM0000777,TXN000509,PRD0049,1,88.64,0.05,84.21
ITEM0000778,TXN000510,PRD0011,1,1081.28,0,1081.28
ITEM0000779,TXN000511,PRD0011,1,1081.28,0,1081.28
ITEM0000780,TXN000511,PRD0005,2,771.34,0,1542.68
ITEM0000781,TXN000512,PRD0013,1,986.04,0,986.04
ITEM0000782,TXN000513,PRD0011,1,1081.28,0,1081.28
ITEM0000783,TXN000514,PRD0015,1,1088.95,0,1088.95
ITEM0000784,TXN000514,PRD0009,2,684.34,0,1368.68
ITEM0000785,TXN000515,PRD0035,1,233.42,0.15,198.41
ITEM0000786,TXN000516,PRD0015,2,1088.95,0,2177.9
ITEM0000787,TXN000516,PRD0029,1,355.31,0.05,337.54
ITEM0000788,TXN000516,PRD0021,1,944.7,0.15,803.0
ITEM0000789,TXN000517,PRD0052,1,80.35,0,80.35
ITEM0000790,TXN000518,PRD0023,1,1103.32,0.15,937.82
ITEM0000791,TXN000519,PRD0035,1,233.42,0,233.42
ITEM0000792,TXN000520,PRD0022,1,697.51,0,697.51
ITEM0000793,TXN000521,PRD0026,1,947.34,0,947.34
ITEM0000794,TXN000521,PRD0064,1,332.01,0.12,292.17
ITEM0000795,TXN000521,PRD0024,2,1107.82,0.05,2104.86
ITEM0000796,TXN000522,PRD0063,1,351.51,0,351.51
ITEM0000797,TXN000523,PRD0021,1,944.7,0,944.7
ITEM0000798,TXN000523,PRD0030,1,216.23,0,216.23
ITEM0000799,TXN000523,PRD0019,1,1011.51,0.08,930.59
ITEM0000800,TXN000524,PRD0026,1,947.34,0,947.34
ITEM0000801,TXN000525,PRD0036,1,359.94,0.05,341.94
ITEM0000802,TXN000526,PRD0030,1,216.23,0,216.23
ITEM0000803,TXN000526,PRD0022,1,697.51,0,697.51
ITEM0000804,TXN000527,PRD0030,1,216.23,0.08,198.93
ITEM0000805,TXN000528,PRD0017,1,911.77,0,911.77
ITEM0000806,TXN000528,PRD0030,1,216.23,0,216.23
ITEM0000807,TXN000529,PRD0057,1,621.24,0,621.24
ITEM0000808,TXN000530,PRD0024,2,1107.82,0,2215.64
ITEM0000809,TXN000531,PRD0033,1,296.94,0,296.94
ITEM0000810,TXN000532,PRD0033,1,296.94,0,296.94
ITEM0000811,TXN000533,PRD0020,2,1171.54,0,2343.08
ITEM0000812,TXN000534,PRD0029,1,355.31,0,355.31
ITEM0000813,TXN000535,PRD0030,1,216.23,0.08,198.93
ITEM0000814,TXN000535,PRD0027,1,993.9,0,993.9
ITEM0000815,TXN000536,PRD0036,1,359.94,0,359.94
ITEM0000816,TXN000537,PRD0028,1,250.72,0.08,230.66
ITEM0000817,TXN000537,PRD0020,1,1171.54,0,1171.54
ITEM0000818,TXN000537,PRD0059,2,369.05,0.05,701.2
ITEM0000819,TXN000538,PRD0033,1,296.94,0,296.94
ITEM0000820,TXN000538,PRD0019,1,1011.51,0.12,890.13
ITEM0000821,TXN000539,PRD0029,1,355.31,0,355.31
ITEM0000822,TXN000540,PRD0027,1,993.9,0,993.9
ITEM0000823,TXN000540,PRD0025,1,1072.0,0,1072.0
ITEM0000824,TXN000540,PRD0025,1,1072.0,0,1072.0
ITEM0000825,TXN000541,PRD0019,1,1011.51,0.05,960.93
ITEM0000826,TXN000542,PRD0025,1,1072.0,0.1,964.8
ITEM0000827,TXN000542,PRD0036,1,359.94,0,359.94
ITEM0000828,TXN000543,PRD0031,1,263.54,0.08,242.46
ITEM0000829,TXN000543,PRD0023,1,1103.32,0.08,1015.05
ITEM0000830,TXN000543,PRD0028,1,250.72,0,250.72
ITEM0000831,TXN000544,PRD0019,1,1011.51,0.15,859.78
ITEM0000832,TXN000544,PRD0002,1,682.27,0,682.27
ITEM0000833,TXN000545,PRD0033,1,296.94,0,296.94
ITEM0000834,TXN000545,PRD0067,1,298.53,0,298.53
ITEM0000835,TXN000546,PRD0062,1,484.0,0,484.0
ITEM0000836,TXN000547,PRD0031,1,263.54,0,263.54
ITEM0000837,TXN000548,PRD0030,1,216.23,0.12,190.28
ITEM0000838,TXN000549,PRD0024,2,1107.82,0.12,1949.76
ITEM0000839,TXN000550,PRD0027,2,993.9,0,1987.8
ITEM0000840,TXN000551,PRD0030,1,216.23,0,216.23
ITEM0000841,TXN000552,PRD0029,2,355.31,0.1,639.56
ITEM0000842,TXN000553,PRD0004,1,895.9,0,895.9
ITEM0000843,TXN000554,PRD0025,1,1072.0,0,1072.0
ITEM0000844,TXN000555,PRD0026,1,947.34,0,947.34
ITEM0000845,TXN000555,PRD0019,1,1011.51,0,1011.51
ITEM0000846,TXN000556,PRD0008,1,597.78,0,597.78
ITEM0000847,TXN000557,PRD0054,1,83.36,0,83.36
ITEM0000848,TXN000558,PRD0010,1,916.91,0,916.91
ITEM0000849,TXN000559,PRD0066,1,440.6,0,440.6
ITEM0000850,TXN000559,PRD0060,1,556.75,0.08,512.21
ITEM0000851,TXN000560,PRD0056,2,516.08,0,1032.16
ITEM0000852,TXN000560,PRD0010,2,916.91,0,1833.82
ITEM0000853,TXN000561,PRD0045,1,559.98,0,559.98
ITEM0000854,TXN000562,PRD0063,1,351.51,0.08,323.39
ITEM0000855,TXN000562,PRD0014,1,601.24,0,601.24
ITEM0000856,TXN000563,PRD0072,1,470.7,0.05,447.17
ITEM0000857,TXN000563,PRD0052,1,80.35,0.15,68.3
ITEM0000858,TXN000564,PRD0057,1,621.24,0,621.24
ITEM0000859,TXN000564,PRD0012,1,696.97,0,696.97
ITEM0000860,TXN000565,PRD0056,2,516.08,0,1032.16
ITEM0000861,TXN000566,PRD0042,2,471.23,0.15,801.09
ITEM0000862,TXN000566,PRD0069,2,377.5,0,755.0
ITEM0000863,TXN000567,PRD0057,1,621.24,0.12,546.69
ITEM0000864,TXN000568,PRD0018,1,965.82,0,965.82
ITEM0000865,TXN000569,PRD0033,1,296.94,0.08,273.18
ITEM0000866,TXN000570,PRD0016,1,1011.7,0,1011.7
ITEM0000867,TXN000571,PRD0071,1,523.89,0,523.89
ITEM0000868,TXN000572,PRD0015,1,1088.95,0,1088.95
ITEM0000869,TXN000573,PRD0025,1,1072.0,0.08,986.24
ITEM0000870,TXN000574,PRD0011,1,1081.28,0,1081.28
ITEM0000871,TXN000575,PRD0018,2,965.82,0,1931.64
ITEM0000872,TXN000575,PRD0070,1,334.06,0,334.06
ITEM0000873,TXN000576,PRD0001,1,864.11,0,864.11
ITEM0000874,TXN000577,PRD0032,1,360.62,0,360.62
ITEM0000875,TXN000577,PRD0028,1,250.72,0.12,220.63
ITEM0000876,TXN000578,PRD0024,1,1107.82,0.1,997.04
ITEM0000877,TXN000578,PRD0037,1,531.45,0.08,488.93
ITEM0000878,TXN000579,PRD0054,1,83.36,0,83.36
ITEM0000879,TXN000579,PRD0048,1,94.61,0.05,89.88
ITEM0000880,TXN000580,PRD0043,2,466.09,0,932.18
ITEM0000881,TXN000581,PRD0042,1,471.23,0,471.23
ITEM0000882,TXN000582,PRD0038,2,457.54,0,915.08
ITEM0000883,TXN000582,PRD0010,1,916.91,0,916.91
ITEM0000884,TXN000583,PRD0051,1,93.12,0.08,85.67
ITEM0000885,TXN000583,PRD0065,2,299.29,0.08,550.69
ITEM0000886,TXN000584,PRD0063,1,351.51,0.05,333.93
ITEM0000887,TXN000585,PRD0049,2,88.64,0.12,156.01
ITEM0000888,TXN000585,PRD0005,1,771.34,0,771.34
ITEM0000889,TXN000586,PRD0020,1,1171.54,0,1171.54
ITEM0000890,TXN000587,PRD0062,1,484.0,0,484.0
ITEM0000891,TXN000588,PRD0070,1,334.06,0,334.06
ITEM0000892,TXN000589,PRD0072,1,470.7,0,470.7
ITEM0000893,TXN000590,PRD0071,1,523.89,0,523.89
ITEM0000894,TXN000590,PRD0072,1,470.7,0,470.7
ITEM0000895,TXN000591,PRD0037,1,531.45,0,531.45
ITEM0000896,TXN000591,PRD0051,1,93.12,0.05,88.46
ITEM0000897,TXN000592,PRD0055,1,433.02,0.15,368.07
ITEM0000898,TXN000592,PRD0039,1,685.21,0,685.21
ITEM0000899,TXN000593,PRD0052,1,80.35,0.1,72.32
ITEM0000900,TXN000594,PRD0003,1,547.04,0,547.04
ITEM0000901,TXN000594,PRD0008,1,597.78,0,597.78
ITEM0000902,TXN000595,PRD0066,2,440.6,0.08,810.7
ITEM0000903,TXN000595,PRD0022,1,697.51,0.08,641.71
ITEM0000904,TXN000596,PRD0016,1,1011.7,0.1,910.53
ITEM0000905,TXN000596,PRD0014,1,601.24,0,601.24
ITEM0000906,TXN000596,PRD0068,1,481.55,0.05,457.47
ITEM0000907,TXN000597,PRD0066,1,440.6,0,440.6
ITEM0000908,TXN000598,PRD0066,1,440.6,0,440.6
ITEM0000909,TXN000598,PRD0059,1,369.05,0.05,350.6
ITEM0000910,TXN000599,PRD0051,1,93.12,0,93.12
ITEM0000911,TXN000600,PRD0066,1,440.6,0.12,387.73
ITEM0000912,TXN000600,PRD0061,1,516.06,0.05,490.26
ITEM0000913,TXN000600,PRD0061,1,516.06,0.15,438.65
ITEM0000914,TXN000601,PRD0066,1,440.6,0,440.6
ITEM0000915,TXN000601,PRD0071,1,523.89,0.1,471.5
ITEM0000916,TXN000602,PRD0063,1,351.51,0.15,298.78
ITEM0000917,TXN000602,PRD0065,1,299.29,0.05,284.33
ITEM0000918,TXN000603,PRD0010,1,916.91,0.05,871.06
ITEM0000919,TXN000604,PRD0007,1,947.13,0,947.13
ITEM0000920,TXN000605,PRD0002,1,682.27,0,682.27
ITEM0000921,TXN000605,PRD0014,1,601.24,0.1,541.12
ITEM0000922,TXN000606,PRD0017,1,911.77,0.1,820.59
ITEM0000923,TXN000607,PRD0020,1,1171.54,0,1171.54
ITEM0000924,TXN000607,PRD0026,1,947.34,0,947.34
ITEM0000925,TXN000608,PRD0021,1,944.7,0,944.7
ITEM0000926,TXN000608,PRD0005,1,771.34,0,771.34
ITEM0000927,TXN000609,PRD0035,1,233.42,0,233.42
ITEM0000928,TXN000609,PRD0027,1,993.9,0,993.9
ITEM0000929,TXN000609,PRD0022,1,697.51,0,697.51
ITEM0000930,TXN000610,PRD0026,1,947.34,0.1,852.61
ITEM0000931,TXN000610,PRD0020,1,1171.54,0.1,1054.39
ITEM0000932,TXN000611,PRD0041,2,379.86,0,759.72
ITEM0000933,TXN000612,PRD0070,1,334.06,0,334.06
ITEM0000934,TXN000613,PRD0056,1,516.08,0,516.08
ITEM0000935,TXN000614,PRD0051,2,93.12,0,186.24
ITEM0000936,TXN000615,PRD0054,1,83.36,0.05,79.19
ITEM0000937,TXN000616,PRD0054,1,83.36,0.1,75.02
ITEM0000938,TXN000616,PRD0001,2,864.11,0.05,1641.81
ITEM0000939,TXN000617,PRD0009,1,684.34,0,684.34
ITEM0000940,TXN000618,PRD0058,2,419.78,0.08,772.4
ITEM0000941,TXN000618,PRD0048,1,94.61,0.15,80.42
ITEM0000942,TXN000619,PRD0019,1,1011.51,0,1011.51
ITEM0000943,TXN000620,PRD0007,2,947.13,0,1894.26
ITEM0000944,TXN000621,PRD0005,2,771.34,0,1542.68
ITEM0000945,TXN000621,PRD0009,1,684.34,0.15,581.69
ITEM0000946,TXN000622,PRD0005,1,771.34,0,771.34
ITEM0000947,TXN000623,PRD0033,1,296.94,0,296.94
ITEM0000948,TXN000624,PRD0006,1,670.27,0,670.27
ITEM0000949,TXN000624,PRD0031,1,263.54,0,263.54
ITEM0000950,TXN000625,PRD0012,1,696.97,0.12,613.33
ITEM0000951,TXN000626,PRD0036,2,359.94,0.1,647.89
ITEM0000952,TXN000626,PRD0059,1,369.05,0,369.05
ITEM0000953,TXN000627,PRD0033,1,296.94,0.15,252.4
ITEM0000954,TXN000627,PRD0024,1,1107.82,0.1,997.04
ITEM0000955,TXN000627,PRD0031,1,263.54,0,263.54
ITEM0000956,TXN000628,PRD0024,1,1107.82,0.1,997.04
ITEM0000957,TXN000628,PRD0070,1,334.06,0,334.06
ITEM0000958,TXN000629,PRD0026,1,947.34,0,947.34
ITEM0000959,TXN000629,PRD0004,1,895.9,0,895.9
ITEM0000960,TXN000630,PRD0025,1,1072.0,0.15,911.2
ITEM0000961,TXN000631,PRD0028,1,250.72,0.15,213.11
ITEM0000962,TXN000631,PRD0034,1,391.51,0,391.51
ITEM0000963,TXN000632,PRD0010,1,916.91,0,916.91
ITEM0000964,TXN000632,PRD0021,1,944.7,0,944.7
ITEM0000965,TXN000632,PRD0031,1,263.54,0,263.54
ITEM0000966,TXN000633,PRD0023,1,1103.32,0,1103.32
ITEM0000967,TXN000633,PRD0034,1,391.51,0,391.51
ITEM0000968,TXN000634,PRD0031,2,263.54,0,527.08
ITEM0000969,TXN000634,PRD0034,1,391.51,0.05,371.93
ITEM0000970,TXN000635,PRD0035,1,233.42,0,233.42
ITEM0000971,TXN000636,PRD0026,1,947.34,0.05,899.97
ITEM0000972,TXN000637,PRD0059,1,369.05,0,369.05
ITEM0000973,TXN000638,PRD0071,1,523.89,0,523.89
ITEM0000974,TXN000638,PRD0063,1,351.51,0.1,316.36
ITEM0000975,TXN000639,PRD0070,1,334.06,0,334.06
ITEM0000976,TXN000640,PRD0011,1,1081.28,0.15,919.09
ITEM0000977,TXN000640,PRD0072,1,470.7,0,470.7
ITEM0000978,TXN000641,PRD0029,1,355.31,0.12,312.67
ITEM0000979,TXN000641,PRD0066,1,440.6,0,440.6
ITEM0000980,TXN000642,PRD0037,1,531.45,0.08,488.93
ITEM0000981,TXN000642,PRD0039,1,685.21,0,685.21
ITEM0000982,TXN000643,PRD0047,1,80.8,0.08,74.34
ITEM0000983,TXN000644,PRD0038,1,457.54,0,457.54
ITEM0000984,TXN000645,PRD0024,1,1107.82,0.1,997.04
ITEM0000985,TXN000645,PRD0031,1,263.54,0.08,242.46
ITEM0000986,TXN000646,PRD0020,1,1171.54,0,1171.54
ITEM0000987,TXN000646,PRD0026,1,947.34,0,947.34
ITEM0000988,TXN000647,PRD0033,1,296.94,0,296.94
ITEM0000989,TXN000648,PRD0033,1,296.94,0.12,261.31
ITEM0000990,TXN000649,PRD0048,1,94.61,0,94.61
ITEM0000991,TXN000650,PRD0028,1,250.72,0.15,213.11
ITEM0000992,TXN000651,PRD0034,1,391.51,0,391.51
ITEM0000993,TXN000652,PRD0061,1,516.06,0.15,438.65
ITEM0000994,TXN000652,PRD0056,2,516.08,0.08,949.59
ITEM0000995,TXN000653,PRD0060,1,556.75,0.15,473.24
ITEM0000996,TXN000654,PRD0069,1,377.5,0.05,358.63
ITEM0000997,TXN000654,PRD0056,1,516.08,0.12,454.15
ITEM0000998,TXN000655,PRD0049,1,88.64,0,88.64
ITEM0000999,TXN000655,PRD0068,2,481.55,0,963.1
ITEM0001000,TXN000656,PRD0035,1,233.42,0.08,214.75
ITEM0001001,TXN000657,PRD0036,1,359.94,0,359.94
ITEM0001002,TXN000657,PRD0014,1,601.24,0.12,529.09
ITEM0001003,TXN000658,PRD0059,2,369.05,0.15,627.39
ITEM0001004,TXN000658,PRD0032,1,360.62,0,360.62
ITEM0001005,TXN000659,PRD0034,1,391.51,0,391.51
ITEM0001006,TXN000659,PRD0030,1,216.23,0,216.23
ITEM0001007,TXN000660,PRD0015,1,1088.95,0,1088.95
ITEM0001008,TXN000660,PRD0049,1,88.64,0.15,75.34
ITEM0001009,TXN000660,PRD0043,1,466.09,0,466.09
ITEM0001010,TXN000661,PRD0010,2,916.91,0,1833.82
ITEM0001011,TXN000661,PRD0003,1,547.04,0.12,481.4
ITEM0001012,TXN000662,PRD0050,1,80.02,0,80.02
ITEM0001013,TXN000662,PRD0048,1,94.61,0,94.61
ITEM0001014,TXN000662,PRD0040,1,561.8,0,561.8
ITEM0001015,TXN000663,PRD0049,1,88.64,0.12,78.0
ITEM0001016,TXN000664,PRD0041,1,379.86,0,379.86
ITEM0001017,TXN000664,PRD0034,1,391.51,0,391.51
ITEM0001018,TXN000665,PRD0027,1,993.9,0,993.9
ITEM0001019,TXN000665,PRD0006,1,670.27,0,670.27
ITEM0001020,TXN000666,PRD0030,1,216.23,0,216.23
ITEM0001021,TXN000667,PRD0030,1,216.23,0.1,194.61
ITEM0001022,TXN000668,PRD0055,1,433.02,0,433.02
ITEM0001023,TXN000668,PRD0019,1,1011.51,0,1011.51
ITEM0001024,TXN000668,PRD0025,1,1072.0,0,1072.0
ITEM0001025,TXN000669,PRD0036,1,359.94,0.1,323.95
ITEM0001026,TXN000670,PRD0026,1,947.34,0.08,871.55
ITEM0001027,TXN000670,PRD0022,1,697.51,0.15,592.88
ITEM0001028,TXN000671,PRD0033,1,296.94,0,296.94
ITEM0001029,TXN000671,PRD0023,1,1103.32,0.15,937.82
ITEM0001030,TXN000671,PRD0035,1,233.42,0.1,210.08
ITEM0001031,TXN000672,PRD0022,1,697.51,0,697.51
ITEM0001032,TXN000672,PRD0024,1,1107.82,0.05,1052.43
ITEM0001033,TXN000673,PRD0022,1,697.51,0.08,641.71
ITEM0001034,TXN000673,PRD0021,1,944.7,0.08,869.12
ITEM0001035,TXN000673,PRD0021,1,944.7,0,944.7
ITEM0001036,TXN000674,PRD0019,1,1011.51,0.12,890.13
ITEM0001037,TXN000675,PRD0019,1,1011.51,0,1011.51
ITEM0001038,TXN000675,PRD0026,1,947.34,0.12,833.66
ITEM0001039,TXN000676,PRD0022,1,697.51,0,697.51
ITEM0001040,TXN000676,PRD0035,1,233.42,0,233.42
ITEM0001041,TXN000677,PRD0023,1,1103.32,0.1,992.99
ITEM0001042,TXN000678,PRD0031,2,263.54,0,527.08
ITEM0001043,TXN000678,PRD0001,1,864.11,0.05,820.9
ITEM0001044,TXN000678,PRD0023,1,1103.32,0,1103.32
ITEM0001045,TXN000679,PRD0035,1,233.42,0,233.42
ITEM0001046,TXN000680,PRD0024,1,1107.82,0,1107.82
ITEM0001047,TXN000681,PRD0006,2,670.27,0,1340.54
ITEM0001048,TXN000681,PRD0017,1,911.77,0,911.77
ITEM0001049,TXN000682,PRD0042,1,471.23,0,471.23
ITEM0001050,TXN000683,PRD0003,1,547.04,0,547.04
ITEM0001051,TXN000684,PRD0030,1,216.23,0.15,183.8
ITEM0001052,TXN000684,PRD0048,1,94.61,0,94.61
ITEM0001053,TXN000684,PRD0012,1,696.97,0,696.97
ITEM0001054,TXN000685,PRD0018,1,965.82,0,965.82
ITEM0001055,TXN000686,PRD0072,1,470.7,0,470.7
ITEM0001056,TXN000687,PRD0057,1,621.24,0,621.24
ITEM0001057,TXN000688,PRD0038,1,457.54,0,457.54
ITEM0001058,TXN000689,PRD0055,1,433.02,0.08,398.38
ITEM0001059,TXN000690,PRD0032,1,360.62,0.12,317.35
ITEM0001060,TXN000691,PRD0031,1,263.54,0,263.54
ITEM0001061,TXN000692,PRD0029,1,355.31,0.1,319.78
ITEM0001062,TXN000693,PRD0038,1,457.54,0.1,411.79
ITEM0001063,TXN000693,PRD0029,1,355.31,0,355.31
ITEM0001064,TXN000694,PRD0023,1,1103.32,0,1103.32
ITEM0001065,TXN000695,PRD0023,1,1103.32,0,1103.32
ITEM0001066,TXN000696,PRD0034,1,391.51,0,391.51
ITEM0001067,TXN000696,PRD0028,1,250.72,0.15,213.11
ITEM0001068,TXN000697,PRD0001,2,864.11,0,1728.22
ITEM0001069,TXN000698,PRD0021,1,944.7,0,944.7
ITEM0001070,TXN000698,PRD0009,1,684.34,0.15,581.69
ITEM0001071,TXN000699,PRD0032,2,360.62,0.15,613.05
ITEM0001072,TXN000700,PRD0035,1,233.42,0,233.42
ITEM0001073,TXN000700,PRD0026,1,947.34,0,947.34
ITEM0001074,TXN000701,PRD0065,1,299.29,0.1,269.36
ITEM0001075,TXN000701,PRD0036,1,359.94,0,359.94
ITEM0001076,TXN000702,PRD0030,1,216.23,0,216.23
ITEM0001077,TXN000703,PRD0020,1,1171.54,0,1171.54
ITEM0001078,TXN000703,PRD0032,1,360.62,0,360.62
ITEM0001079,TXN000703,PRD0036,1,359.94,0,359.94
ITEM0001080,TXN000704,PRD0032,1,360.62,0,360.62
ITEM0001081,TXN000705,PRD0031,1,263.54,0.05,250.36
ITEM0001082,TXN000705,PRD0023,1,1103.32,0,1103.32
ITEM0001083,TXN000706,PRD0028,1,250.72,0.08,230.66
ITEM0001084,TXN000706,PRD0026,1,947.34,0,947.34
ITEM0001085,TXN000706,PRD0041,2,379.86,0,759.72
ITEM0001086,TXN000707,PRD0020,1,1171.54,0,1171.54
ITEM0001087,TXN000707,PRD0018,1,965.82,0,965.82
ITEM0001088,TXN000708,PRD0022,1,697.51,0,697.51
ITEM0001089,TXN000709,PRD0069,1,377.5,0,377.5
ITEM0001090,TXN000709,PRD0065,1,299.29,0.05,284.33
ITEM0001091,TXN000710,PRD0002,1,682.27,0,682.27
ITEM0001092,TXN000711,PRD0055,1,433.02,0,433.02
ITEM0001093,TXN000711,PRD0054,1,83.36,0,83.36
ITEM0001094,TXN000712,PRD0069,1,377.5,0,377.5
ITEM0001095,TXN000712,PRD0066,1,440.6,0,440.6
ITEM0001096,TXN000712,PRD0069,1,377.5,0.08,347.3
ITEM0001097,TXN000713,PRD0065,1,299.29,0.1,269.36
ITEM0001098,TXN000714,PRD0006,1,670.27,0,670.27
ITEM0001099,TXN000715,PRD0024,1,1107.82,0,1107.82
ITEM0001100,TXN000715,PRD0034,1,391.51,0,391.51
ITEM0001101,TXN000716,PRD0065,2,299.29,0.15,508.79
ITEM0001102,TXN000717,PRD0003,1,547.04,0.15,464.98
ITEM0001103,TXN000717,PRD0041,1,379.86,0,379.86
ITEM0001104,TXN000717,PRD0039,1,685.21,0.12,602.98
ITEM0001105,TXN000718,PRD0037,1,531.45,0,531.45
ITEM0001106,TXN000718,PRD0071,1,523.89,0,523.89
ITEM0001107,TXN000718,PRD0028,1,250.72,0.12,220.63
ITEM0001108,TXN000719,PRD0059,1,369.05,0,369.05
ITEM0001109,TXN000720,PRD0064,1,332.01,0,332.01
ITEM0001110,TXN000721,PRD0023,1,1103.32,0,1103.32
ITEM0001111,TXN000722,PRD0021,1,944.7,0.15,803.0
ITEM0001112,TXN000722,PRD0020,2,1171.54,0.08,2155.63
ITEM0001113,TXN000722,PRD0049,1,88.64,0,88.64
ITEM0001114,TXN000723,PRD0032,2,360.62,0,721.24
ITEM0001115,TXN000724,PRD0019,1,1011.51,0.05,960.93
ITEM0001116,TXN000725,PRD0021,1,944.7,0,944.7
ITEM0001117,TXN000726,PRD0063,1,351.51,0.1,316.36
ITEM0001118,TXN000727,PRD0033,1,296.94,0.12,261.31
ITEM0001119,TXN000728,PRD0067,1,298.53,0,298.53
ITEM0001120,TXN000728,PRD0071,1,523.89,0.05,497.7
ITEM0001121,TXN000729,PRD0068,1,481.55,0,481.55
ITEM0001122,TXN000729,PRD0067,1,298.53,0.1,268.68
ITEM0001123,TXN000730,PRD0041,1,379.86,0.1,341.87
ITEM0001124,TXN000730,PRD0042,2,471.23,0,942.46
ITEM0001125,TXN000731,PRD0051,1,93.12,0,93.12
ITEM0001126,TXN000731,PRD0033,1,296.94,0.1,267.25
ITEM0001127,TXN000732,PRD0052,1,80.35,0,80.35
ITEM0001128,TXN000732,PRD0054,1,83.36,0,83.36
ITEM0001129,TXN000733,PRD0019,2,1011.51,0,2023.02
ITEM0001130,TXN000733,PRD0028,2,250.72,0.12,441.27
ITEM0001131,TXN000734,PRD0050,1,80.02,0,80.02
ITEM0001132,TXN000734,PRD0009,1,684.34,0,684.34
ITEM0001133,TXN000734,PRD0033,1,296.94,0,296.94
ITEM0001134,TXN000735,PRD0054,1,83.36,0,83.36
ITEM0001135,TXN000735,PRD0025,2,1072.0,0.15,1822.4
ITEM0001136,TXN000736,PRD0020,1,1171.54,0,1171.54
ITEM0001137,TXN000736,PRD0015,2,1088.95,0.05,2069.01
ITEM0001138,TXN000737,PRD0002,1,682.27,0,682.27
ITEM0001139,TXN000738,PRD0059,1,369.05,0,369.05
ITEM0001140,TXN000738,PRD0035,1,233.42,0,233.42
ITEM0001141,TXN000739,PRD0032,1,360.62,0,360.62
ITEM0001142,TXN000739,PRD0022,1,697.51,0,697.51
ITEM0001143,TXN000740,PRD0021,1,944.7,0,944.7
ITEM0001144,TXN000740,PRD0035,1,233.42,0,233.42
ITEM0001145,TXN000741,PRD0034,1,391.51,0.1,352.36
ITEM0001146,TXN000741,PRD0025,1,1072.0,0,1072.0
ITEM0001147,TXN000742,PRD0022,1,697.51,0,697.51
ITEM0001148,TXN000743,PRD0041,1,379.86,0,379.86
ITEM0001149,TXN000744,PRD0053,1,62.29,0,62.29
ITEM0001150,TXN000745,PRD0046,1,75.23,0,75.23
ITEM0001151,TXN000746,PRD0023,1,1103.32,0.15,937.82
ITEM0001152,TXN000746,PRD0060,1,556.75,0,556.75
ITEM0001153,TXN000747,PRD0045,1,559.98,0,559.98
ITEM0001154,TXN000748,PRD0034,1,391.51,0,391.51
ITEM0001155,TXN000748,PRD0029,2,355.31,0,710.62
ITEM0001156,TXN000749,PRD0021,2,944.7,0,1889.4
ITEM0001157,TXN000750,PRD0035,2,233.42,0,466.84
ITEM0001158,TXN000750,PRD0022,1,697.51,0,697.51
ITEM0001159,TXN000750,PRD0026,1,947.34,0.15,805.24
ITEM0001160,TXN000751,PRD0019,1,1011.51,0,1011.51
ITEM0001161,TXN000752,PRD0021,2,944.7,0.15,1605.99
ITEM0001162,TXN000753,PRD0026,1,947.34,0,947.34
ITEM0001163,TXN000754,PRD0031,1,263.54,0.1,237.19
ITEM0001164,TXN000754,PRD0008,1,597.78,0,597.78
ITEM0001165,TXN000755,PRD0029,1,355.31,0,355.31
ITEM0001166,TXN000756,PRD0055,1,433.02,0,433.02
ITEM0001167,TXN000757,PRD0044,1,640.34,0,640.34
ITEM0001168,TXN000758,PRD0039,1,685.21,0.05,650.95
ITEM0001169,TXN000758,PRD0053,1,62.29,0,62.29
ITEM0001170,TXN000759,PRD0034,1,391.51,0,391.51
ITEM0001171,TXN000760,PRD0065,1,299.29,0,299.29
ITEM0001172,TXN000761,PRD0017,1,911.77,0.05,866.18
ITEM0001173,TXN000762,PRD0070,1,334.06,0,334.06
ITEM0001174,TXN000762,PRD0065,1,299.29,0,299.29
ITEM0001175,TXN000762,PRD0058,1,419.78,0,419.78
ITEM0001176,TXN000763,PRD0068,1,481.55,0,481.55
ITEM0001177,TXN000764,PRD0064,1,332.01,0,332.01
ITEM0001178,TXN000765,PRD0057,1,621.24,0,621.24
ITEM0001179,TXN000765,PRD0023,1,1103.32,0.12,970.92
ITEM0001180,TXN000766,PRD0021,1,944.7,0.05,897.47
ITEM0001181,TXN000766,PRD0022,1,697.51,0,697.51
ITEM0001182,TXN000766,PRD0013,1,986.04,0.05,936.74
ITEM0001183,TXN000767,PRD0026,1,947.34,0,947.34
ITEM0001184,TXN000768,PRD0032,1,360.62,0.08,331.77
ITEM0001185,TXN000769,PRD0021,1,944.7,0.05,897.47
ITEM0001186,TXN000769,PRD0004,1,895.9,0,895.9
ITEM0001187,TXN000770,PRD0011,1,1081.28,0,1081.28
ITEM0001188,TXN000771,PRD0035,1,233.42,0,233.42
ITEM0001189,TXN000772,PRD0022,2,697.51,0.1,1255.52
ITEM0001190,TXN000772,PRD0026,1,947.34,0,947.34
ITEM0001191,TXN000773,PRD0019,1,1011.51,0,1011.51
ITEM0001192,TXN000774,PRD0024,1,1107.82,0,1107.82
ITEM0001193,TXN000774,PRD0035,1,233.42,0,233.42
ITEM0001194,TXN000775,PRD0061,2,516.06,0,1032.12
ITEM0001195,TXN000776,PRD0023,1,1103.32,0,1103.32
ITEM0001196,TXN000776,PRD0034,1,391.51,0.12,344.53
ITEM0001197,TXN000776,PRD0027,1,993.9,0.05,944.21
ITEM0001198,TXN000777,PRD0024,1,1107.82,0.08,1019.19
ITEM0001199,TXN000778,PRD0003,1,547.04,0.12,481.4
ITEM0001200,TXN000779,PRD0027,1,993.9,0.08,914.39
ITEM0001201,TXN000780,PRD0063,1,351.51,0,351.51
ITEM0001202,TXN000781,PRD0038,1,457.54,0.12,402.64
ITEM0001203,TXN000781,PRD0008,1,597.78,0.05,567.89
ITEM0001204,TXN000782,PRD0016,1,1011.7,0.12,890.3
ITEM0001205,TXN000782,PRD0069,2,377.5,0,755.0
ITEM0001206,TXN000783,PRD0065,1,299.29,0.12,263.38
ITEM0001207,TXN000783,PRD0069,1,377.5,0,377.5
ITEM0001208,TXN000783,PRD0027,1,993.9,0,993.9
ITEM0001209,TXN000784,PRD0067,2,298.53,0.08,549.3
ITEM0001210,TXN000784,PRD0057,1,621.24,0,621.24
ITEM0001211,TXN000785,PRD0056,1,516.08,0.1,464.47
ITEM0001212,TXN000785,PRD0013,1,986.04,0.08,907.16
ITEM0001213,TXN000785,PRD0061,1,516.06,0.05,490.26
ITEM0001214,TXN000786,PRD0047,1,80.8,0,80.8
ITEM0001215,TXN000786,PRD0027,1,993.9,0.05,944.21
ITEM0001216,TXN000787,PRD0022,1,697.51,0.15,592.88
ITEM0001217,TXN000788,PRD0029,1,355.31,0,355.31
ITEM0001218,TXN000788,PRD0027,1,993.9,0.12,874.63
ITEM0001219,TXN000789,PRD0032,1,360.62,0,360.62
ITEM0001220,TXN000790,PRD0027,1,993.9,0,993.9
ITEM0001221,TXN000791,PRD0029,1,355.31,0,355.31
ITEM0001222,TXN000792,PRD0034,1,391.51,0,391.51
ITEM0001223,TXN000792,PRD0028,1,250.72,0.08,230.66
ITEM0001224,TXN000793,PRD0041,1,379.86,0,379.86
ITEM0001225,TXN000794,PRD0040,1,561.8,0,561.8
ITEM0001226,TXN000794,PRD0024,1,1107.82,0.12,974.88
ITEM0001227,TXN000795,PRD0024,2,1107.82,0,2215.64
ITEM0001228,TXN000796,PRD0035,2,233.42,0.05,443.5
ITEM0001229,TXN000796,PRD0022,1,697.51,0,697.51
ITEM0001230,TXN000796,PRD0033,2,296.94,0,593.88
ITEM0001231,TXN000797,PRD0027,1,993.9,0,993.9
ITEM0001232,TXN000798,PRD0028,1,250.72,0,250.72
ITEM0001233,TXN000799,PRD0022,1,697.51,0.12,613.81
ITEM0001234,TXN000799,PRD0051,1,93.12,0,93.12
ITEM0001235,TXN000800,PRD0070,1,334.06,0.08,307.34
ITEM0001236,TXN000800,PRD0032,1,360.62,0,360.62
ITEM0001237,TXN000801,PRD0024,1,1107.82,0.12,974.88
ITEM0001238,TXN000802,PRD0062,1,484.0,0,484.0
ITEM0001239,TXN000803,PRD0007,2,947.13,0.08,1742.72
ITEM0001240,TXN000803,PRD0031,2,263.54,0.1,474.37
ITEM0001241,TXN000804,PRD0048,1,94.61,0.12,83.26
ITEM0001242,TXN000804,PRD0020,1,1171.54,0,1171.54
ITEM0001243,TXN000805,PRD0037,1,531.45,0.08,488.93
ITEM0001244,TXN000805,PRD0019,1,1011.51,0.05,960.93
ITEM0001245,TXN000806,PRD0009,1,684.34,0,684.34
ITEM0001246,TXN000807,PRD0010,1,916.91,0,916.91
ITEM0001247,TXN000808,PRD0048,1,94.61,0,94.61
ITEM0001248,TXN000809,PRD0040,1,561.8,0.15,477.53
ITEM0001249,TXN000809,PRD0007,1,947.13,0.1,852.42
ITEM0001250,TXN000810,PRD0036,1,359.94,0,359.94
ITEM0001251,TXN000811,PRD0025,1,1072.0,0.08,986.24
ITEM0001252,TXN000811,PRD0023,1,1103.32,0,1103.32
ITEM0001253,TXN000812,PRD0011,1,1081.28,0,1081.28
ITEM0001254,TXN000812,PRD0016,1,1011.7,0.05,961.12
ITEM0001255,TXN000813,PRD0001,1,864.11,0,864.11
ITEM0001256,TXN000813,PRD0051,1,93.12,0.1,83.81
ITEM0001257,TXN000813,PRD0065,1,299.29,0,299.29
ITEM0001258,TXN000814,PRD0011,1,1081.28,0,1081.28
ITEM0001259,TXN000814,PRD0062,1,484.0,0,484.0
ITEM0001260,TXN000815,PRD0008,1,597.78,0,597.78
ITEM0001261,TXN000816,PRD0059,1,369.05,0,369.05
ITEM0001262,TXN000817,PRD0069,1,377.5,0,377.5
ITEM0001263,TXN000818,PRD0040,1,561.8,0,561.8
ITEM0001264,TXN000819,PRD0045,1,559.98,0,559.98
ITEM0001265,TXN000820,PRD0049,1,88.64,0,88.64
ITEM0001266,TXN000821,PRD0007,1,947.13,0,947.13
ITEM0001267,TXN000822,PRD0017,1,911.77,0.1,820.59
ITEM0001268,TXN000823,PRD0021,1,944.7,0.12,831.34
ITEM0001269,TXN000824,PRD0002,1,682.27,0.08,627.69
ITEM0001270,TXN000825,PRD0050,1,80.02,0.12,70.42
ITEM0001271,TXN000826,PRD0061,1,516.06,0,516.06
ITEM0001272,TXN000827,PRD0070,1,334.06,0,334.06
ITEM0001273,TXN000827,PRD0023,1,1103.32,0,1103.32
ITEM0001274,TXN000828,PRD0061,1,516.06,0,516.06
ITEM0001275,TXN000829,PRD0041,1,379.86,0,379.86
ITEM0001276,TXN000830,PRD0024,1,1107.82,0.12,974.88
ITEM0001277,TXN000831,PRD0072,1,470.7,0,470.7
ITEM0001278,TXN000832,PRD0066,2,440.6,0,881.2
ITEM0001279,TXN000832,PRD0002,1,682.27,0,682.27
ITEM0001280,TXN000832,PRD0008,1,597.78,0,597.78
ITEM0001281,TXN000833,PRD0059,1,369.05,0.15,313.69
ITEM0001282,TXN000833,PRD0064,1,332.01,0,332.01
ITEM0001283,TXN000833,PRD0072,1,470.7,0.15,400.1
ITEM0001284,TXN000834,PRD0070,1,334.06,0,334.06
ITEM0001285,TXN000835,PRD0045,1,559.98,0,559.98
ITEM0001286,TXN000835,PRD0045,1,559.98,0,559.98
ITEM0001287,TXN000835,PRD0062,1,484.0,0.1,435.6
ITEM0001288,TXN000836,PRD0062,1,484.0,0,484.0
ITEM0001289,TXN000836,PRD0070,2,334.06,0.15,567.9
ITEM0001290,TXN000836,PRD0066,1,440.6,0.15,374.51
ITEM0001291,TXN000837,PRD0071,1,523.89,0,523.89
ITEM0001292,TXN000837,PRD0049,1,88.64,0.05,84.21
ITEM0001293,TXN000837,PRD0039,1,685.21,0.1,616.69
ITEM0001294,TXN000838,PRD0072,1,470.7,0.1,423.63
ITEM0001295,TXN000838,PRD0071,1,523.89,0,523.89
ITEM0001296,TXN000839,PRD0066,1,440.6,0,440.6
ITEM0001297,TXN000840,PRD0071,1,523.89,0.08,481.98
ITEM0001298,TXN000841,PRD0068,1,481.55,0,481.55
ITEM0001299,TXN000842,PRD0070,1,334.06,0,334.06
ITEM0001300,TXN000843,PRD0048,1,94.61,0.1,85.15
ITEM0001301,TXN000843,PRD0064,1,332.01,0,332.01
ITEM0001302,TXN000844,PRD0024,1,1107.82,0,1107.82
ITEM0001303,TXN000845,PRD0040,1,561.8,0.08,516.86
ITEM0001304,TXN000845,PRD0027,1,993.9,0,993.9
ITEM0001305,TXN000846,PRD0032,1,360.62,0,360.62
ITEM0001306,TXN000846,PRD0021,1,944.7,0.1,850.23
ITEM0001307,TXN000847,PRD0071,1,523.89,0,523.89
ITEM0001308,TXN000848,PRD0038,1,457.54,0,457.54
ITEM0001309,TXN000849,PRD0041,1,379.86,0,379.86
ITEM0001310,TXN000850,PRD0010,1,916.91,0,916.91
ITEM0001311,TXN000851,PRD0060,1,556.75,0.1,501.08
ITEM0001312,TXN000851,PRD0007,1,947.13,0.15,805.06
ITEM0001313,TXN000851,PRD0017,1,911.77,0.05,866.18
ITEM0001314,TXN000852,PRD0030,1,216.23,0.05,205.42
ITEM0001315,TXN000853,PRD0024,1,1107.82,0,1107.82
ITEM0001316,TXN000854,PRD0024,1,1107.82,0.15,941.65
ITEM0001317,TXN000855,PRD0019,2,1011.51,0.12,1780.26
ITEM0001318,TXN000855,PRD0019,1,1011.51,0,1011.51
ITEM0001319,TXN000856,PRD0015,1,1088.95,0.08,1001.83
ITEM0001320,TXN000857,PRD0038,1,457.54,0.08,420.94
ITEM0001321,TXN000858,PRD0070,1,334.06,0.05,317.36
ITEM0001322,TXN000858,PRD0065,1,299.29,0.05,284.33
ITEM0001323,TXN000859,PRD0071,2,523.89,0,1047.78
ITEM0001324,TXN000859,PRD0066,1,440.6,0.08,405.35
ITEM0001325,TXN000859,PRD0012,1,696.97,0,696.97
ITEM0001326,TXN000860,PRD0067,1,298.53,0.15,253.75
ITEM0001327,TXN000861,PRD0047,1,80.8,0,80.8
ITEM0001328,TXN000861,PRD0046,1,75.23,0,75.23
ITEM0001329,TXN000862,PRD0043,1,466.09,0.1,419.48
ITEM0001330,TXN000862,PRD0008,1,597.78,0,597.78
ITEM0001331,TXN000863,PRD0054,1,83.36,0,83.36
ITEM0001332,TXN000864,PRD0044,1,640.34,0,640.34
ITEM0001333,TXN000865,PRD0041,1,379.86,0,379.86
ITEM0001334,TXN000866,PRD0061,1,516.06,0.08,474.78
ITEM0001335,TXN000867,PRD0071,1,523.89,0,523.89
ITEM0001336,TXN000868,PRD0040,1,561.8,0,561.8
ITEM0001337,TXN000868,PRD0047,1,80.8,0,80.8
ITEM0001338,TXN000869,PRD0048,1,94.61,0,94.61
ITEM0001339,TXN000870,PRD0037,1,531.45,0,531.45
ITEM0001340,TXN000870,PRD0045,1,559.98,0.15,475.98
ITEM0001341,TXN000870,PRD0023,2,1103.32,0.15,1875.64
ITEM0001342,TXN000871,PRD0068,1,481.55,0,481.55
ITEM0001343,TXN000871,PRD0003,2,547.04,0.12,962.79
ITEM0001344,TXN000872,PRD0059,1,369.05,0,369.05
ITEM0001345,TXN000872,PRD0033,2,296.94,0,593.88
ITEM0001346,TXN000873,PRD0015,1,1088.95,0,1088.95
ITEM0001347,TXN000874,PRD0072,1,470.7,0,470.7
ITEM0001348,TXN000875,PRD0072,1,470.7,0,470.7
ITEM0001349,TXN000876,PRD0068,1,481.55,0,481.55
ITEM0001350,TXN000876,PRD0061,2,516.06,0,1032.12
ITEM0001351,TXN000876,PRD0045,1,559.98,0.08,515.18
ITEM0001352,TXN000877,PRD0008,1,597.78,0,597.78
ITEM0001353,TXN000878,PRD0013,1,986.04,0.1,887.44
ITEM0001354,TXN000879,PRD0009,1,684.34,0.08,629.59
ITEM0001355,TXN000880,PRD0054,1,83.36,0,83.36
ITEM0001356,TXN000881,PRD0048,1,94.61,0.15,80.42
ITEM0001357,TXN000882,PRD0051,1,93.12,0.15,79.15
ITEM0001358,TXN000883,PRD0035,1,233.42,0,233.42
ITEM0001359,TXN000884,PRD0067,2,298.53,0,597.06
ITEM0001360,TXN000884,PRD0071,1,523.89,0,523.89
ITEM0001361,TXN000885,PRD0001,1,864.11,0.12,760.42
ITEM0001362,TXN000886,PRD0005,1,771.34,0,771.34
ITEM0001363,TXN000887,PRD0003,1,547.04,0.05,519.69
ITEM0001364,TXN000888,PRD0014,1,601.24,0.05,571.18
ITEM0001365,TXN000889,PRD0063,2,351.51,0.1,632.72
ITEM0001366,TXN000889,PRD0037,1,531.45,0,531.45
ITEM0001367,TXN000890,PRD0046,2,75.23,0,150.46
ITEM0001368,TXN000891,PRD0013,1,986.04,0.12,867.72
ITEM0001369,TXN000891,PRD0003,1,547.04,0.1,492.34
ITEM0001370,TXN000891,PRD0006,1,670.27,0,670.27
ITEM0001371,TXN000892,PRD0029,1,355.31,0.15,302.01
ITEM0001372,TXN000893,PRD0009,1,684.34,0,684.34
ITEM0001373,TXN000894,PRD0049,1,88.64,0.05,84.21
ITEM0001374,TXN000895,PRD0039,1,685.21,0,685.21
ITEM0001375,TXN000896,PRD0001,1,864.11,0,864.11
ITEM0001376,TXN000897,PRD0002,1,682.27,0,682.27
ITEM0001377,TXN000898,PRD0010,1,916.91,0.15,779.37
ITEM0001378,TXN000899,PRD0012,1,696.97,0,696.97
ITEM0001379,TXN000900,PRD0005,2,771.34,0.05,1465.55
ITEM0001380,TXN000901,PRD0014,1,601.24,0.08,553.14
ITEM0001381,TXN000902,PRD0036,1,359.94,0,359.94
ITEM0001382,TXN000903,PRD0014,1,601.24,0,601.24
ITEM0001383,TXN000904,PRD0012,1,696.97,0,696.97
ITEM0001384,TXN000905,PRD0057,1,621.24,0,621.24
ITEM0001385,TXN000905,PRD0043,1,466.09,0,466.09
ITEM0001386,TXN000906,PRD0061,1,516.06,0,516.06
ITEM0001387,TXN000906,PRD0059,1,369.05,0.15,313.69
ITEM0001388,TXN000907,PRD0059,2,369.05,0,738.1
ITEM0001389,TXN000907,PRD0068,1,481.55,0,481.55
ITEM0001390,TXN000907,PRD0061,1,516.06,0,516.06
ITEM0001391,TXN000908,PRD0056,1,516.08,0,516.08
ITEM0001392,TXN000908,PRD0037,1,531.45,0,531.45
ITEM0001393,TXN000909,PRD0013,1,986.04,0,986.04
ITEM0001394,TXN000910,PRD0039,2,685.21,0,1370.42
ITEM0001395,TXN000911,PRD0072,1,470.7,0,470.7
ITEM0001396,TXN000912,PRD0053,2,62.29,0,124.58
ITEM0001397,TXN000912,PRD0051,1,93.12,0.05,88.46
ITEM0001398,TXN000913,PRD0052,1,80.35,0,80.35
ITEM0001399,TXN000914,PRD0054,1,83.36,0.12,73.36
ITEM0001400,TXN000914,PRD0031,2,263.54,0,527.08
ITEM0001401,TXN000914,PRD0043,2,466.09,0.05,885.57
ITEM0001402,TXN000915,PRD0046,1,75.23,0.15,63.95
ITEM0001403,TXN000916,PRD0024,1,1107.82,0,1107.82
ITEM0001404,TXN000916,PRD0026,1,947.34,0,947.34
ITEM0001405,TXN000917,PRD0036,1,359.94,0,359.94
ITEM0001406,TXN000918,PRD0011,1,1081.28,0,1081.28
ITEM0001407,TXN000919,PRD0056,1,516.08,0,516.08
ITEM0001408,TXN000919,PRD0056,1,516.08,0.12,454.15
ITEM0001409,TXN000920,PRD0035,1,233.42,0,233.42
ITEM0001410,TXN000920,PRD0032,1,360.62,0,360.62
ITEM0001411,TXN000921,PRD0005,1,771.34,0,771.34
ITEM0001412,TXN000922,PRD0009,1,684.34,0.08,629.59
ITEM0001413,TXN000923,PRD0032,1,360.62,0,360.62
ITEM0001414,TXN000923,PRD0014,1,601.24,0,601.24
ITEM0001415,TXN000924,PRD0004,1,895.9,0.08,824.23
ITEM0001416,TXN000925,PRD0014,2,601.24,0,1202.48
ITEM0001417,TXN000925,PRD0002,2,682.27,0,1364.54
ITEM0001418,TXN000926,PRD0026,1,947.34,0,947.34
ITEM0001419,TXN000927,PRD0012,1,696.97,0,696.97
ITEM0001420,TXN000928,PRD0013,1,986.04,0.15,838.13
ITEM0001421,TXN000929,PRD0066,1,440.6,0.08,405.35
ITEM0001422,TXN000930,PRD0067,1,298.53,0,298.53
ITEM0001423,TXN000930,PRD0070,1,334.06,0.15,283.95
ITEM0001424,TXN000930,PRD0065,1,299.29,0.15,254.4
ITEM0001425,TXN000931,PRD0061,1,516.06,0,516.06
ITEM0001426,TXN000931,PRD0067,1,298.53,0,298.53
ITEM0001427,TXN000932,PRD0057,2,621.24,0,1242.48
ITEM0001428,TXN000933,PRD0034,1,391.51,0.15,332.78
ITEM0001429,TXN000934,PRD0024,1,1107.82,0.15,941.65
ITEM0001430,TXN000934,PRD0035,1,233.42,0,233.42
ITEM0001431,TXN000935,PRD0008,2,597.78,0,1195.56
ITEM0001432,TXN000936,PRD0025,1,1072.0,0.12,943.36
ITEM0001433,TXN000936,PRD0025,1,1072.0,0,1072.0
ITEM0001434,TXN000937,PRD0022,1,697.51,0,697.51
ITEM0001435,TXN000937,PRD0036,1,359.94,0,359.94
ITEM0001436,TXN000938,PRD0022,1,697.51,0,697.51
ITEM0001437,TXN000938,PRD0022,1,697.51,0,697.51
ITEM0001438,TXN000939,PRD0031,1,263.54,0,263.54
ITEM0001439,TXN000940,PRD0003,1,547.04,0.08,503.28
ITEM0001440,TXN000941,PRD0009,1,684.34,0.15,581.69
ITEM0001441,TXN000942,PRD0051,1,93.12,0.12,81.95
ITEM0001442,TXN000943,PRD0014,1,601.24,0,601.24
ITEM0001443,TXN000943,PRD0002,1,682.27,0.12,600.4
ITEM0001444,TXN000944,PRD0004,2,895.9,0,1791.8
ITEM0001445,TXN000944,PRD0011,1,1081.28,0,1081.28
ITEM0001446,TXN000945,PRD0015,1,1088.95,0.15,925.61
ITEM0001447,TXN000946,PRD0016,2,1011.7,0,2023.4
ITEM0001448,TXN000946,PRD0015,1,1088.95,0,1088.95
ITEM0001449,TXN000947,PRD0006,1,670.27,0,670.27
ITEM0001450,TXN000948,PRD0012,1,696.97,0,696.97
ITEM0001451,TXN000949,PRD0018,1,965.82,0,965.82
ITEM0001452,TXN000949,PRD0004,1,895.9,0.05,851.11
ITEM0001453,TXN000950,PRD0028,1,250.72,0,250.72
ITEM0001454,TXN000950,PRD0018,1,965.82,0.05,917.53
ITEM0001455,TXN000951,PRD0017,1,911.77,0.1,820.59
ITEM0001456,TXN000951,PRD0008,1,597.78,0,597.78
ITEM0001457,TXN000952,PRD0012,1,696.97,0,696.97
ITEM0001458,TXN000953,PRD0012,1,696.97,0.05,662.12
ITEM0001459,TXN000953,PRD0064,1,332.01,0.08,305.45
ITEM0001460,TXN000953,PRD0003,1,547.04,0.15,464.98
ITEM0001461,TXN000954,PRD0005,1,771.34,0.05,732.77
ITEM0001462,TXN000954,PRD0005,1,771.34,0,771.34
ITEM0001463,TXN000954,PRD0014,1,601.24,0.05,571.18
ITEM0001464,TXN000955,PRD0010,1,916.91,0.08,843.56
ITEM0001465,TXN000955,PRD0013,1,986.04,0.12,867.72
ITEM0001466,TXN000956,PRD0018,1,965.82,0.08,888.55
ITEM0001467,TXN000956,PRD0008,1,597.78,0.1,538.0
ITEM0001468,TXN000957,PRD0015,1,1088.95,0.1,980.06
ITEM0001469,TXN000958,PRD0013,1,986.04,0,986.04
ITEM0001470,TXN000959,PRD0016,1,1011.7,0.1,910.53
ITEM0001471,TXN000960,PRD0002,1,682.27,0,682.27
ITEM0001472,TXN000960,PRD0009,1,684.34,0.12,602.22
ITEM0001473,TXN000961,PRD0034,1,391.51,0,391.51
ITEM0001474,TXN000962,PRD0058,1,419.78,0,419.78
ITEM0001475,TXN000962,PRD0061,1,516.06,0,516.06
ITEM0001476,TXN000963,PRD0069,1,377.5,0.15,320.88
ITEM0001477,TXN000963,PRD0070,2,334.06,0.05,634.71
ITEM0001478,TXN000964,PRD0071,2,523.89,0.1,943.0
ITEM0001479,TXN000965,PRD0062,1,484.0,0.15,411.4
ITEM0001480,TXN000966,PRD0055,1,433.02,0,433.02
ITEM0001481,TXN000966,PRD0055,1,433.02,0.15,368.07
ITEM0001482,TXN000967,PRD0065,1,299.29,0,299.29
ITEM0001483,TXN000968,PRD0065,1,299.29,0,299.29
ITEM0001484,TXN000969,PRD0060,1,556.75,0.08,512.21
ITEM0001485,TXN000970,PRD0003,1,547.04,0,547.04
ITEM0001486,TXN000970,PRD0004,1,895.9,0,895.9
ITEM0001487,TXN000970,PRD0035,2,233.42,0.08,429.49
ITEM0001488,TXN000971,PRD0025,1,1072.0,0.15,911.2
ITEM0001489,TXN000971,PRD0015,1,1088.95,0,1088.95
ITEM0001490,TXN000972,PRD0040,1,561.8,0,561.8
ITEM0001491,TXN000972,PRD0037,1,531.45,0.12,467.68
ITEM0001492,TXN000973,PRD0003,2,547.04,0,1094.08
ITEM0001493,TXN000973,PRD0008,1,597.78,0,597.78
ITEM0001494,TXN000974,PRD0007,2,947.13,0,1894.26
ITEM0001495,TXN000975,PRD0015,1,1088.95,0.05,1034.5
ITEM0001496,TXN000976,PRD0016,1,1011.7,0,1011.7
ITEM0001497,TXN000976,PRD0008,1,597.78,0,597.78
ITEM0001498,TXN000977,PRD0009,1,684.34,0,684.34
ITEM0001499,TXN000978,PRD0001,2,864.11,0.08,1589.96
ITEM0001500,TXN000979,PRD0010,1,916.91,0,916.91
ITEM0001501,TXN000980,PRD0009,1,684.34,0,684.34
ITEM0001502,TXN000980,PRD0006,1,670.27,0,670.27
ITEM0001503,TXN000981,PRD0013,1,986.04,0,986.04
ITEM0001504,TXN000982,PRD0020,1,1171.54,0,1171.54
ITEM0001505,TXN000983,PRD0016,1,1011.7,0,1011.7
ITEM0001506,TXN000984,PRD0044,2,640.34,0.08,1178.23
ITEM0001507,TXN000985,PRD0064,1,332.01,0.12,292.17
ITEM0001508,TXN000985,PRD0004,1,895.9,0.12,788.39
ITEM0001509,TXN000985,PRD0016,1,1011.7,0,1011.7
ITEM0001510,TXN000986,PRD0030,2,216.23,0.15,367.59
ITEM0001511,TXN000986,PRD0066,1,440.6,0,440.6
ITEM0001512,TXN000986,PRD0005,1,771.34,0,771.34
ITEM0001513,TXN000987,PRD0004,1,895.9,0.12,788.39
ITEM0001514,TXN000987,PRD0065,2,299.29,0.08,550.69
ITEM0001515,TXN000988,PRD0063,2,351.51,0,703.02
ITEM0001516,TXN000989,PRD0058,1,419.78,0,419.78
ITEM0001517,TXN000990,PRD0072,2,470.7,0.15,800.19
ITEM0001518,TXN000991,PRD0017,2,911.77,0.12,1604.72
ITEM0001519,TXN000991,PRD0046,1,75.23,0.08,69.21
ITEM0001520,TXN000992,PRD0050,1,80.02,0.12,70.42
ITEM0001521,TXN000992,PRD0048,1,94.61,0,94.61
ITEM0001522,TXN000993,PRD0051,1,93.12,0,93.12
ITEM0001523,TXN000993,PRD0046,1,75.23,0,75.23
ITEM0001524,TXN000993,PRD0044,1,640.34,0,640.34
ITEM0001525,TXN000994,PRD0016,1,1011.7,0,1011.7
ITEM0001526,TXN000994,PRD0023,1,1103.32,0,1103.32
ITEM0001527,TXN000994,PRD0034,2,391.51,0.05,743.87
ITEM0001528,TXN000995,PRD0023,2,1103.32,0.15,1875.64
ITEM0001529,TXN000996,PRD0052,2,80.35,0,160.7
ITEM0001530,TXN000997,PRD0026,1,947.34,0.12,833.66
ITEM0001531,TXN000997,PRD0029,1,355.31,0,355.31
ITEM0001532,TXN000997,PRD0029,1,355.31,0,355.31
ITEM0001533,TXN000998,PRD0029,1,355.31,0.05,337.54
ITEM0001534,TXN000999,PRD0007,1,947.13,0,947.13
ITEM0001535,TXN001000,PRD0018,1,965.82,0,965.82
ITEM0001536,TXN001000,PRD0019,1,1011.51,0,1011.51
ITEM0001537,TXN001000,PRD0045,1,559.98,0,559.98
ITEM0001538,TXN001001,PRD0017,1,911.77,0.12,802.36
ITEM0001539,TXN001001,PRD0065,1,299.29,0,299.29
ITEM0001540,TXN001002,PRD0012,1,696.97,0.05,662.12
ITEM0001541,TXN001002,PRD0048,1,94.61,0.1,85.15
ITEM0001542,TXN001003,PRD0004,1,895.9,0.12,788.39
ITEM0001543,TXN001004,PRD0023,1,1103.32,0.1,992.99
ITEM0001544,TXN001005,PRD0057,1,621.24,0,621.24
ITEM0001545,TXN001005,PRD0066,1,440.6,0,440.6
ITEM0001546,TXN001006,PRD0012,1,696.97,0,696.97
ITEM0001547,TXN001007,PRD0026,1,947.34,0,947.34
ITEM0001548,TXN001008,PRD0015,1,1088.95,0,1088.95
ITEM0001549,TXN001009,PRD0003,1,547.04,0.15,464.98
ITEM0001550,TXN001009,PRD0014,1,601.24,0,601.24
ITEM0001551,TXN001010,PRD0035,1,233.42,0.12,205.41
ITEM0001552,TXN001010,PRD0007,1,947.13,0,947.13
ITEM0001553,TXN001011,PRD0068,1,481.55,0.12,423.76
ITEM0001554,TXN001012,PRD0071,1,523.89,0,523.89
ITEM0001555,TXN001012,PRD0048,1,94.61,0.15,80.42
ITEM0001556,TXN001012,PRD0038,1,457.54,0,457.54
ITEM0001557,TXN001013,PRD0054,1,83.36,0,83.36
ITEM0001558,TXN001014,PRD0065,1,299.29,0.1,269.36
ITEM0001559,TXN001014,PRD0055,1,433.02,0.15,368.07
ITEM0001560,TXN001015,PRD0034,1,391.51,0,391.51
ITEM0001561,TXN001016,PRD0040,1,561.8,0.15,477.53
ITEM0001562,TXN001017,PRD0037,1,531.45,0.15,451.73
ITEM0001563,TXN001017,PRD0041,1,379.86,0.08,349.47
ITEM0001564,TXN001018,PRD0046,1,75.23,0,75.23
ITEM0001565,TXN001019,PRD0047,1,80.8,0,80.8
ITEM0001566,TXN001020,PRD0052,2,80.35,0,160.7
ITEM0001567,TXN001021,PRD0052,1,80.35,0,80.35
ITEM0001568,TXN001022,PRD0043,1,466.09,0.05,442.79
ITEM0001569,TXN001023,PRD0034,1,391.51,0.08,360.19
ITEM0001570,TXN001023,PRD0027,1,993.9,0,993.9
ITEM0001571,TXN001024,PRD0051,1,93.12,0,93.12
ITEM0001572,TXN001024,PRD0045,1,559.98,0,559.98
ITEM0001573,TXN001025,PRD0036,1,359.94,0.05,341.94
ITEM0001574,TXN001026,PRD0072,1,470.7,0.1,423.63
ITEM0001575,TXN001027,PRD0043,1,466.09,0,466.09
ITEM0001576,TXN001027,PRD0051,1,93.12,0.12,81.95
ITEM0001577,TXN001028,PRD0043,1,466.09,0.15,396.18
ITEM0001578,TXN001029,PRD0051,2,93.12,0.12,163.89
ITEM0001579,TXN001029,PRD0047,1,80.8,0,80.8
ITEM0001580,TXN001030,PRD0044,2,640.34,0,1280.68
ITEM0001581,TXN001031,PRD0048,2,94.61,0.12,166.51
ITEM0001582,TXN001032,PRD0054,1,83.36,0,83.36
ITEM0001583,TXN001033,PRD0002,1,682.27,0.1,614.04
ITEM0001584,TXN001034,PRD0016,1,1011.7,0,1011.7
ITEM0001585,TXN001035,PRD0024,1,1107.82,0.15,941.65
ITEM0001586,TXN001035,PRD0065,1,299.29,0.12,263.38
ITEM0001587,TXN001036,PRD0068,2,481.55,0,963.1
ITEM0001588,TXN001037,PRD0071,1,523.89,0,523.89
ITEM0001589,TXN001037,PRD0069,1,377.5,0.08,347.3
ITEM0001590,TXN001038,PRD0001,1,864.11,0,864.11
ITEM0001591,TXN001039,PRD0035,1,233.42,0.15,198.41
ITEM0001592,TXN001039,PRD0065,1,299.29,0,299.29
ITEM0001593,TXN001040,PRD0070,1,334.06,0.1,300.65
ITEM0001594,TXN001041,PRD0056,2,516.08,0,1032.16
ITEM0001595,TXN001042,PRD0054,1,83.36,0,83.36
ITEM0001596,TXN001043,PRD0014,1,601.24,0,601.24
ITEM0001597,TXN001044,PRD0003,1,547.04,0,547.04
ITEM0001598,TXN001044,PRD0018,1,965.82,0,965.82
ITEM0001599,TXN001045,PRD0011,2,1081.28,0.12,1903.05
ITEM0001600,TXN001045,PRD0032,1,360.62,0,360.62
ITEM0001601,TXN001046,PRD0041,1,379.86,0.12,334.28
ITEM0001602,TXN001047,PRD0069,1,377.5,0.1,339.75
ITEM0001603,TXN001047,PRD0016,1,1011.7,0,1011.7
ITEM0001604,TXN001047,PRD0002,1,682.27,0,682.27
ITEM0001605,TXN001048,PRD0051,1,93.12,0.15,79.15
ITEM0001606,TXN001049,PRD0020,1,1171.54,0.1,1054.39
ITEM0001607,TXN001050,PRD0021,1,944.7,0,944.7
ITEM0001608,TXN001050,PRD0045,1,559.98,0,559.98
ITEM0001609,TXN001051,PRD0035,1,233.42,0,233.42
ITEM0001610,TXN001051,PRD0069,1,377.5,0,377.5
ITEM0001611,TXN001052,PRD0024,1,1107.82,0,1107.82
ITEM0001612,TXN001053,PRD0036,1,359.94,0,359.94
ITEM0001613,TXN001053,PRD0031,1,263.54,0,263.54
ITEM0001614,TXN001054,PRD0025,1,1072.0,0.15,911.2
ITEM0001615,TXN001055,PRD0022,1,697.51,0,697.51
ITEM0001616,TXN001055,PRD0021,2,944.7,0.15,1605.99
ITEM0001617,TXN001056,PRD0002,1,682.27,0,682.27
ITEM0001618,TXN001057,PRD0019,1,1011.51,0,1011.51
ITEM0001619,TXN001058,PRD0024,1,1107.82,0,1107.82
ITEM0001620,TXN001058,PRD0036,1,359.94,0,359.94
ITEM0001621,TXN001059,PRD0028,1,250.72,0.1,225.65
ITEM0001622,TXN001060,PRD0029,1,355.31,0.12,312.67
ITEM0001623,TXN001061,PRD0030,2,216.23,0.08,397.86
ITEM0001624,TXN001061,PRD0022,1,697.51,0.12,613.81
ITEM0001625,TXN001062,PRD0031,1,263.54,0.05,250.36
ITEM0001626,TXN001062,PRD0026,2,947.34,0.05,1799.95
ITEM0001627,TXN001062,PRD0063,1,351.51,0.12,309.33
ITEM0001628,TXN001063,PRD0027,1,993.9,0,993.9
ITEM0001629,TXN001063,PRD0032,1,360.62,0.15,306.53
ITEM0001630,TXN001063,PRD0015,2,1088.95,0,2177.9
ITEM0001631,TXN001064,PRD0023,2,1103.32,0.15,1875.64
ITEM0001632,TXN001065,PRD0034,1,391.51,0,391.51
ITEM0001633,TXN001065,PRD0030,2,216.23,0.15,367.59
ITEM0001634,TXN001066,PRD0020,1,1171.54,0,1171.54
ITEM0001635,TXN001067,PRD0036,1,359.94,0.1,323.95
ITEM0001636,TXN001067,PRD0022,1,697.51,0.15,592.88
ITEM0001637,TXN001067,PRD0023,1,1103.32,0,1103.32
ITEM0001638,TXN001068,PRD0023,1,1103.32,0,1103.32
ITEM0001639,TXN001069,PRD0058,1,419.78,0.1,377.8
ITEM0001640,TXN001069,PRD0069,1,377.5,0.05,358.63
ITEM0001641,TXN001070,PRD0067,1,298.53,0,298.53
ITEM0001642,TXN001071,PRD0009,1,684.34,0.08,629.59
ITEM0001643,TXN001072,PRD0057,1,621.24,0.15,528.05
ITEM0001644,TXN001073,PRD0028,1,250.72,0.08,230.66
ITEM0001645,TXN001074,PRD0062,1,484.0,0,484.0
ITEM0001646,TXN001074,PRD0013,1,986.04,0,986.04
ITEM0001647,TXN001075,PRD0029,1,355.31,0.05,337.54
ITEM0001648,TXN001076,PRD0036,1,359.94,0.08,331.14
ITEM0001649,TXN001077,PRD0063,1,351.51,0.05,333.93
ITEM0001650,TXN001077,PRD0054,1,83.36,0.08,76.69
ITEM0001651,TXN001078,PRD0065,2,299.29,0,598.58
ITEM0001652,TXN001079,PRD0066,1,440.6,0.05,418.57
ITEM0001653,TXN001079,PRD0019,1,1011.51,0,1011.51
ITEM0001654,TXN001080,PRD0001,1,864.11,0,864.11
ITEM0001655,TXN001081,PRD0006,1,670.27,0.08,616.65
ITEM0001656,TXN001081,PRD0035,1,233.42,0.1,210.08
ITEM0001657,TXN001082,PRD0024,1,1107.82,0,1107.82
ITEM0001658,TXN001083,PRD0034,1,391.51,0,391.51
ITEM0001659,TXN001084,PRD0027,1,993.9,0,993.9
ITEM0001660,TXN001084,PRD0026,1,947.34,0,947.34
ITEM0001661,TXN001085,PRD0044,1,640.34,0,640.34
ITEM0001662,TXN001085,PRD0021,2,944.7,0.05,1794.93
ITEM0001663,TXN001086,PRD0054,1,83.36,0,83.36
ITEM0001664,TXN001086,PRD0049,1,88.64,0,88.64
ITEM0001665,TXN001087,PRD0039,1,685.21,0,685.21
ITEM0001666,TXN001088,PRD0048,1,94.61,0.08,87.04
ITEM0001667,TXN001089,PRD0067,1,298.53,0.12,262.71
ITEM0001668,TXN001090,PRD0024,2,1107.82,0.15,1883.29
ITEM0001669,TXN001090,PRD0034,1,391.51,0,391.51
ITEM0001670,TXN001091,PRD0029,1,355.31,0.08,326.89
ITEM0001671,TXN001091,PRD0028,1,250.72,0,250.72
ITEM0001672,TXN001092,PRD0031,1,263.54,0,263.54
ITEM0001673,TXN001093,PRD0028,1,250.72,0,250.72
ITEM0001674,TXN001094,PRD0004,1,895.9,0.15,761.52
ITEM0001675,TXN001094,PRD0028,1,250.72,0,250.72
ITEM0001676,TXN001095,PRD0015,1,1088.95,0,1088.95
ITEM0001677,TXN001096,PRD0031,1,263.54,0,263.54
ITEM0001678,TXN001097,PRD0024,1,1107.82,0.12,974.88
ITEM0001679,TXN001098,PRD0028,2,250.72,0,501.44
ITEM0001680,TXN001098,PRD0023,1,1103.32,0,1103.32
ITEM0001681,TXN001099,PRD0026,2,947.34,0,1894.68
ITEM0001682,TXN001100,PRD0027,1,993.9,0.08,914.39
ITEM0001683,TXN001100,PRD0034,1,391.51,0.15,332.78
ITEM0001684,TXN001101,PRD0012,1,696.97,0.05,662.12
ITEM0001685,TXN001101,PRD0018,1,965.82,0,965.82
ITEM0001686,TXN001102,PRD0001,1,864.11,0,864.11
ITEM0001687,TXN001102,PRD0010,2,916.91,0,1833.82
ITEM0001688,TXN001103,PRD0001,1,864.11,0.05,820.9
ITEM0001689,TXN001104,PRD0056,1,516.08,0.1,464.47
ITEM0001690,TXN001104,PRD0018,1,965.82,0.05,917.53
ITEM0001691,TXN001105,PRD0005,1,771.34,0,771.34
ITEM0001692,TXN001105,PRD0017,1,911.77,0.12,802.36
ITEM0001693,TXN001106,PRD0062,1,484.0,0.1,435.6
ITEM0001694,TXN001106,PRD0017,1,911.77,0,911.77
ITEM0001695,TXN001107,PRD0042,1,471.23,0.08,433.53
ITEM0001696,TXN001108,PRD0014,1,601.24,0,601.24
ITEM0001697,TXN001109,PRD0002,1,682.27,0,682.27
ITEM0001698,TXN001110,PRD0008,2,597.78,0.08,1099.92
ITEM0001699,TXN001110,PRD0010,1,916.91,0.12,806.88
ITEM0001700,TXN001110,PRD0017,1,911.77,0,911.77
ITEM0001701,TXN001111,PRD0007,1,947.13,0.05,899.77
ITEM0001702,TXN001112,PRD0025,1,1072.0,0.05,1018.4
ITEM0001703,TXN001112,PRD0036,1,359.94,0.15,305.95
ITEM0001704,TXN001113,PRD0031,1,263.54,0,263.54
ITEM0001705,TXN001113,PRD0021,1,944.7,0.15,803.0
ITEM0001706,TXN001114,PRD0026,2,947.34,0,1894.68
ITEM0001707,TXN001114,PRD0031,1,263.54,0.15,224.01
ITEM0001708,TXN001115,PRD0041,1,379.86,0,379.86
ITEM0001709,TXN001116,PRD0045,1,559.98,0.12,492.78
ITEM0001710,TXN001116,PRD0038,1,457.54,0,457.54
ITEM0001711,TXN001117,PRD0039,1,685.21,0,685.21
ITEM0001712,TXN001117,PRD0050,1,80.02,0,80.02
ITEM0001713,TXN001117,PRD0053,2,62.29,0,124.58
ITEM0001714,TXN001118,PRD0046,1,75.23,0.08,69.21
ITEM0001715,TXN001118,PRD0013,1,986.04,0,986.04
ITEM0001716,TXN001119,PRD0045,1,559.98,0.1,503.98
ITEM0001717,TXN001120,PRD0034,1,391.51,0.1,352.36
ITEM0001718,TXN001120,PRD0026,1,947.34,0.08,871.55
ITEM0001719,TXN001120,PRD0015,1,1088.95,0,1088.95
ITEM0001720,TXN001121,PRD0001,2,864.11,0.12,1520.83
ITEM0001721,TXN001122,PRD0046,1,75.23,0,75.23
ITEM0001722,TXN001123,PRD0069,1,377.5,0,377.5
ITEM0001723,TXN001123,PRD0016,1,1011.7,0,1011.7
ITEM0001724,TXN001124,PRD0024,2,1107.82,0.08,2038.39
ITEM0001725,TXN001125,PRD0023,1,1103.32,0.08,1015.05
ITEM0001726,TXN001126,PRD0032,1,360.62,0.08,331.77
ITEM0001727,TXN001127,PRD0036,1,359.94,0,359.94
ITEM0001728,TXN001128,PRD0027,1,993.9,0,993.9
ITEM0001729,TXN001129,PRD0001,2,864.11,0.05,1641.81
ITEM0001730,TXN001130,PRD0018,1,965.82,0.15,820.95
ITEM0001731,TXN001131,PRD0052,1,80.35,0,80.35
ITEM0001732,TXN001132,PRD0018,1,965.82,0,965.82
ITEM0001733,TXN001133,PRD0014,1,601.24,0.08,553.14
ITEM0001734,TXN001134,PRD0022,1,697.51,0,697.51
ITEM0001735,TXN001135,PRD0012,1,696.97,0.12,613.33
ITEM0001736,TXN001136,PRD0009,2,684.34,0.05,1300.25
ITEM0001737,TXN001137,PRD0004,1,895.9,0.12,788.39
ITEM0001738,TXN001138,PRD0006,1,670.27,0,670.27
ITEM0001739,TXN001139,PRD0015,1,1088.95,0,1088.95
ITEM0001740,TXN001139,PRD0003,1,547.04,0,547.04
ITEM0001741,TXN001140,PRD0036,1,359.94,0.15,305.95
ITEM0001742,TXN001141,PRD0018,1,965.82,0.05,917.53
ITEM0001743,TXN001142,PRD0070,1,334.06,0,334.06
ITEM0001744,TXN001142,PRD0026,1,947.34,0,947.34
ITEM0001745,TXN001143,PRD0021,1,944.7,0,944.7
ITEM0001746,TXN001144,PRD0025,1,1072.0,0,1072.0
ITEM0001747,TXN001144,PRD0028,1,250.72,0,250.72
ITEM0001748,TXN001144,PRD0062,1,484.0,0,484.0
ITEM0001749,TXN001145,PRD0027,1,993.9,0,993.9
ITEM0001750,TXN001146,PRD0027,1,993.9,0,993.9
ITEM0001751,TXN001146,PRD0020,1,1171.54,0,1171.54
ITEM0001752,TXN001146,PRD0027,1,993.9,0,993.9
ITEM0001753,TXN001147,PRD0036,1,359.94,0.15,305.95
ITEM0001754,TXN001147,PRD0051,1,93.12,0,93.12
ITEM0001755,TXN001147,PRD0023,2,1103.32,0,2206.64
ITEM0001756,TXN001148,PRD0021,1,944.7,0,944.7
ITEM0001757,TXN001148,PRD0029,1,355.31,0.05,337.54
ITEM0001758,TXN001149,PRD0041,1,379.86,0,379.86
ITEM0001759,TXN001150,PRD0034,1,391.51,0.15,332.78
ITEM0001760,TXN001151,PRD0035,2,233.42,0,466.84
ITEM0001761,TXN001151,PRD0027,1,993.9,0.08,914.39
ITEM0001762,TXN001152,PRD0011,1,1081.28,0.08,994.78
ITEM0001763,TXN001152,PRD0035,1,233.42,0.12,205.41
ITEM0001764,TXN001153,PRD0042,2,471.23,0,942.46
ITEM0001765,TXN001153,PRD0044,1,640.34,0,640.34
ITEM0001766,TXN001154,PRD0006,1,670.27,0.1,603.24
ITEM0001767,TXN001155,PRD0043,1,466.09,0,466.09
ITEM0001768,TXN001155,PRD0038,1,457.54,0,457.54
ITEM0001769,TXN001156,PRD0043,1,466.09,0.12,410.16
ITEM0001770,TXN001157,PRD0049,1,88.64,0,88.64
ITEM0001771,TXN001158,PRD0040,1,561.8,0.08,516.86
ITEM0001772,TXN001159,PRD0043,1,466.09,0,466.09
ITEM0001773,TXN001160,PRD0053,2,62.29,0.08,114.61
ITEM0001774,TXN001160,PRD0045,1,559.98,0.15,475.98
ITEM0001775,TXN001161,PRD0068,1,481.55,0,481.55
ITEM0001776,TXN001161,PRD0063,1,351.51,0,351.51
ITEM0001777,TXN001162,PRD0055,1,433.02,0.1,389.72
ITEM0001778,TXN001162,PRD0072,1,470.7,0,470.7
ITEM0001779,TXN001163,PRD0063,1,351.51,0,351.51
ITEM0001780,TXN001163,PRD0056,1,516.08,0,516.08
ITEM0001781,TXN001163,PRD0069,1,377.5,0,377.5
ITEM0001782,TXN001164,PRD0070,1,334.06,0,334.06
ITEM0001783,TXN001165,PRD0002,1,682.27,0.12,600.4
ITEM0001784,TXN001166,PRD0069,1,377.5,0.1,339.75
ITEM0001785,TXN001167,PRD0001,1,864.11,0,864.11
ITEM0001786,TXN001167,PRD0012,1,696.97,0,696.97
ITEM0001787,TXN001168,PRD0006,2,670.27,0,1340.54
ITEM0001788,TXN001168,PRD0023,1,1103.32,0,1103.32
ITEM0001789,TXN001169,PRD0049,1,88.64,0,88.64
ITEM0001790,TXN001169,PRD0039,1,685.21,0,685.21
ITEM0001791,TXN001169,PRD0043,2,466.09,0,932.18
ITEM0001792,TXN001170,PRD0013,1,986.04,0,986.04
ITEM0001793,TXN001171,PRD0041,1,379.86,0,379.86
ITEM0001794,TXN001172,PRD0046,1,75.23,0,75.23
ITEM0001795,TXN001173,PRD0054,1,83.36,0,83.36
ITEM0001796,TXN001173,PRD0041,1,379.86,0.05,360.87
ITEM0001797,TXN001174,PRD0050,1,80.02,0,80.02
ITEM0001798,TXN001175,PRD0048,1,94.61,0.1,85.15
ITEM0001799,TXN001176,PRD0013,2,986.04,0.1,1774.87
ITEM0001800,TXN001176,PRD0010,1,916.91,0,916.91
ITEM0001801,TXN001177,PRD0003,1,547.04,0.15,464.98
ITEM0001802,TXN001178,PRD0023,1,1103.32,0,1103.32
ITEM0001803,TXN001178,PRD0071,2,523.89,0.12,922.05
ITEM0001804,TXN001179,PRD0027,1,993.9,0.12,874.63
ITEM0001805,TXN001180,PRD0004,1,895.9,0.15,761.52
ITEM0001806,TXN001180,PRD0035,1,233.42,0.08,214.75
ITEM0001807,TXN001180,PRD0034,1,391.51,0.1,352.36
ITEM0001808,TXN001181,PRD0021,1,944.7,0.15,803.0
ITEM0001809,TXN001181,PRD0024,2,1107.82,0,2215.64
ITEM0001810,TXN001182,PRD0066,1,440.6,0,440.6
ITEM0001811,TXN001182,PRD0063,2,351.51,0.15,597.57
ITEM0001812,TXN001183,PRD0014,1,601.24,0.15,511.05
ITEM0001813,TXN001184,PRD0070,1,334.06,0,334.06
ITEM0001814,TXN001184,PRD0063,1,351.51,0,351.51
ITEM0001815,TXN001184,PRD0060,1,556.75,0,556.75
ITEM0001816,TXN001185,PRD0035,1,233.42,0.05,221.75
ITEM0001817,TXN001185,PRD0002,1,682.27,0,682.27
ITEM0001818,TXN001186,PRD0027,1,993.9,0,993.9
ITEM0001819,TXN001187,PRD0035,1,233.42,0,233.42
ITEM0001820,TXN001188,PRD0036,1,359.94,0,359.94
ITEM0001821,TXN001188,PRD0029,1,355.31,0,355.31
ITEM0001822,TXN001188,PRD0019,1,1011.51,0,1011.51
ITEM0001823,TXN001189,PRD0020,1,1171.54,0.12,1030.96
ITEM0001824,TXN001190,PRD0049,1,88.64,0,88.64
ITEM0001825,TXN001190,PRD0023,1,1103.32,0.15,937.82
ITEM0001826,TXN001190,PRD0021,1,944.7,0.05,897.47
ITEM0001827,TXN001191,PRD0028,2,250.72,0.12,441.27
ITEM0001828,TXN001191,PRD0034,1,391.51,0.1,352.36
ITEM0001829,TXN001192,PRD0020,1,1171.54,0,1171.54
ITEM0001830,TXN001193,PRD0040,1,561.8,0,561.8
ITEM0001831,TXN001193,PRD0024,1,1107.82,0,1107.82
ITEM0001832,TXN001194,PRD0030,1,216.23,0,216.23
ITEM0001833,TXN001195,PRD0009,1,684.34,0,684.34
ITEM0001834,TXN001195,PRD0008,1,597.78,0,597.78
ITEM0001835,TXN001196,PRD0061,1,516.06,0.15,438.65
ITEM0001836,TXN001196,PRD0004,1,895.9,0,895.9
ITEM0001837,TXN001197,PRD0003,1,547.04,0,547.04
ITEM0001838,TXN001197,PRD0004,1,895.9,0,895.9
ITEM0001839,TXN001197,PRD0017,1,911.77,0,911.77
ITEM0001840,TXN001198,PRD0001,1,864.11,0,864.11
ITEM0001841,TXN001198,PRD0009,1,684.34,0,684.34
ITEM0001842,TXN001199,PRD0016,1,1011.7,0.15,859.95
ITEM0001843,TXN001200,PRD0057,1,621.24,0.1,559.12
ITEM0001844,TXN001200,PRD0061,1,516.06,0.08,474.78
ITEM0001845,TXN001201,PRD0061,1,516.06,0.15,438.65
ITEM0001846,TXN001202,PRD0052,1,80.35,0,80.35
ITEM0001847,TXN001203,PRD0072,1,470.7,0.1,423.63
ITEM0001848,TXN001203,PRD0059,1,369.05,0,369.05
ITEM0001849,TXN001204,PRD0045,1,559.98,0.12,492.78
ITEM0001850,TXN001205,PRD0028,1,250.72,0.15,213.11
ITEM0001851,TXN001205,PRD0024,1,1107.82,0,1107.82
ITEM0001852,TXN001206,PRD0004,1,895.9,0.1,806.31
ITEM0001853,TXN001207,PRD0054,1,83.36,0,83.36
ITEM0001854,TXN001207,PRD0018,1,965.82,0.12,849.92
ITEM0001855,TXN001207,PRD0009,1,684.34,0,684.34
ITEM0001856,TXN001208,PRD0059,1,369.05,0,369.05
ITEM0001857,TXN001209,PRD0068,1,481.55,0.15,409.32
ITEM0001858,TXN001210,PRD0051,1,93.12,0,93.12
ITEM0001859,TXN001211,PRD0047,1,80.8,0,80.8
ITEM0001860,TXN001211,PRD0039,2,685.21,0,1370.42
ITEM0001861,TXN001211,PRD0047,1,80.8,0,80.8
ITEM0001862,TXN001212,PRD0066,2,440.6,0,881.2
ITEM0001863,TXN001212,PRD0038,1,457.54,0.15,388.91
ITEM0001864,TXN001213,PRD0052,1,80.35,0,80.35
ITEM0001865,TXN001214,PRD0039,1,685.21,0.05,650.95
ITEM0001866,TXN001214,PRD0053,1,62.29,0.08,57.31
ITEM0001867,TXN001215,PRD0048,1,94.61,0,94.61
ITEM0001868,TXN001215,PRD0046,1,75.23,0.15,63.95
ITEM0001869,TXN001215,PRD0050,2,80.02,0,160.04
ITEM0001870,TXN001216,PRD0011,1,1081.28,0,1081.28
ITEM0001871,TXN001216,PRD0014,1,601.24,0.12,529.09
ITEM0001872,TXN001217,PRD0003,1,547.04,0.15,464.98
ITEM0001873,TXN001218,PRD0003,1,547.04,0,547.04
ITEM0001874,TXN001219,PRD0002,1,682.27,0,682.27
ITEM0001875,TXN001219,PRD0003,1,547.04,0,547.04
ITEM0001876,TXN001219,PRD0044,2,640.34,0,1280.68
ITEM0001877,TXN001220,PRD0005,2,771.34,0,1542.68
ITEM0001878,TXN001220,PRD0024,1,1107.82,0,1107.82
ITEM0001879,TXN001221,PRD0012,1,696.97,0.1,627.27
ITEM0001880,TXN001221,PRD0008,1,597.78,0.08,549.96
ITEM0001881,TXN001221,PRD0014,2,601.24,0.1,1082.23
ITEM0001882,TXN001222,PRD0051,2,93.12,0,186.24
ITEM0001883,TXN001223,PRD0003,2,547.04,0,1094.08
ITEM0001884,TXN001224,PRD0012,1,696.97,0,696.97
ITEM0001885,TXN001224,PRD0048,1,94.61,0.1,85.15
ITEM0001886,TXN001225,PRD0001,1,864.11,0.08,794.98
ITEM0001887,TXN001226,PRD0014,1,601.24,0.05,571.18
ITEM0001888,TXN001227,PRD0013,1,986.04,0,986.04
ITEM0001889,TXN001227,PRD0016,2,1011.7,0,2023.4
ITEM0001890,TXN001228,PRD0050,1,80.02,0.1,72.02
ITEM0001891,TXN001228,PRD0038,1,457.54,0,457.54
ITEM0001892,TXN001229,PRD0038,2,457.54,0,915.08
ITEM0001893,TXN001229,PRD0011,1,1081.28,0,1081.28
ITEM0001894,TXN001230,PRD0058,1,419.78,0.15,356.81
ITEM0001895,TXN001230,PRD0064,1,332.01,0.15,282.21
ITEM0001896,TXN001231,PRD0051,1,93.12,0,93.12
ITEM0001897,TXN001232,PRD0013,1,986.04,0.1,887.44
ITEM0001898,TXN001233,PRD0022,1,697.51,0,697.51
ITEM0001899,TXN001234,PRD0025,2,1072.0,0,2144.0
ITEM0001900,TXN001235,PRD0040,1,561.8,0,561.8
ITEM0001901,TXN001236,PRD0048,2,94.61,0,189.22
ITEM0001902,TXN001237,PRD0048,1,94.61,0,94.61
ITEM0001903,TXN001238,PRD0038,1,457.54,0.15,388.91
ITEM0001904,TXN001238,PRD0048,1,94.61,0.1,85.15
ITEM0001905,TXN001239,PRD0054,1,83.36,0.15,70.86
ITEM0001906,TXN001239,PRD0037,1,531.45,0,531.45
ITEM0001907,TXN001240,PRD0042,1,471.23,0.12,414.68
ITEM0001908,TXN001240,PRD0040,1,561.8,0,561.8
ITEM0001909,TXN001241,PRD0040,1,561.8,0,561.8
ITEM0001910,TXN001241,PRD0049,1,88.64,0,88.64
ITEM0001911,TXN001241,PRD0043,2,466.09,0,932.18
ITEM0001912,TXN001242,PRD0048,2,94.61,0,189.22
ITEM0001913,TXN001243,PRD0002,1,682.27,0.12,600.4
ITEM0001914,TXN001244,PRD0051,1,93.12,0.05,88.46
ITEM0001915,TXN001244,PRD0012,1,696.97,0.12,613.33
ITEM0001916,TXN001245,PRD0008,2,597.78,0.08,1099.92
ITEM0001917,TXN001246,PRD0045,1,559.98,0.12,492.78
ITEM0001918,TXN001246,PRD0054,1,83.36,0,83.36
ITEM0001919,TXN001247,PRD0042,1,471.23,0,471.23
ITEM0001920,TXN001248,PRD0038,1,457.54,0,457.54
ITEM0001921,TXN001249,PRD0035,1,233.42,0,233.42
ITEM0001922,TXN001249,PRD0050,2,80.02,0.05,152.04
ITEM0001923,TXN001250,PRD0039,1,685.21,0,685.21
ITEM0001924,TXN001250,PRD0049,1,88.64,0,88.64
ITEM0001925,TXN001251,PRD0048,2,94.61,0,189.22
ITEM0001926,TXN001252,PRD0049,1,88.64,0,88.64
ITEM0001927,TXN001252,PRD0018,2,965.82,0.05,1835.06
ITEM0001928,TXN001253,PRD0023,1,1103.32,0,1103.32
ITEM0001929,TXN001254,PRD0057,1,621.24,0,621.24
ITEM0001930,TXN001255,PRD0054,1,83.36,0.12,73.36
ITEM0001931,TXN001256,PRD0032,2,360.62,0.15,613.05
ITEM0001932,TXN001257,PRD0044,1,640.34,0,640.34
ITEM0001933,TXN001258,PRD0039,1,685.21,0,685.21
ITEM0001934,TXN001258,PRD0037,1,531.45,0,531.45
ITEM0001935,TXN001258,PRD0051,1,93.12,0,93.12
ITEM0001936,TXN001259,PRD0059,1,369.05,0,369.05
ITEM0001937,TXN001260,PRD0030,1,216.23,0.05,205.42
ITEM0001938,TXN001260,PRD0030,1,216.23,0.1,194.61
ITEM0001939,TXN001260,PRD0019,1,1011.51,0,1011.51
ITEM0001940,TXN001261,PRD0036,1,359.94,0,359.94
ITEM0001941,TXN001262,PRD0062,1,484.0,0,484.0
ITEM0001942,TXN001263,PRD0059,1,369.05,0,369.05
ITEM0001943,TXN001264,PRD0060,2,556.75,0,1113.5
ITEM0001944,TXN001264,PRD0070,2,334.06,0,668.12
ITEM0001945,TXN001265,PRD0020,1,1171.54,0,1171.54
ITEM0001946,TXN001266,PRD0026,1,947.34,0,947.34
ITEM0001947,TXN001267,PRD0022,1,697.51,0,697.51
ITEM0001948,TXN001268,PRD0029,1,355.31,0,355.31
ITEM0001949,TXN001268,PRD0024,1,1107.82,0.12,974.88
ITEM0001950,TXN001268,PRD0019,1,1011.51,0,1011.51
ITEM0001951,TXN001269,PRD0072,1,470.7,0,470.7
ITEM0001952,TXN001270,PRD0041,1,379.86,0,379.86
ITEM0001953,TXN001271,PRD0014,1,601.24,0,601.24
ITEM0001954,TXN001272,PRD0034,1,391.51,0,391.51
ITEM0001955,TXN001273,PRD0061,1,516.06,0,516.06
ITEM0001956,TXN001274,PRD0050,2,80.02,0,160.04
ITEM0001957,TXN001275,PRD0057,1,621.24,0,621.24
ITEM0001958,TXN001275,PRD0051,1,93.12,0.08,85.67
ITEM0001959,TXN001276,PRD0040,1,561.8,0.08,516.86
ITEM0001960,TXN001277,PRD0012,2,696.97,0.15,1184.85
ITEM0001961,TXN001278,PRD0047,1,80.8,0.1,72.72
ITEM0001962,TXN001278,PRD0038,2,457.54,0,915.08
ITEM0001963,TXN001279,PRD0069,2,377.5,0.12,664.4
ITEM0001964,TXN001279,PRD0068,1,481.55,0,481.55
ITEM0001965,TXN001280,PRD0008,1,597.78,0,597.78
ITEM0001966,TXN001281,PRD0012,2,696.97,0.1,1254.55
ITEM0001967,TXN001282,PRD0002,1,682.27,0.1,614.04
ITEM0001968,TXN001283,PRD0010,1,916.91,0,916.91
ITEM0001969,TXN001283,PRD0014,1,601.24,0.15,511.05
ITEM0001970,TXN001284,PRD0061,1,516.06,0,516.06
ITEM0001971,TXN001285,PRD0045,1,559.98,0.15,475.98
ITEM0001972,TXN001286,PRD0049,1,88.64,0,88.64
ITEM0001973,TXN001286,PRD0047,2,80.8,0,161.6
ITEM0001974,TXN001287,PRD0038,2,457.54,0,915.08
ITEM0001975,TXN001287,PRD0043,1,466.09,0,466.09
ITEM0001976,TXN001288,PRD0040,2,561.8,0.12,988.77
ITEM0001977,TXN001288,PRD0044,1,640.34,0,640.34
ITEM0001978,TXN001289,PRD0054,1,83.36,0.15,70.86
ITEM0001979,TXN001290,PRD0048,1,94.61,0.15,80.42
ITEM0001980,TXN001291,PRD0062,1,484.0,0,484.0
ITEM0001981,TXN001292,PRD0066,1,440.6,0,440.6
ITEM0001982,TXN001292,PRD0023,1,1103.32,0,1103.32
ITEM0001983,TXN001293,PRD0047,2,80.8,0.08,148.67
ITEM0001984,TXN001294,PRD0054,1,83.36,0.12,73.36
ITEM0001985,TXN001295,PRD0049,1,88.64,0.1,79.78
ITEM0001986,TXN001296,PRD0037,1,531.45,0.05,504.88
ITEM0001987,TXN001296,PRD0054,1,83.36,0,83.36
ITEM0001988,TXN001297,PRD0050,1,80.02,0,80.02
ITEM0001989,TXN001297,PRD0050,1,80.02,0,80.02
ITEM0001990,TXN001297,PRD0039,1,685.21,0,685.21
ITEM0001991,TXN001298,PRD0067,2,298.53,0,597.06
ITEM0001992,TXN001298,PRD0010,2,916.91,0.1,1650.44
ITEM0001993,TXN001298,PRD0070,1,334.06,0,334.06
ITEM0001994,TXN001299,PRD0020,1,1171.54,0,1171.54
ITEM0001995,TXN001299,PRD0041,1,379.86,0.12,334.28
ITEM0001996,TXN001299,PRD0049,1,88.64,0,88.64
ITEM0001997,TXN001300,PRD0044,1,640.34,0,640.34
ITEM0001998,TXN001300,PRD0014,1,601.24,0.1,541.12
ITEM0001999,TXN001301,PRD0022,1,697.51,0.12,613.81
ITEM0002000,TXN001301,PRD0049,1,88.64,0.08,81.55
ITEM0002001,TXN001302,PRD0055,1,433.02,0.15,368.07
ITEM0002002,TXN001302,PRD0037,1,531.45,0.15,451.73
ITEM0002003,TXN001302,PRD0063,1,351.51,0,351.51
ITEM0002004,TXN001303,PRD0017,1,911.77,0.05,866.18
ITEM0002005,TXN001303,PRD0048,1,94.61,0,94.61
ITEM0002006,TXN001303,PRD0046,1,75.23,0.08,69.21
ITEM0002007,TXN001304,PRD0011,1,1081.28,0,1081.28
ITEM0002008,TXN001305,PRD0010,1,916.91,0,916.91
ITEM0002009,TXN001306,PRD0011,1,1081.28,0,1081.28
ITEM0002010,TXN001306,PRD0008,1,597.78,0,597.78
ITEM0002011,TXN001307,PRD0007,1,947.13,0,947.13
ITEM0002012,TXN001308,PRD0018,2,965.82,0,1931.64
ITEM0002013,TXN001309,PRD0010,1,916.91,0.1,825.22
ITEM0002014,TXN001310,PRD0069,1,377.5,0.1,339.75
ITEM0002015,TXN001311,PRD0033,1,296.94,0,296.94
ITEM0002016,TXN001311,PRD0032,1,360.62,0,360.62
ITEM0002017,TXN001312,PRD0032,1,360.62,0,360.62
ITEM0002018,TXN001312,PRD0012,1,696.97,0,696.97
ITEM0002019,TXN001313,PRD0020,1,1171.54,0,1171.54
ITEM0002020,TXN001313,PRD0071,1,523.89,0,523.89
ITEM0002021,TXN001314,PRD0023,2,1103.32,0.1,1985.98
ITEM0002022,TXN001314,PRD0020,1,1171.54,0.12,1030.96
ITEM0002023,TXN001315,PRD0022,1,697.51,0,697.51
ITEM0002024,TXN001316,PRD0035,2,233.42,0.15,396.81
ITEM0002025,TXN001316,PRD0019,1,1011.51,0.05,960.93
ITEM0002026,TXN001317,PRD0041,1,379.86,0.05,360.87
ITEM0002027,TXN001318,PRD0045,1,559.98,0.08,515.18
ITEM0002028,TXN001319,PRD0072,1,470.7,0,470.7
ITEM0002029,TXN001320,PRD0032,1,360.62,0,360.62
ITEM0002030,TXN001320,PRD0036,1,359.94,0,359.94
ITEM0002031,TXN001321,PRD0021,1,944.7,0,944.7
ITEM0002032,TXN001321,PRD0027,1,993.9,0,993.9
ITEM0002033,TXN001322,PRD0028,1,250.72,0,250.72
ITEM0002034,TXN001323,PRD0054,1,83.36,0,83.36
ITEM0002035,TXN001324,PRD0039,2,685.21,0,1370.42
ITEM0002036,TXN001325,PRD0071,1,523.89,0,523.89
ITEM0002037,TXN001325,PRD0047,1,80.8,0,80.8
ITEM0002038,TXN001325,PRD0047,1,80.8,0,80.8
ITEM0002039,TXN001326,PRD0041,2,379.86,0,759.72
ITEM0002040,TXN001327,PRD0054,2,83.36,0,166.72
ITEM0002041,TXN001327,PRD0044,1,640.34,0,640.34
ITEM0002042,TXN001328,PRD0045,1,559.98,0,559.98
ITEM0002043,TXN001328,PRD0042,1,471.23,0.08,433.53
ITEM0002044,TXN001329,PRD0003,1,547.04,0.15,464.98
ITEM0002045,TXN001330,PRD0017,1,911.77,0,911.77
ITEM0002046,TXN001330,PRD0007,1,947.13,0,947.13
ITEM0002047,TXN001331,PRD0025,1,1072.0,0,1072.0
ITEM0002048,TXN001331,PRD0031,1,263.54,0,263.54
ITEM0002049,TXN001332,PRD0030,1,216.23,0,216.23
ITEM0002050,TXN001333,PRD0062,1,484.0,0,484.0
ITEM0002051,TXN001333,PRD0025,1,1072.0,0.08,986.24
ITEM0002052,TXN001334,PRD0021,1,944.7,0.1,850.23
ITEM0002053,TXN001334,PRD0034,1,391.51,0,391.51
ITEM0002054,TXN001334,PRD0024,1,1107.82,0.15,941.65
ITEM0002055,TXN001335,PRD0033,1,296.94,0.05,282.09
ITEM0002056,TXN001335,PRD0036,1,359.94,0,359.94
ITEM0002057,TXN001335,PRD0026,1,947.34,0,947.34
ITEM0002058,TXN001336,PRD0063,1,351.51,0.05,333.93
ITEM0002059,TXN001337,PRD0061,1,516.06,0,516.06
ITEM0002060,TXN001338,PRD0067,2,298.53,0.12,525.41
ITEM0002061,TXN001338,PRD0065,1,299.29,0,299.29
ITEM0002062,TXN001339,PRD0057,1,621.24,0.08,571.54
ITEM0002063,TXN001339,PRD0065,1,299.29,0.08,275.35
ITEM0002064,TXN001340,PRD0065,1,299.29,0,299.29
ITEM0002065,TXN001341,PRD0060,1,556.75,0,556.75
ITEM0002066,TXN001342,PRD0070,1,334.06,0,334.06
ITEM0002067,TXN001343,PRD0064,1,332.01,0,332.01
ITEM0002068,TXN001343,PRD0070,1,334.06,0.15,283.95
ITEM0002069,TXN001344,PRD0069,2,377.5,0.12,664.4
ITEM0002070,TXN001345,PRD0061,1,516.06,0,516.06
ITEM0002071,TXN001346,PRD0055,1,433.02,0.12,381.06
ITEM0002072,TXN001347,PRD0040,1,561.8,0.1,505.62
ITEM0002073,TXN001348,PRD0065,1,299.29,0.15,254.4
ITEM0002074,TXN001348,PRD0072,1,470.7,0.05,447.17
ITEM0002075,TXN001349,PRD0056,1,516.08,0,516.08
ITEM0002076,TXN001350,PRD0041,1,379.86,0,379.86
ITEM0002077,TXN001351,PRD0070,1,334.06,0.12,293.97
ITEM0002078,TXN001352,PRD0049,2,88.64,0,177.28
ITEM0002079,TXN001353,PRD0055,1,433.02,0.12,381.06
ITEM0002080,TXN001354,PRD0053,1,62.29,0,62.29
ITEM0002081,TXN001354,PRD0057,1,621.24,0.08,571.54
ITEM0002082,TXN001355,PRD0042,1,471.23,0,471.23
ITEM0002083,TXN001356,PRD0067,1,298.53,0,298.53
ITEM0002084,TXN001356,PRD0061,1,516.06,0.12,454.13
ITEM0002085,TXN001357,PRD0002,1,682.27,0,682.27
ITEM0002086,TXN001357,PRD0017,1,911.77,0,911.77
ITEM0002087,TXN001358,PRD0005,1,771.34,0.08,709.63
ITEM0002088,TXN001358,PRD0004,1,895.9,0.12,788.39
ITEM0002089,TXN001359,PRD0002,2,682.27,0,1364.54
ITEM0002090,TXN001359,PRD0012,1,696.97,0.15,592.42
ITEM0002091,TXN001360,PRD0016,1,1011.7,0.08,930.76
ITEM0002092,TXN001361,PRD0013,1,986.04,0,986.04
ITEM0002093,TXN001361,PRD0015,1,1088.95,0.08,1001.83
ITEM0002094,TXN001362,PRD0061,1,516.06,0.05,490.26
ITEM0002095,TXN001363,PRD0009,1,684.34,0.05,650.12
ITEM0002096,TXN001363,PRD0015,1,1088.95,0,1088.95
ITEM0002097,TXN001364,PRD0043,1,466.09,0.15,396.18
ITEM0002098,TXN001365,PRD0048,2,94.61,0,189.22
ITEM0002099,TXN001366,PRD0060,1,556.75,0.05,528.91
ITEM0002100,TXN001367,PRD0055,1,433.02,0,433.02
ITEM0002101,TXN001367,PRD0063,1,351.51,0,351.51
ITEM0002102,TXN001368,PRD0068,2,481.55,0,963.1
ITEM0002103,TXN001369,PRD0030,1,216.23,0.12,190.28
ITEM0002104,TXN001370,PRD0057,1,621.24,0,621.24
ITEM0002105,TXN001370,PRD0066,1,440.6,0.12,387.73
ITEM0002106,TXN001370,PRD0019,1,1011.51,0,1011.51
ITEM0002107,TXN001371,PRD0015,1,1088.95,0.15,925.61
ITEM0002108,TXN001371,PRD0010,1,916.91,0,916.91
ITEM0002109,TXN001372,PRD0007,1,947.13,0,947.13
ITEM0002110,TXN001373,PRD0003,2,547.04,0,1094.08
ITEM0002111,TXN001374,PRD0015,1,1088.95,0.1,980.06
ITEM0002112,TXN001375,PRD0006,2,670.27,0,1340.54
ITEM0002113,TXN001375,PRD0010,1,916.91,0,916.91
ITEM0002114,TXN001376,PRD0008,1,597.78,0.05,567.89
ITEM0002115,TXN001377,PRD0051,2,93.12,0.08,171.34
ITEM0002116,TXN001378,PRD0047,2,80.8,0,161.6
ITEM0002117,TXN001379,PRD0019,1,1011.51,0,1011.51
ITEM0002118,TXN001379,PRD0047,2,80.8,0.12,142.21
ITEM0002119,TXN001380,PRD0043,1,466.09,0.1,419.48
ITEM0002120,TXN001381,PRD0047,1,80.8,0,80.8
ITEM0002121,TXN001382,PRD0037,1,531.45,0.12,467.68
ITEM0002122,TXN001382,PRD0002,1,682.27,0.1,614.04
ITEM0002123,TXN001383,PRD0059,1,369.05,0,369.05
ITEM0002124,TXN001384,PRD0066,1,440.6,0,440.6
ITEM0002125,TXN001385,PRD0042,1,471.23,0,471.23
ITEM0002126,TXN001385,PRD0032,1,360.62,0,360.62
ITEM0002127,TXN001386,PRD0043,2,466.09,0,932.18
ITEM0002128,TXN001386,PRD0063,1,351.51,0,351.51
ITEM0002129,TXN001387,PRD0009,1,684.34,0.08,629.59
ITEM0002130,TXN001387,PRD0028,1,250.72,0,250.72
ITEM0002131,TXN001388,PRD0062,1,484.0,0,484.0
ITEM0002132,TXN001389,PRD0031,1,263.54,0,263.54
ITEM0002133,TXN001390,PRD0003,1,547.04,0,547.04
ITEM0002134,TXN001391,PRD0009,1,684.34,0.1,615.91
ITEM0002135,TXN001392,PRD0007,1,947.13,0.1,852.42
ITEM0002136,TXN001393,PRD0053,2,62.29,0.1,112.12
ITEM0002137,TXN001393,PRD0009,2,684.34,0.08,1259.19
ITEM0002138,TXN001394,PRD0024,1,1107.82,0,1107.82
ITEM0002139,TXN001395,PRD0041,1,379.86,0,379.86
ITEM0002140,TXN001396,PRD0048,1,94.61,0,94.61
ITEM0002141,TXN001397,PRD0053,1,62.29,0,62.29
ITEM0002142,TXN001397,PRD0042,1,471.23,0,471.23
ITEM0002143,TXN001397,PRD0039,1,685.21,0.1,616.69
ITEM0002144,TXN001398,PRD0029,1,355.31,0,355.31
ITEM0002145,TXN001398,PRD0040,2,561.8,0,1123.6
ITEM0002146,TXN001399,PRD0046,2,75.23,0,150.46
ITEM0002147,TXN001400,PRD0044,1,640.34,0,640.34
ITEM0002148,TXN001401,PRD0045,1,559.98,0,559.98
ITEM0002149,TXN001402,PRD0053,1,62.29,0,62.29
ITEM0002150,TXN001403,PRD0051,1,93.12,0.05,88.46
ITEM0002151,TXN001403,PRD0024,1,1107.82,0,1107.82
ITEM0002152,TXN001404,PRD0044,1,640.34,0,640.34
ITEM0002153,TXN001405,PRD0044,1,640.34,0,640.34
ITEM0002154,TXN001406,PRD0036,1,359.94,0,359.94
ITEM0002155,TXN001406,PRD0045,2,559.98,0,1119.96
ITEM0002156,TXN001407,PRD0055,2,433.02,0,866.04
ITEM0002157,TXN001407,PRD0046,1,75.23,0,75.23
ITEM0002158,TXN001407,PRD0059,1,369.05,0.15,313.69
ITEM0002159,TXN001408,PRD0056,1,516.08,0,516.08
ITEM0002160,TXN001409,PRD0050,1,80.02,0,80.02
ITEM0002161,TXN001409,PRD0041,1,379.86,0.1,341.87
ITEM0002162,TXN001410,PRD0037,2,531.45,0,1062.9
ITEM0002163,TXN001410,PRD0041,1,379.86,0.1,341.87
ITEM0002164,TXN001411,PRD0003,1,547.04,0,547.04
ITEM0002165,TXN001412,PRD0005,1,771.34,0,771.34
ITEM0002166,TXN001412,PRD0006,1,670.27,0,670.27
ITEM0002167,TXN001412,PRD0008,1,597.78,0,597.78
ITEM0002168,TXN001413,PRD0016,1,1011.7,0,1011.7
ITEM0002169,TXN001413,PRD0004,1,895.9,0,895.9
ITEM0002170,TXN001413,PRD0005,2,771.34,0,1542.68
ITEM0002171,TXN001414,PRD0021,1,944.7,0,944.7
ITEM0002172,TXN001414,PRD0006,2,670.27,0,1340.54
ITEM0002173,TXN001415,PRD0004,1,895.9,0,895.9
ITEM0002174,TXN001416,PRD0006,1,670.27,0,670.27
ITEM0002175,TXN001416,PRD0043,1,466.09,0,466.09
ITEM0002176,TXN001417,PRD0003,1,547.04,0,547.04
ITEM0002177,TXN001417,PRD0013,1,986.04,0,986.04
ITEM0002178,TXN001418,PRD0008,1,597.78,0.12,526.05
ITEM0002179,TXN001418,PRD0041,1,379.86,0,379.86
ITEM0002180,TXN001419,PRD0007,1,947.13,0.08,871.36
ITEM0002181,TXN001419,PRD0006,2,670.27,0.05,1273.51
ITEM0002182,TXN001420,PRD0015,1,1088.95,0,1088.95
ITEM0002183,TXN001420,PRD0004,1,895.9,0.08,824.23
ITEM0002184,TXN001421,PRD0011,1,1081.28,0.1,973.15
ITEM0002185,TXN001422,PRD0013,1,986.04,0.05,936.74
ITEM0002186,TXN001422,PRD0014,2,601.24,0,1202.48
ITEM0002187,TXN001423,PRD0005,1,771.34,0,771.34
ITEM0002188,TXN001423,PRD0072,1,470.7,0.05,447.17
ITEM0002189,TXN001424,PRD0004,1,895.9,0.1,806.31
ITEM0002190,TXN001424,PRD0042,1,471.23,0.12,414.68
ITEM0002191,TXN001425,PRD0007,1,947.13,0,947.13
ITEM0002192,TXN001425,PRD0009,1,684.34,0,684.34
ITEM0002193,TXN001426,PRD0044,1,640.34,0,640.34
ITEM0002194,TXN001427,PRD0006,1,670.27,0,670.27
ITEM0002195,TXN001428,PRD0062,1,484.0,0,484.0
ITEM0002196,TXN001428,PRD0072,1,470.7,0.05,447.17
ITEM0002197,TXN001428,PRD0055,1,433.02,0,433.02
ITEM0002198,TXN001429,PRD0072,1,470.7,0,470.7
ITEM0002199,TXN001430,PRD0068,1,481.55,0,481.55
ITEM0002200,TXN001430,PRD0056,2,516.08,0.08,949.59
ITEM0002201,TXN001430,PRD0059,1,369.05,0.05,350.6
ITEM0002202,TXN001431,PRD0012,2,696.97,0,1393.94
ITEM0002203,TXN001432,PRD0008,1,597.78,0,597.78
ITEM0002204,TXN001433,PRD0045,1,559.98,0.15,475.98
ITEM0002205,TXN001434,PRD0018,2,965.82,0.05,1835.06
ITEM0002206,TXN001435,PRD0070,1,334.06,0,334.06
ITEM0002207,TXN001436,PRD0009,2,684.34,0,1368.68
ITEM0002208,TXN001437,PRD0070,1,334.06,0,334.06
ITEM0002209,TXN001438,PRD0055,1,433.02,0.08,398.38
ITEM0002210,TXN001439,PRD0067,1,298.53,0,298.53
ITEM0002211,TXN001440,PRD0069,1,377.5,0.15,320.88
ITEM0002212,TXN001440,PRD0061,1,516.06,0,516.06
ITEM0002213,TXN001440,PRD0058,1,419.78,0,419.78
ITEM0002214,TXN001441,PRD0025,1,1072.0,0,1072.0
ITEM0002215,TXN001442,PRD0024,1,1107.82,0.08,1019.19
ITEM0002216,TXN001443,PRD0025,1,1072.0,0,1072.0
ITEM0002217,TXN001444,PRD0037,1,531.45,0.12,467.68
ITEM0002218,TXN001445,PRD0021,1,944.7,0,944.7
ITEM0002219,TXN001445,PRD0034,1,391.51,0.12,344.53
ITEM0002220,TXN001446,PRD0023,1,1103.32,0.05,1048.15
ITEM0002221,TXN001446,PRD0022,1,697.51,0.05,662.63
ITEM0002222,TXN001447,PRD0022,1,697.51,0,697.51
ITEM0002223,TXN001448,PRD0027,1,993.9,0,993.9
ITEM0002224,TXN001448,PRD0022,1,697.51,0.05,662.63
ITEM0002225,TXN001449,PRD0020,1,1171.54,0.12,1030.96
ITEM0002226,TXN001450,PRD0023,1,1103.32,0.08,1015.05
ITEM0002227,TXN001450,PRD0020,1,1171.54,0.08,1077.82
ITEM0002228,TXN001451,PRD0025,2,1072.0,0,2144.0
ITEM0002229,TXN001452,PRD0024,1,1107.82,0.05,1052.43
ITEM0002230,TXN001453,PRD0050,1,80.02,0,80.02
ITEM0002231,TXN001453,PRD0047,1,80.8,0,80.8
ITEM0002232,TXN001454,PRD0040,1,561.8,0,561.8
ITEM0002233,TXN001455,PRD0042,1,471.23,0,471.23
ITEM0002234,TXN001455,PRD0007,1,947.13,0.05,899.77
ITEM0002235,TXN001456,PRD0015,1,1088.95,0.12,958.28
ITEM0002236,TXN001457,PRD0006,1,670.27,0,670.27
ITEM0002237,TXN001457,PRD0018,1,965.82,0.1,869.24
ITEM0002238,TXN001457,PRD0006,1,670.27,0,670.27
ITEM0002239,TXN001458,PRD0002,2,682.27,0,1364.54
ITEM0002240,TXN001458,PRD0008,2,597.78,0.05,1135.78
ITEM0002241,TXN001459,PRD0012,1,696.97,0,696.97
ITEM0002242,TXN001460,PRD0017,2,911.77,0,1823.54
ITEM0002243,TXN001460,PRD0052,1,80.35,0,80.35
ITEM0002244,TXN001461,PRD0013,1,986.04,0.12,867.72
ITEM0002245,TXN001461,PRD0009,1,684.34,0,684.34
ITEM0002246,TXN001462,PRD0044,1,640.34,0,640.34
ITEM0002247,TXN001462,PRD0014,1,601.24,0,601.24
ITEM0002248,TXN001463,PRD0018,2,965.82,0,1931.64
ITEM0002249,TXN001464,PRD0057,1,621.24,0,621.24
ITEM0002250,TXN001464,PRD0003,1,547.04,0,547.04
ITEM0002251,TXN001464,PRD0016,1,1011.7,0.1,910.53
ITEM0002252,TXN001465,PRD0004,2,895.9,0,1791.8
ITEM0002253,TXN001466,PRD0008,1,597.78,0,597.78
ITEM0002254,TXN001467,PRD0004,1,895.9,0,895.9
ITEM0002255,TXN001468,PRD0047,1,80.8,0.15,68.68
ITEM0002256,TXN001468,PRD0013,1,986.04,0,986.04
ITEM0002257,TXN001469,PRD0059,1,369.05,0.15,313.69
ITEM0002258,TXN001470,PRD0008,2,597.78,0,1195.56
ITEM0002259,TXN001471,PRD0012,1,696.97,0.08,641.21
ITEM0002260,TXN001471,PRD0029,1,355.31,0,355.31
ITEM0002261,TXN001472,PRD0021,1,944.7,0.05,897.47
ITEM0002262,TXN001472,PRD0020,1,1171.54,0,1171.54
ITEM0002263,TXN001473,PRD0023,1,1103.32,0,1103.32
ITEM0002264,TXN001474,PRD0029,1,355.31,0,355.31
ITEM0002265,TXN001475,PRD0026,2,947.34,0.12,1667.32
ITEM0002266,TXN001475,PRD0049,1,88.64,0,88.64
ITEM0002267,TXN001475,PRD0020,2,1171.54,0,2343.08
ITEM0002268,TXN001476,PRD0036,1,359.94,0.05,341.94
ITEM0002269,TXN001477,PRD0022,1,697.51,0,697.51
ITEM0002270,TXN001477,PRD0026,1,947.34,0,947.34
ITEM0002271,TXN001477,PRD0025,2,1072.0,0.05,2036.8
ITEM0002272,TXN001478,PRD0055,1,433.02,0,433.02
ITEM0002273,TXN001479,PRD0016,1,1011.7,0,1011.7
ITEM0002274,TXN001479,PRD0005,2,771.34,0,1542.68
ITEM0002275,TXN001480,PRD0017,2,911.77,0,1823.54
ITEM0002276,TXN001480,PRD0013,1,986.04,0,986.04
ITEM0002277,TXN001481,PRD0041,1,379.86,0,379.86
ITEM0002278,TXN001481,PRD0015,1,1088.95,0,1088.95
ITEM0002279,TXN001482,PRD0007,1,947.13,0,947.13
ITEM0002280,TXN001483,PRD0003,1,547.04,0.1,492.34
ITEM0002281,TXN001484,PRD0012,2,696.97,0,1393.94
ITEM0002282,TXN001484,PRD0016,1,1011.7,0,1011.7
ITEM0002283,TXN001485,PRD0013,1,986.04,0.12,867.72
ITEM0002284,TXN001486,PRD0006,2,670.27,0,1340.54
ITEM0002285,TXN001486,PRD0070,1,334.06,0,334.06
ITEM0002286,TXN001487,PRD0039,2,685.21,0.08,1260.79
ITEM0002287,TXN001487,PRD0041,1,379.86,0.15,322.88
ITEM0002288,TXN001488,PRD0010,1,916.91,0.1,825.22
ITEM0002289,TXN001488,PRD0048,1,94.61,0,94.61
ITEM0002290,TXN001488,PRD0060,1,556.75,0.1,501.08
ITEM0002291,TXN001489,PRD0043,1,466.09,0,466.09
ITEM0002292,TXN001490,PRD0023,1,1103.32,0.05,1048.15
ITEM0002293,TXN001491,PRD0018,1,965.82,0.08,888.55
ITEM0002294,TXN001492,PRD0009,1,684.34,0,684.34
ITEM0002295,TXN001493,PRD0041,1,379.86,0,379.86
ITEM0002296,TXN001494,PRD0018,1,965.82,0,965.82
ITEM0002297,TXN001495,PRD0016,1,1011.7,0,1011.7
ITEM0002298,TXN001496,PRD0016,1,1011.7,0,1011.7
ITEM0002299,TXN001497,PRD0001,1,864.11,0,864.11
ITEM0002300,TXN001498,PRD0065,1,299.29,0.05,284.33
ITEM0002301,TXN001499,PRD0002,1,682.27,0.08,627.69
ITEM0002302,TXN001499,PRD0009,2,684.34,0.08,1259.19
ITEM0002303,TXN001500,PRD0013,2,986.04,0,1972.08
ITEM0002304,TXN001501,PRD0002,1,682.27,0.08,627.69
ITEM0002305,TXN001501,PRD0040,1,561.8,0,561.8
ITEM0002306,TXN001502,PRD0026,1,947.34,0.1,852.61
ITEM0002307,TXN001502,PRD0033,2,296.94,0.1,534.49
ITEM0002308,TXN001503,PRD0004,1,895.9,0,895.9
ITEM0002309,TXN001504,PRD0022,2,697.51,0,1395.02
ITEM0002310,TXN001505,PRD0001,1,864.11,0,864.11
ITEM0002311,TXN001505,PRD0024,1,1107.82,0,1107.82
ITEM0002312,TXN001506,PRD0031,1,263.54,0,263.54
ITEM0002313,TXN001507,PRD0031,1,263.54,0.08,242.46
ITEM0002314,TXN001508,PRD0027,1,993.9,0,993.9
ITEM0002315,TXN001509,PRD0003,2,547.04,0.1,984.67
ITEM0002316,TXN001509,PRD0005,1,771.34,0,771.34
ITEM0002317,TXN001510,PRD0033,1,296.94,0.15,252.4
ITEM0002318,TXN001511,PRD0036,2,359.94,0.08,662.29
ITEM0002319,TXN001511,PRD0002,1,682.27,0,682.27
ITEM0002320,TXN001511,PRD0058,1,419.78,0.12,369.41
ITEM0002321,TXN001512,PRD0036,1,359.94,0,359.94
ITEM0002322,TXN001513,PRD0027,1,993.9,0,993.9
ITEM0002323,TXN001514,PRD0033,1,296.94,0,296.94
ITEM0002324,TXN001514,PRD0043,1,466.09,0,466.09
ITEM0002325,TXN001515,PRD0001,1,864.11,0,864.11
ITEM0002326,TXN001515,PRD0050,1,80.02,0.12,70.42
ITEM0002327,TXN001516,PRD0010,1,916.91,0,916.91
ITEM0002328,TXN001517,PRD0039,1,685.21,0,685.21
ITEM0002329,TXN001517,PRD0046,1,75.23,0,75.23
ITEM0002330,TXN001518,PRD0026,1,947.34,0.1,852.61
ITEM0002331,TXN001518,PRD0040,1,561.8,0.05,533.71
ITEM0002332,TXN001519,PRD0006,1,670.27,0,670.27
ITEM0002333,TXN001520,PRD0057,1,621.24,0,621.24
ITEM0002334,TXN001521,PRD0067,1,298.53,0.12,262.71
ITEM0002335,TXN001521,PRD0068,1,481.55,0.15,409.32
ITEM0002336,TXN001521,PRD0064,1,332.01,0.08,305.45
ITEM0002337,TXN001522,PRD0058,1,419.78,0.1,377.8
ITEM0002338,TXN001523,PRD0068,1,481.55,0.1,433.4
ITEM0002339,TXN001523,PRD0057,1,621.24,0.15,528.05
ITEM0002340,TXN001524,PRD0069,1,377.5,0,377.5
ITEM0002341,TXN001524,PRD0069,1,377.5,0,377.5
ITEM0002342,TXN001525,PRD0016,1,1011.7,0,1011.7
ITEM0002343,TXN001526,PRD0012,1,696.97,0,696.97
ITEM0002344,TXN001527,PRD0022,1,697.51,0,697.51
ITEM0002345,TXN001527,PRD0013,1,986.04,0,986.04
ITEM0002346,TXN001527,PRD0063,2,351.51,0,703.02
ITEM0002347,TXN001528,PRD0042,1,471.23,0,471.23
ITEM0002348,TXN001528,PRD0008,1,597.78,0,597.78
ITEM0002349,TXN001529,PRD0004,2,895.9,0.1,1612.62
ITEM0002350,TXN001529,PRD0028,1,250.72,0.15,213.11
ITEM0002351,TXN001529,PRD0030,1,216.23,0,216.23
ITEM0002352,TXN001530,PRD0064,2,332.01,0,664.02
ITEM0002353,TXN001530,PRD0036,2,359.94,0.08,662.29
ITEM0002354,TXN001531,PRD0015,1,1088.95,0.05,1034.5
ITEM0002355,TXN001531,PRD0003,1,547.04,0,547.04
ITEM0002356,TXN001532,PRD0064,1,332.01,0.15,282.21
ITEM0002357,TXN001533,PRD0010,1,916.91,0.05,871.06
ITEM0002358,TXN001533,PRD0010,1,916.91,0.05,871.06
ITEM0002359,TXN001534,PRD0011,1,1081.28,0,1081.28
ITEM0002360,TXN001535,PRD0002,1,682.27,0,682.27
ITEM0002361,TXN001536,PRD0017,2,911.77,0,1823.54
ITEM0002362,TXN001537,PRD0009,1,684.34,0.05,650.12
ITEM0002363,TXN001537,PRD0018,1,965.82,0,965.82
ITEM0002364,TXN001538,PRD0050,1,80.02,0.08,73.62
ITEM0002365,TXN001539,PRD0003,1,547.04,0,547.04
ITEM0002366,TXN001539,PRD0005,1,771.34,0,771.34
ITEM0002367,TXN001540,PRD0026,2,947.34,0,1894.68
ITEM0002368,TXN001541,PRD0026,2,947.34,0,1894.68
ITEM0002369,TXN001541,PRD0027,1,993.9,0,993.9
ITEM0002370,TXN001542,PRD0024,1,1107.82,0,1107.82
ITEM0002371,TXN001542,PRD0035,1,233.42,0,233.42
ITEM0002372,TXN001543,PRD0020,1,1171.54,0.12,1030.96
ITEM0002373,TXN001544,PRD0011,1,1081.28,0.15,919.09
ITEM0002374,TXN001545,PRD0015,1,1088.95,0.12,958.28
ITEM0002375,TXN001546,PRD0006,2,670.27,0,1340.54
ITEM0002376,TXN001546,PRD0008,1,597.78,0.08,549.96
ITEM0002377,TXN001547,PRD0057,2,621.24,0.15,1056.11
ITEM0002378,TXN001548,PRD0042,1,471.23,0.08,433.53
ITEM0002379,TXN001548,PRD0033,1,296.94,0,296.94
ITEM0002380,TXN001548,PRD0020,1,1171.54,0,1171.54
ITEM0002381,TXN001549,PRD0054,1,83.36,0.08,76.69
ITEM0002382,TXN001549,PRD0029,1,355.31,0.15,302.01
ITEM0002383,TXN001549,PRD0055,2,433.02,0.15,736.13
ITEM0002384,TXN001550,PRD0018,1,965.82,0,965.82
ITEM0002385,TXN001551,PRD0012,1,696.97,0.05,662.12
ITEM0002386,TXN001552,PRD0018,1,965.82,0,965.82
ITEM0002387,TXN001552,PRD0010,2,916.91,0,1833.82
ITEM0002388,TXN001553,PRD0023,1,1103.32,0,1103.32
ITEM0002389,TXN001553,PRD0013,1,986.04,0,986.04
ITEM0002390,TXN001554,PRD0001,1,864.11,0.12,760.42
ITEM0002391,TXN001555,PRD0069,1,377.5,0.12,332.2
ITEM0002392,TXN001556,PRD0045,1,559.98,0,559.98
ITEM0002393,TXN001556,PRD0027,1,993.9,0.12,874.63
ITEM0002394,TXN001557,PRD0061,1,516.06,0,516.06
ITEM0002395,TXN001558,PRD0067,1,298.53,0.05,283.6
ITEM0002396,TXN001559,PRD0003,1,547.04,0,547.04
ITEM0002397,TXN001560,PRD0039,1,685.21,0,685.21
ITEM0002398,TXN001560,PRD0041,1,379.86,0,379.86
ITEM0002399,TXN001561,PRD0052,1,80.35,0.08,73.92
ITEM0002400,TXN001561,PRD0019,1,1011.51,0,1011.51
ITEM0002401,TXN001562,PRD0032,1,360.62,0,360.62
ITEM0002402,TXN001563,PRD0019,1,1011.51,0,1011.51
ITEM0002403,TXN001564,PRD0055,1,433.02,0,433.02
ITEM0002404,TXN001564,PRD0057,1,621.24,0.15,528.05
ITEM0002405,TXN001564,PRD0071,1,523.89,0.08,481.98
ITEM0002406,TXN001565,PRD0068,1,481.55,0.1,433.4
ITEM0002407,TXN001565,PRD0048,1,94.61,0.12,83.26
ITEM0002408,TXN001566,PRD0014,2,601.24,0.15,1022.11
ITEM0002409,TXN001567,PRD0065,1,299.29,0.15,254.4
ITEM0002410,TXN001568,PRD0056,1,516.08,0.08,474.79
ITEM0002411,TXN001569,PRD0060,1,556.75,0,556.75
ITEM0002412,TXN001570,PRD0063,2,351.51,0,703.02
ITEM0002413,TXN001570,PRD0064,1,332.01,0,332.01
ITEM0002414,TXN001571,PRD0056,1,516.08,0.1,464.47
ITEM0002415,TXN001572,PRD0042,1,471.23,0.12,414.68
ITEM0002416,TXN001572,PRD0035,1,233.42,0.05,221.75
ITEM0002417,TXN001572,PRD0063,1,351.51,0,351.51
ITEM0002418,TXN001573,PRD0019,1,1011.51,0,1011.51
ITEM0002419,TXN001574,PRD0032,2,360.62,0,721.24
ITEM0002420,TXN001574,PRD0023,1,1103.32,0.12,970.92
ITEM0002421,TXN001575,PRD0030,1,216.23,0,216.23
ITEM0002422,TXN001576,PRD0022,1,697.51,0,697.51
ITEM0002423,TXN001577,PRD0034,2,391.51,0.08,720.38
ITEM0002424,TXN001577,PRD0041,1,379.86,0.15,322.88
ITEM0002425,TXN001578,PRD0054,1,83.36,0.08,76.69
ITEM0002426,TXN001579,PRD0024,1,1107.82,0,1107.82
ITEM0002427,TXN001580,PRD0021,1,944.7,0,944.7
ITEM0002428,TXN001581,PRD0035,1,233.42,0,233.42
ITEM0002429,TXN001582,PRD0061,1,516.06,0.12,454.13
ITEM0002430,TXN001582,PRD0016,1,1011.7,0.15,859.95
ITEM0002431,TXN001583,PRD0014,1,601.24,0.12,529.09
ITEM0002432,TXN001583,PRD0059,1,369.05,0.08,339.53
ITEM0002433,TXN001583,PRD0013,1,986.04,0.12,867.72
ITEM0002434,TXN001584,PRD0063,1,351.51,0,351.51
ITEM0002435,TXN001585,PRD0068,1,481.55,0,481.55
ITEM0002436,TXN001585,PRD0055,1,433.02,0,433.02
ITEM0002437,TXN001586,PRD0015,1,1088.95,0,1088.95
ITEM0002438,TXN001587,PRD0063,1,351.51,0,351.51
ITEM0002439,TXN001588,PRD0023,1,1103.32,0,1103.32
ITEM0002440,TXN001588,PRD0035,1,233.42,0.08,214.75
ITEM0002441,TXN001588,PRD0027,1,993.9,0,993.9
ITEM0002442,TXN001589,PRD0036,1,359.94,0.05,341.94
ITEM0002443,TXN001589,PRD0024,1,1107.82,0,1107.82
ITEM0002444,TXN001590,PRD0032,1,360.62,0,360.62
ITEM0002445,TXN001591,PRD0004,1,895.9,0,895.9
ITEM0002446,TXN001592,PRD0023,2,1103.32,0.05,2096.31
ITEM0002447,TXN001593,PRD0006,2,670.27,0,1340.54
ITEM0002448,TXN001594,PRD0003,1,547.04,0,547.04
ITEM0002449,TXN001595,PRD0027,1,993.9,0,993.9
ITEM0002450,TXN001596,PRD0014,1,601.24,0,601.24
ITEM0002451,TXN001597,PRD0007,1,947.13,0.08,871.36
ITEM0002452,TXN001597,PRD0004,1,895.9,0.08,824.23
ITEM0002453,TXN001598,PRD0008,1,597.78,0.12,526.05
ITEM0002454,TXN001599,PRD0027,2,993.9,0.1,1789.02
ITEM0002455,TXN001599,PRD0072,1,470.7,0.1,423.63
ITEM0002456,TXN001599,PRD0036,1,359.94,0,359.94
ITEM0002457,TXN001600,PRD0002,1,682.27,0.12,600.4
ITEM0002458,TXN001601,PRD0015,2,1088.95,0.12,1916.55
ITEM0002459,TXN001602,PRD0018,1,965.82,0,965.82
ITEM0002460,TXN001602,PRD0024,2,1107.82,0,2215.64
ITEM0002461,TXN001603,PRD0006,2,670.27,0.08,1233.3
ITEM0002462,TXN001604,PRD0015,1,1088.95,0,1088.95
ITEM0002463,TXN001604,PRD0005,1,771.34,0.12,678.78
ITEM0002464,TXN001605,PRD0049,1,88.64,0,88.64
ITEM0002465,TXN001606,PRD0046,1,75.23,0,75.23
ITEM0002466,TXN001606,PRD0059,2,369.05,0.12,649.53
ITEM0002467,TXN001607,PRD0061,1,516.06,0.08,474.78
ITEM0002468,TXN001607,PRD0058,1,419.78,0,419.78
ITEM0002469,TXN001607,PRD0067,2,298.53,0.08,549.3
ITEM0002470,TXN001608,PRD0017,1,911.77,0.05,866.18
ITEM0002471,TXN001608,PRD0057,2,621.24,0.1,1118.23
ITEM0002472,TXN001609,PRD0035,1,233.42,0,233.42
ITEM0002473,TXN001609,PRD0026,1,947.34,0.08,871.55
ITEM0002474,TXN001609,PRD0029,1,355.31,0,355.31
ITEM0002475,TXN001610,PRD0028,2,250.72,0.15,426.22
ITEM0002476,TXN001611,PRD0034,1,391.51,0.05,371.93
ITEM0002477,TXN001612,PRD0030,1,216.23,0,216.23
ITEM0002478,TXN001612,PRD0029,1,355.31,0,355.31
ITEM0002479,TXN001613,PRD0019,1,1011.51,0,1011.51
ITEM0002480,TXN001614,PRD0035,1,233.42,0,233.42
ITEM0002481,TXN001614,PRD0049,2,88.64,0.15,150.69
ITEM0002482,TXN001614,PRD0032,1,360.62,0,360.62
ITEM0002483,TXN001615,PRD0027,1,993.9,0,993.9
ITEM0002484,TXN001616,PRD0032,1,360.62,0,360.62
ITEM0002485,TXN001616,PRD0022,1,697.51,0,697.51
ITEM0002486,TXN001617,PRD0044,1,640.34,0,640.34
ITEM0002487,TXN001618,PRD0020,2,1171.54,0.08,2155.63
ITEM0002488,TXN001619,PRD0017,1,911.77,0.12,802.36
ITEM0002489,TXN001619,PRD0030,1,216.23,0,216.23
ITEM0002490,TXN001620,PRD0062,1,484.0,0,484.0
ITEM0002491,TXN001621,PRD0025,1,1072.0,0,1072.0
ITEM0002492,TXN001621,PRD0030,2,216.23,0,432.46
ITEM0002493,TXN001622,PRD0028,1,250.72,0,250.72
ITEM0002494,TXN001623,PRD0063,1,351.51,0.05,333.93
ITEM0002495,TXN001624,PRD0054,1,83.36,0.15,70.86
ITEM0002496,TXN001624,PRD0051,1,93.12,0.08,85.67
ITEM0002497,TXN001625,PRD0053,1,62.29,0,62.29
ITEM0002498,TXN001626,PRD0040,1,561.8,0,561.8
ITEM0002499,TXN001627,PRD0040,1,561.8,0,561.8
ITEM0002500,TXN001628,PRD0043,1,466.09,0.05,442.79
ITEM0002501,TXN001629,PRD0052,1,80.35,0,80.35
ITEM0002502,TXN001629,PRD0054,1,83.36,0,83.36
ITEM0002503,TXN001629,PRD0049,1,88.64,0,88.64
ITEM0002504,TXN001630,PRD0008,1,597.78,0.15,508.11
ITEM0002505,TXN001631,PRD0008,1,597.78,0,597.78
ITEM0002506,TXN001631,PRD0036,1,359.94,0.15,305.95
ITEM0002507,TXN001632,PRD0019,1,1011.51,0.15,859.78
ITEM0002508,TXN001633,PRD0033,1,296.94,0,296.94
ITEM0002509,TXN001634,PRD0051,1,93.12,0.15,79.15
ITEM0002510,TXN001634,PRD0001,1,864.11,0.15,734.49
ITEM0002511,TXN001635,PRD0058,1,419.78,0,419.78
ITEM0002512,TXN001636,PRD0057,1,621.24,0,621.24
ITEM0002513,TXN001636,PRD0040,1,561.8,0,561.8
ITEM0002514,TXN001637,PRD0006,1,670.27,0,670.27
ITEM0002515,TXN001637,PRD0061,1,516.06,0,516.06
ITEM0002516,TXN001638,PRD0036,1,359.94,0.05,341.94
ITEM0002517,TXN001639,PRD0006,1,670.27,0,670.27
ITEM0002518,TXN001640,PRD0067,1,298.53,0,298.53
ITEM0002519,TXN001640,PRD0053,1,62.29,0.05,59.18
ITEM0002520,TXN001641,PRD0047,1,80.8,0.12,71.1
ITEM0002521,TXN001642,PRD0013,2,986.04,0.12,1735.43
ITEM0002522,TXN001642,PRD0006,1,670.27,0.05,636.76
ITEM0002523,TXN001643,PRD0011,1,1081.28,0.08,994.78
ITEM0002524,TXN001643,PRD0013,1,986.04,0.15,838.13
ITEM0002525,TXN001644,PRD0012,1,696.97,0.12,613.33
ITEM0002526,TXN001645,PRD0017,1,911.77,0,911.77
ITEM0002527,TXN001645,PRD0015,2,1088.95,0,2177.9
ITEM0002528,TXN001646,PRD0018,1,965.82,0,965.82
ITEM0002529,TXN001647,PRD0014,1,601.24,0,601.24
ITEM0002530,TXN001647,PRD0013,1,986.04,0,986.04
ITEM0002531,TXN001648,PRD0011,1,1081.28,0.08,994.78
ITEM0002532,TXN001649,PRD0005,2,771.34,0.12,1357.56
ITEM0002533,TXN001650,PRD0028,2,250.72,0,501.44
ITEM0002534,TXN001650,PRD0055,1,433.02,0.05,411.37
ITEM0002535,TXN001651,PRD0025,1,1072.0,0,1072.0
ITEM0002536,TXN001652,PRD0046,1,75.23,0,75.23
ITEM0002537,TXN001652,PRD0025,1,1072.0,0.05,1018.4
ITEM0002538,TXN001653,PRD0040,1,561.8,0.12,494.38
ITEM0002539,TXN001653,PRD0021,1,944.7,0,944.7
ITEM0002540,TXN001653,PRD0037,1,531.45,0,531.45
ITEM0002541,TXN001654,PRD0033,1,296.94,0,296.94
ITEM0002542,TXN001655,PRD0062,2,484.0,0,968.0
ITEM0002543,TXN001656,PRD0010,1,916.91,0,916.91
ITEM0002544,TXN001657,PRD0035,1,233.42,0.1,210.08
ITEM0002545,TXN001658,PRD0037,1,531.45,0,531.45
ITEM0002546,TXN001658,PRD0021,1,944.7,0,944.7
ITEM0002547,TXN001659,PRD0029,1,355.31,0.1,319.78
ITEM0002548,TXN001660,PRD0036,2,359.94,0,719.88
ITEM0002549,TXN001661,PRD0068,2,481.55,0,963.1
ITEM0002550,TXN001662,PRD0033,1,296.94,0.15,252.4
ITEM0002551,TXN001663,PRD0011,1,1081.28,0.1,973.15
ITEM0002552,TXN001663,PRD0066,1,440.6,0.05,418.57
ITEM0002553,TXN001664,PRD0071,1,523.89,0,523.89
ITEM0002554,TXN001665,PRD0063,1,351.51,0,351.51
ITEM0002555,TXN001665,PRD0072,1,470.7,0,470.7
ITEM0002556,TXN001665,PRD0071,1,523.89,0,523.89
ITEM0002557,TXN001666,PRD0069,2,377.5,0,755.0
ITEM0002558,TXN001667,PRD0070,2,334.06,0.1,601.31
ITEM0002559,TXN001667,PRD0067,1,298.53,0,298.53
ITEM0002560,TXN001668,PRD0060,1,556.75,0.1,501.08
ITEM0002561,TXN001668,PRD0072,1,470.7,0.1,423.63
ITEM0002562,TXN001669,PRD0065,1,299.29,0,299.29
ITEM0002563,TXN001670,PRD0027,1,993.9,0,993.9
ITEM0002564,TXN001671,PRD0033,1,296.94,0,296.94
ITEM0002565,TXN001672,PRD0034,1,391.51,0,391.51
ITEM0002566,TXN001673,PRD0017,1,911.77,0.1,820.59
ITEM0002567,TXN001674,PRD0022,1,697.51,0,697.51
ITEM0002568,TXN001675,PRD0071,1,523.89,0.15,445.31
ITEM0002569,TXN001676,PRD0058,1,419.78,0.15,356.81
ITEM0002570,TXN001676,PRD0072,1,470.7,0.1,423.63
ITEM0002571,TXN001677,PRD0002,1,682.27,0,682.27
ITEM0002572,TXN001678,PRD0009,2,684.34,0.15,1163.38
ITEM0002573,TXN001679,PRD0002,1,682.27,0,682.27
ITEM0002574,TXN001679,PRD0009,1,684.34,0,684.34
ITEM0002575,TXN001679,PRD0045,1,559.98,0,559.98
ITEM0002576,TXN001680,PRD0013,1,986.04,0.05,936.74
ITEM0002577,TXN001680,PRD0011,1,1081.28,0,1081.28
ITEM0002578,TXN001681,PRD0002,1,682.27,0,682.27
ITEM0002579,TXN001682,PRD0011,1,1081.28,0,1081.28
ITEM0002580,TXN001682,PRD0045,1,559.98,0,559.98
ITEM0002581,TXN001683,PRD0020,1,1171.54,0,1171.54
ITEM0002582,TXN001684,PRD0031,2,263.54,0,527.08
ITEM0002583,TXN001684,PRD0021,1,944.7,0,944.7
ITEM0002584,TXN001684,PRD0012,1,696.97,0,696.97
ITEM0002585,TXN001685,PRD0001,2,864.11,0.08,1589.96
ITEM0002586,TXN001686,PRD0029,1,355.31,0,355.31
ITEM0002587,TXN001686,PRD0017,1,911.77,0.1,820.59
ITEM0002588,TXN001686,PRD0002,1,682.27,0,682.27
ITEM0002589,TXN001687,PRD0001,2,864.11,0,1728.22
ITEM0002590,TXN001687,PRD0005,1,771.34,0,771.34
ITEM0002591,TXN001687,PRD0006,1,670.27,0.08,616.65
ITEM0002592,TXN001688,PRD0015,1,1088.95,0,1088.95
ITEM0002593,TXN001688,PRD0008,1,597.78,0.08,549.96
ITEM0002594,TXN001689,PRD0006,1,670.27,0.1,603.24
ITEM0002595,TXN001689,PRD0014,1,601.24,0,601.24
ITEM0002596,TXN001689,PRD0006,1,670.27,0,670.27
ITEM0002597,TXN001690,PRD0043,1,466.09,0.08,428.8
ITEM0002598,TXN001690,PRD0049,1,88.64,0.08,81.55
ITEM0002599,TXN001690,PRD0053,1,62.29,0,62.29
ITEM0002600,TXN001691,PRD0042,1,471.23,0.08,433.53
ITEM0002601,TXN001691,PRD0053,1,62.29,0.12,54.82
ITEM0002602,TXN001692,PRD0038,2,457.54,0.08,841.87
ITEM0002603,TXN001693,PRD0042,1,471.23,0.05,447.67
ITEM0002604,TXN001693,PRD0045,1,559.98,0,559.98
ITEM0002605,TXN001693,PRD0043,1,466.09,0,466.09
ITEM0002606,TXN001694,PRD0027,1,993.9,0,993.9
ITEM0002607,TXN001695,PRD0027,2,993.9,0.05,1888.41
ITEM0002608,TXN001696,PRD0027,1,993.9,0,993.9
ITEM0002609,TXN001697,PRD0036,1,359.94,0,359.94
ITEM0002610,TXN001697,PRD0033,1,296.94,0,296.94
ITEM0002611,TXN001698,PRD0029,1,355.31,0.15,302.01
ITEM0002612,TXN001699,PRD0013,1,986.04,0.08,907.16
ITEM0002613,TXN001699,PRD0006,2,670.27,0,1340.54
ITEM0002614,TXN001700,PRD0012,1,696.97,0,696.97
ITEM0002615,TXN001701,PRD0005,1,771.34,0.1,694.21
ITEM0002616,TXN001702,PRD0015,1,1088.95,0.15,925.61
ITEM0002617,TXN001702,PRD0006,1,670.27,0,670.27
ITEM0002618,TXN001703,PRD0003,1,547.04,0,547.04
ITEM0002619,TXN001704,PRD0014,1,601.24,0.08,553.14
ITEM0002620,TXN001704,PRD0038,1,457.54,0,457.54
ITEM0002621,TXN001705,PRD0007,1,947.13,0,947.13
ITEM0002622,TXN001706,PRD0017,2,911.77,0.05,1732.36
ITEM0002623,TXN001706,PRD0008,1,597.78,0,597.78
ITEM0002624,TXN001707,PRD0011,1,1081.28,0.05,1027.22
ITEM0002625,TXN001708,PRD0012,2,696.97,0,1393.94
ITEM0002626,TXN001709,PRD0007,1,947.13,0,947.13
ITEM0002627,TXN001710,PRD0001,1,864.11,0.08,794.98
ITEM0002628,TXN001711,PRD0049,1,88.64,0,88.64
ITEM0002629,TXN001711,PRD0005,1,771.34,0,771.34
ITEM0002630,TXN001712,PRD0047,1,80.8,0,80.8
ITEM0002631,TXN001713,PRD0011,2,1081.28,0.12,1903.05
ITEM0002632,TXN001713,PRD0051,1,93.12,0,93.12
ITEM0002633,TXN001714,PRD0050,1,80.02,0.12,70.42
ITEM0002634,TXN001715,PRD0052,1,80.35,0.05,76.33
ITEM0002635,TXN001716,PRD0010,1,916.91,0.15,779.37
ITEM0002636,TXN001716,PRD0012,1,696.97,0,696.97
ITEM0002637,TXN001717,PRD0015,1,1088.95,0,1088.95
ITEM0002638,TXN001718,PRD0008,2,597.78,0,1195.56
ITEM0002639,TXN001719,PRD0040,1,561.8,0,561.8
ITEM0002640,TXN001720,PRD0011,2,1081.28,0,2162.56
ITEM0002641,TXN001720,PRD0014,1,601.24,0,601.24
ITEM0002642,TXN001721,PRD0004,1,895.9,0,895.9
ITEM0002643,TXN001722,PRD0020,1,1171.54,0,1171.54
ITEM0002644,TXN001723,PRD0033,1,296.94,0.08,273.18
ITEM0002645,TXN001723,PRD0028,1,250.72,0,250.72
ITEM0002646,TXN001723,PRD0031,1,263.54,0,263.54
ITEM0002647,TXN001724,PRD0068,1,481.55,0,481.55
ITEM0002648,TXN001725,PRD0015,1,1088.95,0,1088.95
ITEM0002649,TXN001726,PRD0024,1,1107.82,0.05,1052.43
ITEM0002650,TXN001727,PRD0049,1,88.64,0.08,81.55
ITEM0002651,TXN001728,PRD0006,1,670.27,0,670.27
ITEM0002652,TXN001728,PRD0013,1,986.04,0,986.04
ITEM0002653,TXN001729,PRD0004,1,895.9,0,895.9
ITEM0002654,TXN001730,PRD0053,1,62.29,0,62.29
ITEM0002655,TXN001730,PRD0038,1,457.54,0,457.54
ITEM0002656,TXN001730,PRD0052,1,80.35,0,80.35
ITEM0002657,TXN001731,PRD0070,1,334.06,0.12,293.97
ITEM0002658,TXN001732,PRD0049,1,88.64,0,88.64
ITEM0002659,TXN001733,PRD0007,1,947.13,0,947.13
ITEM0002660,TXN001734,PRD0047,2,80.8,0,161.6
ITEM0002661,TXN001735,PRD0070,1,334.06,0.1,300.65
ITEM0002662,TXN001735,PRD0037,2,531.45,0,1062.9
ITEM0002663,TXN001735,PRD0052,1,80.35,0,80.35
ITEM0002664,TXN001736,PRD0036,1,359.94,0.1,323.95
ITEM0002665,TXN001737,PRD0052,1,80.35,0.1,72.32
ITEM0002666,TXN001738,PRD0026,1,947.34,0.12,833.66
ITEM0002667,TXN001738,PRD0017,1,911.77,0,911.77
ITEM0002668,TXN001739,PRD0041,1,379.86,0,379.86
ITEM0002669,TXN001740,PRD0003,1,547.04,0,547.04
ITEM0002670,TXN001740,PRD0023,1,1103.32,0,1103.32
ITEM0002671,TXN001741,PRD0054,1,83.36,0,83.36
ITEM0002672,TXN001742,PRD0005,2,771.34,0,1542.68
ITEM0002673,TXN001743,PRD0013,1,986.04,0.1,887.44
ITEM0002674,TXN001743,PRD0007,1,947.13,0,947.13
ITEM0002675,TXN001743,PRD0001,1,864.11,0,864.11
ITEM0002676,TXN001744,PRD0017,1,911.77,0,911.77
ITEM0002677,TXN001744,PRD0016,1,1011.7,0,1011.7
ITEM0002678,TXN001745,PRD0012,1,696.97,0.15,592.42
ITEM0002679,TXN001746,PRD0014,1,601.24,0,601.24
ITEM0002680,TXN001747,PRD0017,1,911.77,0,911.77
ITEM0002681,TXN001748,PRD0047,1,80.8,0.1,72.72
ITEM0002682,TXN001748,PRD0013,1,986.04,0,986.04
ITEM0002683,TXN001749,PRD0009,1,684.34,0,684.34
ITEM0002684,TXN001750,PRD0043,1,466.09,0,466.09
ITEM0002685,TXN001751,PRD0015,1,1088.95,0,1088.95
ITEM0002686,TXN001752,PRD0026,2,947.34,0.12,1667.32
ITEM0002687,TXN001752,PRD0069,1,377.5,0.08,347.3
ITEM0002688,TXN001753,PRD0018,1,965.82,0.08,888.55
ITEM0002689,TXN001754,PRD0035,1,233.42,0,233.42
ITEM0002690,TXN001755,PRD0010,1,916.91,0,916.91
ITEM0002691,TXN001755,PRD0002,1,682.27,0,682.27
ITEM0002692,TXN001756,PRD0011,1,1081.28,0.1,973.15
ITEM0002693,TXN001757,PRD0016,1,1011.7,0,1011.7
ITEM0002694,TXN001758,PRD0005,1,771.34,0,771.34
ITEM0002695,TXN001759,PRD0018,1,965.82,0.12,849.92
ITEM0002696,TXN001760,PRD0009,2,684.34,0.12,1204.44
ITEM0002697,TXN001761,PRD0017,2,911.77,0.05,1732.36
ITEM0002698,TXN001761,PRD0007,1,947.13,0,947.13
ITEM0002699,TXN001762,PRD0040,1,561.8,0,561.8
ITEM0002700,TXN001763,PRD0015,1,1088.95,0,1088.95
ITEM0002701,TXN001764,PRD0031,1,263.54,0,263.54
ITEM0002702,TXN001764,PRD0011,1,1081.28,0,1081.28
ITEM0002703,TXN001765,PRD0072,1,470.7,0,470.7
ITEM0002704,TXN001765,PRD0060,1,556.75,0.15,473.24
ITEM0002705,TXN001766,PRD0068,1,481.55,0.1,433.4
ITEM0002706,TXN001766,PRD0072,1,470.7,0,470.7
ITEM0002707,TXN001767,PRD0005,1,771.34,0,771.34
ITEM0002708,TXN001767,PRD0036,1,359.94,0,359.94
ITEM0002709,TXN001768,PRD0023,1,1103.32,0,1103.32
ITEM0002710,TXN001768,PRD0026,1,947.34,0,947.34
ITEM0002711,TXN001769,PRD0020,1,1171.54,0.05,1112.96
ITEM0002712,TXN001769,PRD0024,1,1107.82,0.15,941.65
ITEM0002713,TXN001770,PRD0025,1,1072.0,0,1072.0
ITEM0002714,TXN001771,PRD0024,2,1107.82,0.1,1994.08
ITEM0002715,TXN001772,PRD0031,1,263.54,0,263.54
ITEM0002716,TXN001772,PRD0042,1,471.23,0.1,424.11
ITEM0002717,TXN001773,PRD0029,1,355.31,0.08,326.89
ITEM0002718,TXN001774,PRD0056,1,516.08,0,516.08
ITEM0002719,TXN001774,PRD0036,1,359.94,0,359.94
ITEM0002720,TXN001775,PRD0022,1,697.51,0.05,662.63
ITEM0002721,TXN001776,PRD0034,2,391.51,0.12,689.06
ITEM0002722,TXN001776,PRD0025,1,1072.0,0,1072.0
ITEM0002723,TXN001777,PRD0024,1,1107.82,0,1107.82
ITEM0002724,TXN001778,PRD0033,1,296.94,0,296.94
ITEM0002725,TXN001778,PRD0046,1,75.23,0,75.23
ITEM0002726,TXN001779,PRD0033,1,296.94,0.15,252.4
ITEM0002727,TXN001780,PRD0027,1,993.9,0,993.9
ITEM0002728,TXN001780,PRD0020,1,1171.54,0.12,1030.96
ITEM0002729,TXN001781,PRD0015,1,1088.95,0,1088.95
ITEM0002730,TXN001782,PRD0008,1,597.78,0,597.78
ITEM0002731,TXN001783,PRD0009,1,684.34,0.05,650.12
ITEM0002732,TXN001783,PRD0035,1,233.42,0.05,221.75
ITEM0002733,TXN001784,PRD0025,1,1072.0,0.12,943.36
ITEM0002734,TXN001785,PRD0036,1,359.94,0,359.94
ITEM0002735,TXN001786,PRD0019,1,1011.51,0,1011.51
ITEM0002736,TXN001786,PRD0035,2,233.42,0,466.84
ITEM0002737,TXN001786,PRD0032,1,360.62,0.05,342.59
ITEM0002738,TXN001787,PRD0024,2,1107.82,0.12,1949.76
ITEM0002739,TXN001788,PRD0020,1,1171.54,0.15,995.81
ITEM0002740,TXN001789,PRD0029,1,355.31,0,355.31
ITEM0002741,TXN001790,PRD0052,1,80.35,0,80.35
ITEM0002742,TXN001791,PRD0053,1,62.29,0.08,57.31
ITEM0002743,TXN001792,PRD0038,1,457.54,0,457.54
ITEM0002744,TXN001792,PRD0048,1,94.61,0,94.61
ITEM0002745,TXN001792,PRD0049,1,88.64,0.08,81.55
ITEM0002746,TXN001793,PRD0047,1,80.8,0.15,68.68
ITEM0002747,TXN001793,PRD0048,1,94.61,0,94.61
ITEM0002748,TXN001794,PRD0044,2,640.34,0,1280.68
ITEM0002749,TXN001795,PRD0034,1,391.51,0.08,360.19
ITEM0002750,TXN001795,PRD0024,1,1107.82,0.08,1019.19
ITEM0002751,TXN001796,PRD0030,1,216.23,0,216.23
ITEM0002752,TXN001796,PRD0020,1,1171.54,0.05,1112.96
ITEM0002753,TXN001797,PRD0012,1,696.97,0.05,662.12
ITEM0002754,TXN001798,PRD0032,1,360.62,0.05,342.59
ITEM0002755,TXN001799,PRD0011,1,1081.28,0,1081.28
ITEM0002756,TXN001799,PRD0026,2,947.34,0,1894.68
ITEM0002757,TXN001800,PRD0035,2,233.42,0.05,443.5
ITEM0002758,TXN001801,PRD0027,1,993.9,0,993.9
ITEM0002759,TXN001802,PRD0028,1,250.72,0,250.72
ITEM0002760,TXN001802,PRD0032,2,360.62,0,721.24
ITEM0002761,TXN001802,PRD0022,1,697.51,0.15,592.88
ITEM0002762,TXN001803,PRD0027,1,993.9,0.08,914.39
ITEM0002763,TXN001804,PRD0034,1,391.51,0,391.51
ITEM0002764,TXN001804,PRD0025,2,1072.0,0.1,1929.6
ITEM0002765,TXN001805,PRD0029,1,355.31,0,355.31
ITEM0002766,TXN001806,PRD0021,2,944.7,0,1889.4
ITEM0002767,TXN001807,PRD0017,1,911.77,0,911.77
ITEM0002768,TXN001808,PRD0069,1,377.5,0.08,347.3
ITEM0002769,TXN001808,PRD0070,1,334.06,0,334.06
ITEM0002770,TXN001809,PRD0065,1,299.29,0,299.29
ITEM0002771,TXN001810,PRD0028,1,250.72,0,250.72
ITEM0002772,TXN001810,PRD0010,1,916.91,0.15,779.37
ITEM0002773,TXN001811,PRD0012,1,696.97,0,696.97
ITEM0002774,TXN001812,PRD0011,1,1081.28,0.08,994.78
ITEM0002775,TXN001813,PRD0004,1,895.9,0,895.9
ITEM0002776,TXN001814,PRD0031,1,263.54,0.05,250.36
ITEM0002777,TXN001815,PRD0017,2,911.77,0.08,1677.66
ITEM0002778,TXN001816,PRD0025,1,1072.0,0,1072.0
ITEM0002779,TXN001817,PRD0009,1,684.34,0.1,615.91
ITEM0002780,TXN001818,PRD0013,1,986.04,0,986.04
ITEM0002781,TXN001819,PRD0001,1,864.11,0,864.11
ITEM0002782,TXN001820,PRD0037,1,531.45,0,531.45
ITEM0002783,TXN001821,PRD0066,1,440.6,0.05,418.57
ITEM0002784,TXN001822,PRD0064,1,332.01,0,332.01
ITEM0002785,TXN001823,PRD0011,1,1081.28,0,1081.28
ITEM0002786,TXN001824,PRD0027,1,993.9,0,993.9
ITEM0002787,TXN001824,PRD0014,2,601.24,0,1202.48
ITEM0002788,TXN001825,PRD0004,1,895.9,0.1,806.31
ITEM0002789,TXN001826,PRD0006,1,670.27,0,670.27
ITEM0002790,TXN001826,PRD0010,1,916.91,0.05,871.06
ITEM0002791,TXN001827,PRD0063,2,351.51,0,703.02
ITEM0002792,TXN001828,PRD0006,2,670.27,0.08,1233.3
ITEM0002793,TXN001828,PRD0008,1,597.78,0,597.78
ITEM0002794,TXN001828,PRD0003,1,547.04,0,547.04
ITEM0002795,TXN001829,PRD0018,1,965.82,0,965.82
ITEM0002796,TXN001830,PRD0070,1,334.06,0,334.06
ITEM0002797,TXN001830,PRD0016,1,1011.7,0,1011.7
ITEM0002798,TXN001831,PRD0060,1,556.75,0.05,528.91
ITEM0002799,TXN001832,PRD0012,1,696.97,0,696.97
ITEM0002800,TXN001832,PRD0065,1,299.29,0.12,263.38
ITEM0002801,TXN001833,PRD0059,1,369.05,0.08,339.53
ITEM0002802,TXN001834,PRD0020,1,1171.54,0.08,1077.82
ITEM0002803,TXN001835,PRD0026,1,947.34,0,947.34
ITEM0002804,TXN001836,PRD0053,1,62.29,0.08,57.31
ITEM0002805,TXN001837,PRD0037,2,531.45,0,1062.9
ITEM0002806,TXN001838,PRD0041,1,379.86,0,379.86
ITEM0002807,TXN001838,PRD0067,1,298.53,0,298.53
ITEM0002808,TXN001839,PRD0049,1,88.64,0,88.64
ITEM0002809,TXN001840,PRD0061,1,516.06,0,516.06
ITEM0002810,TXN001841,PRD0037,1,531.45,0.05,504.88
ITEM0002811,TXN001842,PRD0048,1,94.61,0,94.61
ITEM0002812,TXN001842,PRD0047,1,80.8,0.15,68.68
ITEM0002813,TXN001843,PRD0042,1,471.23,0.12,414.68
ITEM0002814,TXN001843,PRD0050,2,80.02,0.15,136.03
ITEM0002815,TXN001843,PRD0048,1,94.61,0.08,87.04
ITEM0002816,TXN001844,PRD0040,1,561.8,0.05,533.71
ITEM0002817,TXN001845,PRD0054,1,83.36,0.1,75.02
ITEM0002818,TXN001846,PRD0054,1,83.36,0,83.36
ITEM0002819,TXN001847,PRD0046,1,75.23,0.1,67.71
ITEM0002820,TXN001848,PRD0050,1,80.02,0.12,70.42
ITEM0002821,TXN001848,PRD0032,1,360.62,0,360.62
ITEM0002822,TXN001849,PRD0060,1,556.75,0,556.75
ITEM0002823,TXN001850,PRD0067,1,298.53,0,298.53
ITEM0002824,TXN001851,PRD0062,2,484.0,0,968.0
ITEM0002825,TXN001852,PRD0070,1,334.06,0,334.06
ITEM0002826,TXN001853,PRD0024,1,1107.82,0,1107.82
ITEM0002827,TXN001854,PRD0071,1,523.89,0,523.89
ITEM0002828,TXN001855,PRD0069,1,377.5,0,377.5
ITEM0002829,TXN001856,PRD0063,1,351.51,0.15,298.78
ITEM0002830,TXN001857,PRD0066,1,440.6,0,440.6
ITEM0002831,TXN001858,PRD0069,1,377.5,0.08,347.3
ITEM0002832,TXN001858,PRD0072,1,470.7,0,470.7
ITEM0002833,TXN001858,PRD0067,1,298.53,0.05,283.6
ITEM0002834,TXN001859,PRD0010,1,916.91,0,916.91
ITEM0002835,TXN001860,PRD0025,1,1072.0,0.15,911.2
ITEM0002836,TXN001861,PRD0021,1,944.7,0.12,831.34
ITEM0002837,TXN001862,PRD0033,1,296.94,0,296.94
ITEM0002838,TXN001863,PRD0004,1,895.9,0,895.9
ITEM0002839,TXN001864,PRD0009,1,684.34,0,684.34
ITEM0002840,TXN001864,PRD0010,1,916.91,0,916.91
ITEM0002841,TXN001865,PRD0059,2,369.05,0,738.1
ITEM0002842,TXN001865,PRD0069,1,377.5,0,377.5
ITEM0002843,TXN001866,PRD0059,1,369.05,0.05,350.6
ITEM0002844,TXN001866,PRD0041,2,379.86,0,759.72
ITEM0002845,TXN001867,PRD0026,1,947.34,0,947.34
ITEM0002846,TXN001867,PRD0026,1,947.34,0.1,852.61
ITEM0002847,TXN001867,PRD0022,1,697.51,0,697.51
ITEM0002848,TXN001868,PRD0021,1,944.7,0.05,897.47
ITEM0002849,TXN001868,PRD0036,1,359.94,0,359.94
ITEM0002850,TXN001869,PRD0006,1,670.27,0,670.27
ITEM0002851,TXN001870,PRD0005,1,771.34,0,771.34
ITEM0002852,TXN001871,PRD0039,1,685.21,0,685.21
ITEM0002853,TXN001872,PRD0016,1,1011.7,0,1011.7
ITEM0002854,TXN001873,PRD0019,2,1011.51,0.12,1780.26
ITEM0002855,TXN001874,PRD0019,1,1011.51,0,1011.51
ITEM0002856,TXN001874,PRD0070,1,334.06,0.12,293.97
ITEM0002857,TXN001874,PRD0021,2,944.7,0.08,1738.25
ITEM0002858,TXN001875,PRD0035,1,233.42,0,233.42
ITEM0002859,TXN001876,PRD0025,1,1072.0,0.12,943.36
ITEM0002860,TXN001876,PRD0036,1,359.94,0.12,316.75
ITEM0002861,TXN001877,PRD0041,2,379.86,0,759.72
ITEM0002862,TXN001878,PRD0039,1,685.21,0,685.21
ITEM0002863,TXN001879,PRD0041,1,379.86,0.05,360.87
ITEM0002864,TXN001880,PRD0039,1,685.21,0.08,630.39
ITEM0002865,TXN001881,PRD0034,1,391.51,0.05,371.93
ITEM0002866,TXN001881,PRD0044,1,640.34,0.15,544.29
ITEM0002867,TXN001881,PRD0052,1,80.35,0,80.35
ITEM0002868,TXN001882,PRD0016,1,1011.7,0,1011.7
ITEM0002869,TXN001883,PRD0016,2,1011.7,0,2023.4
ITEM0002870,TXN001884,PRD0013,1,986.04,0,986.04
ITEM0002871,TXN001884,PRD0008,1,597.78,0.08,549.96
ITEM0002872,TXN001884,PRD0041,1,379.86,0.08,349.47
ITEM0002873,TXN001885,PRD0008,1,597.78,0,597.78
ITEM0002874,TXN001885,PRD0056,1,516.08,0,516.08
ITEM0002875,TXN001886,PRD0028,1,250.72,0,250.72
ITEM0002876,TXN001887,PRD0011,1,1081.28,0,1081.28
ITEM0002877,TXN001887,PRD0049,1,88.64,0,88.64
ITEM0002878,TXN001887,PRD0012,1,696.97,0.05,662.12
ITEM0002879,TXN001888,PRD0023,1,1103.32,0.05,1048.15
ITEM0002880,TXN001889,PRD0025,1,1072.0,0,1072.0
ITEM0002881,TXN001890,PRD0030,1,216.23,0,216.23
ITEM0002882,TXN001891,PRD0059,1,369.05,0.05,350.6
ITEM0002883,TXN001892,PRD0019,1,1011.51,0.05,960.93
ITEM0002884,TXN001892,PRD0029,1,355.31,0.15,302.01
ITEM0002885,TXN001893,PRD0033,1,296.94,0.05,282.09
ITEM0002886,TXN001894,PRD0022,2,697.51,0,1395.02
ITEM0002887,TXN001894,PRD0024,1,1107.82,0,1107.82
ITEM0002888,TXN001895,PRD0055,2,433.02,0,866.04
ITEM0002889,TXN001896,PRD0033,1,296.94,0,296.94
ITEM0002890,TXN001897,PRD0030,1,216.23,0,216.23
ITEM0002891,TXN001897,PRD0024,1,1107.82,0,1107.82
ITEM0002892,TXN001898,PRD0033,1,296.94,0.12,261.31
ITEM0002893,TXN001899,PRD0032,1,360.62,0.15,306.53
ITEM0002894,TXN001900,PRD0028,1,250.72,0.05,238.18
ITEM0002895,TXN001900,PRD0029,1,355.31,0.1,319.78
ITEM0002896,TXN001901,PRD0032,2,360.62,0,721.24
ITEM0002897,TXN001902,PRD0023,1,1103.32,0.1,992.99
ITEM0002898,TXN001903,PRD0047,1,80.8,0,80.8
ITEM0002899,TXN001904,PRD0040,2,561.8,0,1123.6
ITEM0002900,TXN001904,PRD0040,2,561.8,0.15,955.06
ITEM0002901,TXN001905,PRD0049,1,88.64,0,88.64
ITEM0002902,TXN001906,PRD0045,2,559.98,0.05,1063.96
ITEM0002903,TXN001907,PRD0053,1,62.29,0,62.29
ITEM0002904,TXN001907,PRD0012,1,696.97,0,696.97
ITEM0002905,TXN001908,PRD0053,2,62.29,0,124.58
ITEM0002906,TXN001909,PRD0024,2,1107.82,0,2215.64
ITEM0002907,TXN001909,PRD0059,1,369.05,0,369.05
ITEM0002908,TXN001910,PRD0068,2,481.55,0,963.1
ITEM0002909,TXN001910,PRD0035,2,233.42,0,466.84
ITEM0002910,TXN001910,PRD0056,1,516.08,0,516.08
ITEM0002911,TXN001911,PRD0072,1,470.7,0,470.7
ITEM0002912,TXN001911,PRD0071,1,523.89,0.1,471.5
